ClientID,Sistema,Ciudad,Email,Telefono,Fecha_Alta,Estado,DOCUMENTO
1001,SGA,Sevilla,maria35@yahoo.com,590165,3/11/2022,Activo,967422
1002,ERP,Madrid,sofia66@yahoo.com,98177777,27/8/2023,Activo,300501
1003,ERP,Sevilla,elena29@yahoo.com,0,3/10/2025,Activo,711874
1004,ERP,Barcelona,,979514,4/8/2025,Activo,185092
5907,CRM,Zaragoza,javier79@gmail.com,197872,2/3/2020,Act.,431559
1006,CRM,Sevilla,,753880,26/1/2021,Activo,530522
1007,ERP,Barcelona,,98177777,16/9/2025,Act.,429266
1008,POS,Málaga,maria75@hotmail.com,287782,20/10/2024,Activo,578241
1009,CRM,Sevilla,lucia13@yahoo.com,179789,22/8/2020,Actvo,
1010,POS,Madrid,pedro55@outlook.com,961729,12/2/2022,Activo,874773
1011,POS,Barcelona,javier59@gmail.com,128480,8/9/2020,Act.,765727
1012,ERP,Zaragoza,maria38@gmail.com,433768,28/11/2021,Activo,
1013,POS,Sevilla,carlos55@gmail.com,746450,4/10/2022,Activo,580915
5260,POS,Barcelona,maria56@gmail.com,885749,7/8/2023,Activo,392662
1015,POS,Zaragoza,sofia29@yahoo.com,283950,20/4/2024,Activo,820144
1016,ERP,Málaga,ana86@yahoo.com,98177777,15/11/2025,Activo,476482
1017,ERP,Madrid,pedro95@outlook.com,353610,6/12/2023,Activo,465158
4199,CRM,Sevilla,carlos54@gmail.com,845668,10/11/2023,Activo,892473
1019,CRM,Málaga,elena94@outlook.com,711410,25/3/2024,Activo,435135
1020,POS,Valencia,marta19@gmail.com,543994,22/10/2021,Activo,896205
1021,ERP,Madrid,pedro93@yahoo.com,913031,3/2/2022,Act.,572043
1022,ERP,Madrid,diego67@hotmail.com,463828,6/11/2021,Activo,641221
1023,POS,Madrid,maria83@hotmail.com,663357,18/8/2025,Activo,810442
1024,CRM,Madrid,carlos28@gmail.com,696305,1/8/2024,Actvo,590716
1025,ERP,Zaragoza,pedro33@hotmail.com,975313,7/12/2025,Activo,627785
1026,CRM,Málaga,elena64@hotmail.com,,10/5/2022,Activo,664182
1027,POS,Valencia,diego87@outlook.com,920443,26/2/2024,Activo,716371
1028,ERP,Sevilla,javier41@hotmail.com,738404,13/11/2025,Activo,272744
1029,POS,Madrid,elena78@hotmail.com,976373,19/11/2025,Activo,865374
1030,SGA,Sevilla,lucia59@gmail.com,341691,9/11/2022,Activo,937872
1031,POS,Barcelona,diego77@yahoo.com,420385,1/10/2025,Activo,
1032,POS,Málaga,lucia56@gmail.com,785459,27/3/2023,Activo,876226
1033,POS,Málaga,juan56@hotmail.com,256024,22/2/2023,Activo,
1034,ERP,Madrid,maria17@outlook.com,496934,28/4/2023,Activo,812126
1035,POS,Madrid,pedro47@hotmail.com,286305,17/6/2030,Activo,390698
1036,POS,Málaga,luis63@yahoo.com,296944,2/6/2024,Activo,
1037,SGA,Sevilla,lucia17@yahoo.com,300608,5/6/2020,Activo,425431
1038,ERP,Valencia,marta28@hotmail.com,414476,26/1/2020,Activo,171356
1039,SGA,Barcelona,marta64@outlook.com,664970,21/9/2021,Act.,920291
1040,POS,Málaga,,349697,1/8/2020,Activo,522085
1041,ERP,Valencia,sofia19@hotmail.com,595598,9/5/2022,Act.,
1042,SGA,Sevilla,pedro13@yahoo.com,873406,14/7/2020,Act.,801147
1043,POS,Zaragoza,maria41@gmail.com,557367,20/7/2025,Activo,826506
1044,CRM,Madrid,,366759,15/11/2020,Activo,
1045,SGA,Zaragoza,diego29@yahoo.com,632393,3/12/2025,Activo,199382
1046,ERP,Málaga,pedro77@outlook.com,947640,9/4/2020,Activo,124102
1047,SGA,Sevilla,marta53@hotmail.com,401958,25/2/2028,Activo,425714
1048,SGA,Sevilla,marta11@outlook.com,361189,13/11/2023,Activo,528715
1049,SGA,Sevilla,juan92@gmail.com,285173,13/12/2022,Activo,647164
1050,CRM,Sevilla,pedro74@yahoo.com,750350,14/11/2023,Activo,386703
1051,ERP,Málaga,,681419,12/12/2021,Activo,554456
1052,ERP,Madrid,javier68@outlook.com,121835,24/3/2023,Act.,406545
1053,ERP,Zaragoza,luis49@yahoo.com,314121,16/5/2020,Activo,621734
1054,POS,Barcelona,pedro44@gmail.com,973321,11/1/2022,Activo,
1055,ERP,Madrid,pedro37@hotmail.com,98177777,20/1/2025,Act.,675263
1056,ERP,Sevilla,lucia60@yahoo.com,271011,5/4/2024,Activo,186155
1057,CRM,Málaga,luis87@gmail.com,993978,26/5/2023,Activo,
1058,POS,Sevilla,elena71@outlook.com,648470,25/12/2022,Activo,
1582,POS,Madrid,diego58@yahoo.com,491347,23/8/2023,Activo,
1060,SGA,Zaragoza,,602901,27/2/2022,Activo,916408
1061,POS,Zaragoza,diego34@outlook.com,108657,8/8/2020,Activo,
1062,POS,Valencia,maria56@outlook.com,547658,11/4/2022,Activo,442149
1063,CRM,Valencia,,734440,6/9/2023,Activo,149289
1064,ERP,Málaga,luis23@gmail.com,542446,23/9/2023,Act.,791654
5544,POS,Valencia,juan49@yahoo.com,319707,5/10/2024,Activo,924002
1066,POS,Sevilla,javier14@yahoo.com,200795,26/11/2022,Activo,586099
1067,CRM,Madrid,sofia82@gmail.com,593170,28/1/2020,Activo,422917
1068,POS,Málaga,elena15@gmail.com,146977,14/7/2024,Activo,791438
1069,POS,Málaga,carlos11@outlook.com,230653,2/4/2023,Activo,655862
1070,CRM,Madrid,diego74@yahoo.com,648440,2/6/2022,Activo,743368
1071,SGA,Valencia,diego55@yahoo.com,139463,4/2/2024,Activo,789196
1072,SGA,Zaragoza,maria52@hotmail.com,936941,21/11/2024,Activo,729899
1073,POS,Valencia,luis22@yahoo.com,387277,14/11/2024,Activo,812314
1074,POS,Madrid,,633367,19/5/2020,Act.,
1075,ERP,Sevilla,elena85@gmail.com,322577,19/10/2020,Activo,913483
1076,POS,Valencia,pedro97@hotmail.com,398636,18/8/2023,Activo,
4755,ERP,Málaga,,740177,27/2/2021,Activo,338634
1078,SGA,Barcelona,marta39@yahoo.com,799360,20/9/2024,Activo,206011
1079,POS,Barcelona,javier28@yahoo.com,554702,22/8/2022,Activo,563796
1917,POS,Zaragoza,luis76@outlook.com,717656,23/8/2024,Activo,876665
1081,CRM,Madrid,pedro53@outlook.com,707535,18/9/2021,Act.,718543
1082,POS,Sevilla,diego15@hotmail.com,117197,9/4/2024,Act.,373806
1083,SGA,Málaga,sofia87@gmail.com,211664,13/9/2024,Act.,701474
1084,POS,Barcelona,sofia90@hotmail.com,994804,22/7/2023,Act.,589806
1085,ERP,Valencia,juan28@outlook.com,123329,9/9/2025,Activo,
1086,POS,Málaga,maria73@gmail.com,996653,8/1/2020,Activo,227099
1087,ERP,Sevilla,pedro47@yahoo.com,153991,19/12/2022,Act.,
1088,CRM,Madrid,,,9/8/2024,Act.,300958
1089,POS,Málaga,ana21@gmail.com,561703,12/1/2021,Activo,
1090,CRM,Málaga,elena43@hotmail.com,184718,28/4/2021,Activo,905100
1091,CRM,Valencia,elena93@yahoo.com,,24/11/2022,Activo,356965
1092,POS,Sevilla,sofia72@gmail.com,937204,13/8/2024,Activo,187805
1093,ERP,Madrid,carlos61@hotmail.com,934789,3/5/2028,Activo,474628
1094,POS,Málaga,javier26@hotmail.com,850596,18/3/2023,Activo,955208
1095,ERP,Sevilla,sofia50@outlook.com,569794,10/10/2020,Activo,634883
1096,CRM,Málaga,diego74@hotmail.com,511239,21/4/2023,Act.,274117
1097,SGA,Barcelona,javier15@gmail.com,475910,26/6/2022,Activo,723564
1098,POS,Barcelona,lucia99@gmail.com,863253,22/11/2021,Activo,
1099,SGA,Madrid,maria47@hotmail.com,784320,22/2/2024,Activo,159631
1100,ERP,Barcelona,diego19@yahoo.com,669187,14/11/2024,Activo,
1101,POS,Madrid,elena95@gmail.com,542894,3/4/2025,Activo,895794
1102,SGA,Málaga,elena92@hotmail.com,819559,27/10/2020,Activo,307419
1103,SGA,Zaragoza,pedro23@hotmail.com,98177777,17/12/2021,Activo,262064
1104,POS,Barcelona,lucia61@outlook.com,406741,13/10/2020,Activo,499856
1105,SGA,Sevilla,,858334,9/8/2022,Activo,591778
1106,POS,Sevilla,sofia72@yahoo.com,314339,14/12/2024,Activo,951986
1107,SGA,Madrid,elena24@outlook.com,317566,9/1/2025,Activo,920032
1108,CRM,Zaragoza,luis29@hotmail.com,485810,26/9/2020,Activo,320185
1109,POS,Málaga,lucia50@gmail.com,770733,20/4/2021,Activo,430513
1110,CRM,Valencia,diego17@outlook.com,703438,16/9/2020,Activo,
1111,CRM,Sevilla,elena37@gmail.com,119552,28/12/2020,Activo,262357
1112,SGA,Zaragoza,juan97@hotmail.com,391754,20/11/2024,Act.,176587
1113,ERP,Sevilla,javier32@gmail.com,117447,20/1/2030,Activo,370359
1114,CRM,Madrid,carlos61@gmail.com,919503,22/1/2024,Activo,
1115,CRM,Madrid,marta67@hotmail.com,998495,3/5/2020,Act.,
1116,CRM,Valencia,javier43@yahoo.com,929410,14/11/2025,Activo,128331
1117,ERP,Madrid,maria64@outlook.com,608006,13/2/2023,Activo,129116
1118,ERP,Valencia,carlos31@yahoo.com,147774,22/3/2022,Activo,612544
1119,CRM,Málaga,diego71@hotmail.com,846515,6/1/2023,Activo,
1120,ERP,Madrid,pedro99@hotmail.com,377131,2/9/2022,Activo,781170
1765,ERP,Sevilla,marta83@hotmail.com,934042,24/9/2022,Activo,155320
1122,ERP,Madrid,luis86@yahoo.com,175603,18/3/2025,Activo,477991
1123,POS,Barcelona,,837157,1/5/2023,Act.,285111
1124,CRM,Málaga,sofia28@outlook.com,275970,16/12/2025,Activo,
1125,ERP,Málaga,marta50@gmail.com,940472,11/12/2022,Activo,377640
1126,POS,Zaragoza,elena28@hotmail.com,415267,1/1/2021,Activo,544419
1127,SGA,Sevilla,maria96@hotmail.com,985506,3/6/2024,Activo,559002
1128,SGA,Málaga,marta10@hotmail.com,158402,28/7/2022,Activo,356213
1129,ERP,Zaragoza,pedro91@hotmail.com,815641,19/9/2021,Activo,483293
1130,CRM,Barcelona,sofia22@gmail.com,665095,25/3/2024,Activo,687766
1131,ERP,Málaga,lucia63@yahoo.com,840006,10/11/2023,Activo,242699
1132,SGA,Zaragoza,lucia54@yahoo.com,548614,9/11/2024,Activo,545036
1133,CRM,Barcelona,javier83@gmail.com,892272,9/10/2022,Act.,
1134,CRM,Madrid,ana12@outlook.com,971284,28/9/2021,Activo,213946
1135,SGA,Madrid,luis25@hotmail.com,927940,12/2/2020,Activo,427858
1136,POS,Málaga,elena62@hotmail.com,98177777,3/1/2023,Activo,751347
1137,POS,Barcelona,luis64@outlook.com,892593,8/4/2024,Activo,740794
1138,ERP,Sevilla,pedro68@hotmail.com,778245,27/3/2023,Activo,870240
1139,CRM,Málaga,luis86@yahoo.com,356370,25/8/2023,Activo,930583
1140,ERP,Madrid,diego46@hotmail.com,526984,2/9/2022,Activo,659875
1141,CRM,Sevilla,marta89@gmail.com,154285,28/11/2024,Act.,967204
1142,SGA,Zaragoza,maria21@gmail.com,305376,6/4/2025,Activo,319838
1143,CRM,Madrid,diego23@hotmail.com,467834,12/12/2021,Activo,911575
1144,CRM,Barcelona,sofia79@gmail.com,855069,23/5/2021,Activo,432115
1145,SGA,Málaga,luis84@gmail.com,122791,3/4/2020,Activo,261715
1146,POS,Málaga,diego37@yahoo.com,991450,4/2/2022,Act.,233433
1147,SGA,Barcelona,luis58@gmail.com,560613,16/7/2020,Activo,755219
1148,CRM,Madrid,elena25@outlook.com,495703,22/6/2020,Actvo,659790
1149,SGA,Barcelona,elena62@hotmail.com,188142,7/10/2022,Activo,
1150,CRM,Málaga,,740040,12/4/2021,Activo,708729
1151,POS,Madrid,lucia74@outlook.com,101608,16/6/2028,Act.,788818
1152,POS,Valencia,javier43@outlook.com,773920,20/8/2023,Act.,132924
1153,CRM,Madrid,diego96@yahoo.com,486791,11/3/2021,Activo,300806
1154,POS,Sevilla,,842510,22/12/2022,Activo,464209
1155,SGA,Zaragoza,juan11@gmail.com,467293,8/5/2020,Activo,721975
1156,POS,Barcelona,ana76@outlook.com,895855,24/4/2025,Activo,464708
1157,ERP,Zaragoza,sofia65@yahoo.com,326738,16/10/2022,Activo,827359
1158,POS,Madrid,diego34@hotmail.com,535110,14/3/2023,Activo,802192
1159,ERP,Madrid,sofia64@yahoo.com,303741,7/4/2020,Activo,759115
1917,SGA,Madrid,diego32@hotmail.com,326106,14/12/2025,Activo,776163
1161,POS,Sevilla,luis30@hotmail.com,813034,11/6/2020,Act.,643027
1162,POS,Zaragoza,marta26@gmail.com,759415,10/9/2022,Activo,
1163,POS,Zaragoza,diego90@outlook.com,522540,2/8/2024,Activo,
1164,SGA,Barcelona,pedro51@yahoo.com,726785,6/9/2022,Activo,431509
1165,SGA,Madrid,juan65@gmail.com,874635,24/6/2025,Act.,
1166,ERP,Barcelona,sofia29@gmail.com,343929,6/10/2025,Act.,797987
1167,CRM,Sevilla,luis20@hotmail.com,175433,24/8/2030,Actvo,714370
1168,SGA,Valencia,,257851,25/3/2022,Activo,761076
1169,POS,Málaga,elena91@outlook.com,488794,28/9/2025,Activo,947558
1170,ERP,Málaga,javier38@outlook.com,542162,7/7/2027,Activo,371840
1171,POS,Sevilla,lucia58@outlook.com,98177777,12/6/2025,Activo,962395
1172,POS,Valencia,carlos20@yahoo.com,878866,5/7/2021,Act.,237898
5820,SGA,Madrid,javier84@gmail.com,570279,23/11/2023,Activo,394124
1174,CRM,Málaga,sofia25@gmail.com,978914,15/6/2020,Activo,596355
1175,POS,Zaragoza,carlos33@gmail.com,568189,3/6/2021,Activo,605857
1176,SGA,Zaragoza,,474685,21/8/2021,Activo,916426
1177,ERP,Barcelona,lucia60@gmail.com,548798,27/5/2022,Activo,692963
1178,POS,Valencia,juan62@gmail.com,533561,15/8/2023,Activo,932908
1179,ERP,Barcelona,javier19@yahoo.com,506977,28/12/2025,Activo,135571
1180,SGA,Madrid,diego50@hotmail.com,511475,22/7/2023,Act.,396025
1181,SGA,Zaragoza,pedro48@gmail.com,428373,3/4/2024,Act.,151179
1182,SGA,Barcelona,javier82@gmail.com,634186,19/9/2024,Activo,505308
1183,SGA,Valencia,ana54@hotmail.com,681192,1/12/2022,Activo,635858
1184,SGA,Madrid,sofia79@gmail.com,734864,8/9/2024,Activo,509127
1185,CRM,Madrid,marta42@gmail.com,619986,18/12/2021,Actvo,555491
1186,ERP,Valencia,juan78@gmail.com,619879,23/3/2021,Activo,877745
1187,CRM,Barcelona,pedro37@outlook.com,492517,22/10/2022,Activo,481843
1188,ERP,Sevilla,lucia13@outlook.com,817371,15/12/2021,Activo,941300
1189,POS,Barcelona,maria98@yahoo.com,351057,25/11/2023,Activo,585110
1190,POS,Málaga,elena35@gmail.com,980081,9/5/2021,Activo,923297
1191,ERP,Valencia,luis93@outlook.com,450520,21/6/2021,Activo,689794
1192,POS,Zaragoza,elena65@hotmail.com,471344,6/3/2028,Activo,783238
1193,POS,Barcelona,carlos32@yahoo.com,567796,26/5/2022,Activo,784955
2583,POS,Sevilla,marta45@hotmail.com,925451,22/5/2021,Act.,121703
1195,CRM,Barcelona,sofia49@yahoo.com,965942,19/10/2023,Activo,246500
1196,CRM,Zaragoza,marta72@hotmail.com,889826,4/4/2023,Activo,987560
1197,SGA,Madrid,diego86@outlook.com,599330,3/9/2023,Activo,590511
1198,ERP,Barcelona,sofia23@hotmail.com,540288,2/12/2024,Activo,477971
1199,POS,Madrid,sofia55@outlook.com,395061,26/11/2024,Activo,471434
1200,ERP,Málaga,maria67@yahoo.com,98177777,9/6/2023,Activo,732346
1201,SGA,Zaragoza,luis42@hotmail.com,123621,22/9/2025,Activo,197077
1202,SGA,Sevilla,javier77@outlook.com,603335,5/10/2023,Activo,163382
1203,POS,Barcelona,maria33@outlook.com,471920,5/10/2025,Activo,744346
2470,SGA,Madrid,pedro55@yahoo.com,98177777,13/1/2021,Activo,953812
1205,POS,Sevilla,,467769,16/9/2023,Activo,983328
1206,SGA,Madrid,ana28@outlook.com,192554,26/2/2021,Act.,365155
1207,SGA,Madrid,ana98@gmail.com,98177777,14/11/2020,Activo,561751
1208,POS,Madrid,lucia69@outlook.com,903765,12/7/2025,Activo,516430
1209,SGA,Barcelona,luis18@hotmail.com,914697,21/7/2022,Act.,478083
1210,SGA,Madrid,lucia77@yahoo.com,752204,21/1/2023,Activo,932583
1211,SGA,Málaga,carlos87@gmail.com,927081,20/5/2021,Act.,
1212,ERP,Málaga,javier63@hotmail.com,98177777,11/3/2024,Activo,311069
1213,CRM,Zaragoza,ana35@yahoo.com,698711,20/10/2020,Activo,513392
1214,ERP,Valencia,,874346,22/9/2024,Activo,328177
1215,SGA,Sevilla,juan45@hotmail.com,98177777,13/1/2020,Act.,161569
1216,CRM,Málaga,elena31@outlook.com,517782,1/8/2024,Activo,342367
1217,ERP,Sevilla,lucia83@gmail.com,630831,24/3/2021,Act.,826185
5598,ERP,Málaga,javier83@gmail.com,881047,23/7/2030,Act.,411581
1219,ERP,Barcelona,carlos26@hotmail.com,376186,17/1/2022,Activo,765448
1220,POS,Barcelona,,650852,18/11/2022,Activo,656965
1221,SGA,Barcelona,luis15@outlook.com,939374,26/5/2023,Activo,380428
1222,SGA,Málaga,maria70@gmail.com,789150,5/2/2021,Activo,582270
1223,CRM,Valencia,diego48@outlook.com,357951,14/12/2023,Activo,474852
1224,ERP,Zaragoza,ana61@gmail.com,289051,28/7/2024,Activo,354591
1225,SGA,Sevilla,ana73@gmail.com,809711,26/4/2020,Act.,924556
1226,ERP,Sevilla,marta68@hotmail.com,531612,23/10/2024,Activo,720264
1945,SGA,Barcelona,maria57@gmail.com,133440,2/5/2022,Activo,697592
1228,ERP,Barcelona,,803706,23/4/2030,Activo,375317
1229,SGA,Zaragoza,,138607,19/8/2023,Activo,937223
1230,CRM,Málaga,,130307,17/12/2021,Activo,832586
1231,ERP,Madrid,ana98@hotmail.com,698338,4/9/2020,Activo,471556
1232,SGA,Zaragoza,maria34@outlook.com,173546,3/9/2023,Activo,471236
1233,CRM,Barcelona,luis10@gmail.com,,9/8/2020,Activo,868654
1234,CRM,Málaga,juan24@gmail.com,422610,23/12/2020,Activo,221608
1235,SGA,Sevilla,maria43@outlook.com,890064,4/3/2022,Activo,860360
1236,ERP,Zaragoza,diego44@yahoo.com,964521,20/12/2023,Activo,214498
1237,POS,Madrid,sofia68@gmail.com,182485,1/4/2025,Activo,401881
1238,CRM,Málaga,pedro84@hotmail.com,902562,7/2/2023,Act.,790746
1239,CRM,Valencia,javier25@yahoo.com,695273,17/2/2020,Activo,560795
1240,SGA,Valencia,javier72@outlook.com,518489,10/3/2021,Activo,654784
1241,POS,Sevilla,marta71@yahoo.com,184252,16/6/2024,Activo,991296
1242,POS,Madrid,carlos20@outlook.com,98177777,3/2/2024,Activo,815941
1243,POS,Zaragoza,lucia94@yahoo.com,433742,26/3/2028,Activo,124818
1244,SGA,Barcelona,maria73@gmail.com,885253,1/5/2022,Activo,728832
1768,ERP,Barcelona,javier37@hotmail.com,925811,5/8/2023,Activo,513283
1246,CRM,Madrid,lucia72@gmail.com,521310,3/9/2020,Actvo,235624
1247,SGA,Zaragoza,sofia77@outlook.com,427112,1/10/2020,Activo,207334
1248,POS,Madrid,carlos68@yahoo.com,593233,2/1/2020,Activo,955324
1249,CRM,Zaragoza,maria26@yahoo.com,197527,15/10/2021,Activo,131875
1250,CRM,Valencia,diego67@yahoo.com,901232,25/6/2023,Activo,390217
1251,POS,Zaragoza,lucia18@outlook.com,635949,28/11/2021,Activo,391677
1252,POS,Zaragoza,javier49@gmail.com,100062,18/11/2028,Act.,508356
1253,CRM,Barcelona,maria24@yahoo.com,583978,22/8/2021,Actvo,484390
1254,CRM,Sevilla,,531603,1/10/2024,Activo,
1255,ERP,Málaga,carlos13@hotmail.com,782516,28/2/2022,Activo,496123
1256,ERP,Málaga,elena55@outlook.com,974401,1/2/2022,Activo,183314
1257,SGA,Barcelona,luis20@outlook.com,254414,13/10/2025,Act.,116680
1258,CRM,Valencia,pedro60@hotmail.com,116591,8/7/2030,Activo,242456
1259,ERP,Madrid,juan66@outlook.com,846601,16/3/2021,Activo,943744
1260,CRM,Barcelona,juan93@hotmail.com,523746,2/11/2022,Activo,853358
1261,POS,Madrid,diego34@outlook.com,729563,2/12/2024,Activo,139700
1262,ERP,Barcelona,pedro86@outlook.com,117590,1/7/2021,Activo,781416
3585,POS,Málaga,elena76@hotmail.com,748884,23/11/2022,Activo,767346
1264,POS,Sevilla,juan92@yahoo.com,98177777,8/4/2022,Activo,473824
1265,POS,Sevilla,lucia24@gmail.com,835454,1/2/2025,Activo,651434
1266,SGA,Barcelona,sofia44@yahoo.com,342805,6/7/2020,Activo,241381
1267,POS,Barcelona,,98177777,2/5/2024,Act.,540400
1268,SGA,Málaga,lucia89@hotmail.com,838587,9/7/2023,Activo,933187
1269,CRM,Madrid,maria38@outlook.com,543351,8/1/2022,Act.,316298
1270,CRM,Madrid,pedro36@outlook.com,996915,22/2/2022,Activo,433809
1271,ERP,Málaga,marta86@outlook.com,98177777,4/4/2021,Activo,327565
1272,ERP,Valencia,maria33@hotmail.com,604552,1/10/2021,Activo,340372
1273,SGA,Valencia,marta40@yahoo.com,753411,2/10/2021,Activo,578996
1274,CRM,Barcelona,maria31@yahoo.com,283223,10/1/2020,Actvo,925792
1275,ERP,Sevilla,elena28@gmail.com,170344,21/4/2025,Activo,561861
1276,ERP,Valencia,diego52@gmail.com,471776,22/7/2021,Activo,326438
1277,ERP,Valencia,carlos19@yahoo.com,98177777,8/10/2030,Activo,907127
1278,CRM,Zaragoza,juan86@outlook.com,657773,8/11/2022,Actvo,296195
1279,ERP,Sevilla,sofia10@hotmail.com,133797,16/5/2024,Act.,
1280,CRM,Madrid,elena24@gmail.com,422466,4/10/2024,Activo,225507
1281,POS,Madrid,sofia97@outlook.com,355470,1/12/2029,Activo,
1282,POS,Málaga,luis74@yahoo.com,719478,4/7/2023,Activo,101483
1283,POS,Madrid,maria22@outlook.com,365636,16/6/2029,Activo,893342
1284,SGA,Zaragoza,ana67@hotmail.com,876627,14/9/2020,Activo,369966
1285,CRM,Barcelona,luis42@hotmail.com,275803,9/7/2020,Activo,758539
1286,ERP,Barcelona,elena11@outlook.com,413767,8/10/2025,Activo,830761
1287,SGA,Madrid,ana76@hotmail.com,967815,12/6/2025,Activo,696902
1288,SGA,Sevilla,javier76@gmail.com,297108,24/12/2023,Act.,501245
1289,POS,Zaragoza,diego38@yahoo.com,375204,28/12/2021,Activo,971697
1290,CRM,Madrid,juan41@hotmail.com,117497,2/2/2025,Activo,620846
1291,ERP,Madrid,marta21@yahoo.com,882556,20/1/2021,Activo,
1292,SGA,Barcelona,diego91@gmail.com,274570,1/2/2022,Activo,599544
1293,ERP,Málaga,javier96@hotmail.com,336904,4/10/2024,Activo,127625
1294,POS,Sevilla,luis32@outlook.com,604208,1/7/2024,Activo,104510
1295,CRM,Zaragoza,ana52@hotmail.com,979024,4/8/2020,Act.,686607
1296,ERP,Zaragoza,carlos49@yahoo.com,186074,15/6/2025,Activo,683127
1297,ERP,Valencia,,884040,19/3/2023,Act.,131794
1298,SGA,Sevilla,ana88@gmail.com,891446,16/11/2020,Activo,695952
1299,ERP,Barcelona,elena82@outlook.com,533711,9/7/2023,Activo,154252
1300,CRM,Málaga,juan73@yahoo.com,621038,21/3/2025,Activo,319773
1301,CRM,Málaga,pedro76@outlook.com,200151,21/9/2022,Activo,589761
1302,ERP,Valencia,javier30@outlook.com,313443,7/12/2023,Activo,969900
1303,SGA,Barcelona,maria47@gmail.com,180063,12/7/2025,Activo,210572
1304,SGA,Madrid,lucia46@gmail.com,297025,28/11/2025,Activo,742043
1305,POS,Valencia,,98177777,16/3/2027,Activo,302134
1306,CRM,Barcelona,diego55@gmail.com,492050,9/9/2020,Activo,388523
1307,POS,Madrid,,538732,1/4/2025,Activo,878123
1308,SGA,Barcelona,carlos74@yahoo.com,660476,11/4/2023,Activo,456395
1309,POS,Málaga,marta44@yahoo.com,466227,25/5/2022,Activo,
1310,SGA,Sevilla,lucia65@gmail.com,752215,26/3/2025,Activo,267676
1311,POS,Barcelona,juan70@outlook.com,913506,28/12/2025,Activo,575915
1312,POS,Sevilla,javier91@hotmail.com,768672,19/8/2022,Activo,491242
1313,CRM,Barcelona,maria43@outlook.com,224704,7/2/2022,Activo,969748
1889,CRM,Madrid,pedro82@hotmail.com,731575,19/6/2024,Activo,128102
1315,POS,Sevilla,ana84@yahoo.com,752862,2/1/2024,Activo,531986
1316,SGA,Zaragoza,lucia42@yahoo.com,160697,1/7/2022,Activo,119437
1317,SGA,Sevilla,lucia48@outlook.com,647896,10/8/2022,Activo,
1318,CRM,Madrid,sofia90@hotmail.com,810322,14/5/2023,Activo,
1319,CRM,Sevilla,diego65@gmail.com,179666,23/3/2021,Actvo,128855
1320,ERP,Barcelona,elena98@outlook.com,680911,14/11/2024,Act.,758773
1321,CRM,Barcelona,javier55@hotmail.com,446336,1/10/2021,Activo,264230
1322,SGA,Zaragoza,elena63@hotmail.com,644031,9/6/2024,Activo,227127
1323,CRM,Sevilla,luis13@hotmail.com,215974,4/5/2025,Activo,986329
1324,ERP,Barcelona,pedro88@outlook.com,461928,10/8/2028,Act.,392842
1325,POS,Sevilla,sofia75@outlook.com,286452,14/1/2020,Act.,357227
1672,POS,Valencia,luis82@outlook.com,315518,16/1/2020,Activo,774423
1327,SGA,Barcelona,,201817,6/3/2022,Activo,697934
1328,ERP,Sevilla,pedro61@gmail.com,426158,11/4/2020,Activo,139638
1329,POS,Málaga,luis68@gmail.com,699722,7/5/2023,Activo,319891
1330,POS,Barcelona,carlos93@gmail.com,98177777,14/3/2024,Activo,
1331,CRM,Málaga,maria47@hotmail.com,902610,1/10/2020,Activo,750831
1332,POS,Valencia,juan25@gmail.com,98177777,16/6/2020,Activo,754140
1333,SGA,Valencia,luis28@hotmail.com,98177777,4/7/2023,Activo,587125
1334,POS,Barcelona,javier91@yahoo.com,658754,20/1/2024,Activo,220573
1335,SGA,Valencia,carlos10@hotmail.com,98177777,9/9/2020,Activo,567119
1336,SGA,Barcelona,lucia24@gmail.com,503889,15/4/2021,Act.,130991
1337,CRM,Madrid,,233310,25/10/2024,Activo,306162
1338,ERP,Málaga,maria76@gmail.com,956089,21/2/2028,Act.,
1339,SGA,Zaragoza,maria70@gmail.com,264611,26/10/2025,Activo,651314
1340,POS,Madrid,elena60@gmail.com,737813,12/7/2021,Activo,932952
1341,POS,Valencia,carlos61@hotmail.com,702127,26/1/2023,Activo,103172
1342,SGA,Barcelona,lucia79@outlook.com,982045,10/7/2023,Activo,396756
3526,POS,Madrid,javier66@gmail.com,900198,27/8/2023,Act.,587437
1344,CRM,Sevilla,javier12@yahoo.com,981240,18/6/2022,Activo,277523
1345,POS,Sevilla,marta94@yahoo.com,206540,2/9/2022,Activo,869911
1346,CRM,Sevilla,marta99@yahoo.com,640027,2/12/2025,Actvo,331772
1347,SGA,Barcelona,carlos47@gmail.com,595118,28/5/2024,Activo,149366
1348,SGA,Valencia,elena57@outlook.com,409531,19/10/2023,Activo,755646
1349,SGA,Barcelona,marta23@hotmail.com,98177777,1/10/2021,Activo,617603
1350,CRM,Valencia,diego28@gmail.com,,17/7/2021,Activo,640723
1351,POS,Zaragoza,maria82@hotmail.com,192401,17/6/2020,Activo,608133
1352,CRM,Barcelona,,187920,9/4/2021,Activo,815938
1353,POS,Málaga,javier93@hotmail.com,772256,11/11/2020,Activo,105123
1354,POS,Zaragoza,,305287,8/3/2025,Activo,702973
1355,CRM,Barcelona,pedro69@hotmail.com,165821,28/12/2023,Actvo,418411
1356,ERP,Zaragoza,pedro55@yahoo.com,140885,11/10/2020,Activo,411087
1357,SGA,Zaragoza,marta77@hotmail.com,947739,28/10/2024,Act.,559001
1358,POS,Barcelona,pedro93@yahoo.com,110761,2/6/2021,Activo,360159
1359,POS,Madrid,marta82@outlook.com,658706,26/10/2020,Activo,752240
1360,CRM,Sevilla,pedro45@outlook.com,,28/6/2023,Activo,512453
1361,ERP,Zaragoza,maria92@hotmail.com,149757,16/4/2025,Activo,286627
1030,SGA,Sevilla,elena87@yahoo.com,876367,22/9/2020,Activo,455589
1363,ERP,Barcelona,luis94@outlook.com,743732,8/9/2022,Act.,
4573,SGA,Zaragoza,ana85@outlook.com,795880,1/2/2025,Activo,402024
1365,POS,Sevilla,diego18@gmail.com,435299,16/8/2024,Activo,240858
1366,POS,Sevilla,,877437,5/12/2020,Activo,
1367,CRM,Valencia,lucia22@gmail.com,553151,19/11/2020,Activo,336941
1368,CRM,Madrid,javier70@outlook.com,939091,11/1/2020,Activo,383524
1369,ERP,Málaga,marta40@gmail.com,418322,19/8/2029,Activo,439689
1370,ERP,Sevilla,pedro59@hotmail.com,685484,16/5/2022,Activo,815106
1371,SGA,Málaga,juan88@outlook.com,292688,12/12/2023,Act.,371843
1372,CRM,Barcelona,marta19@hotmail.com,203054,19/2/2021,Activo,253340
1373,POS,Barcelona,sofia90@gmail.com,743694,17/8/2023,Activo,
1374,CRM,Valencia,ana23@hotmail.com,726997,7/9/2021,Activo,373458
1375,ERP,Sevilla,javier83@yahoo.com,260118,4/12/2022,Activo,410267
1376,CRM,Zaragoza,elena66@outlook.com,,24/6/2023,Activo,310963
1377,POS,Barcelona,marta30@hotmail.com,186018,20/6/2023,Activo,400454
1378,CRM,Zaragoza,lucia21@gmail.com,869384,20/3/2021,Activo,
1379,ERP,Barcelona,javier22@yahoo.com,124020,24/7/2025,Activo,849587
1380,POS,Zaragoza,,209724,16/4/2022,Act.,496004
1381,SGA,Madrid,juan56@hotmail.com,884558,8/8/2021,Activo,135140
1382,SGA,Sevilla,maria53@yahoo.com,771839,22/11/2024,Activo,811757
1383,POS,Madrid,marta92@hotmail.com,745775,22/1/2023,Activo,828735
1384,POS,Madrid,lucia83@hotmail.com,98177777,25/6/2020,Activo,635552
1385,POS,Sevilla,ana89@yahoo.com,98177777,9/2/2022,Activo,830305
1386,ERP,Málaga,elena64@hotmail.com,981015,7/1/2023,Activo,477384
1387,POS,Zaragoza,sofia20@yahoo.com,862010,17/11/2021,Activo,568208
1388,ERP,Madrid,carlos22@gmail.com,238846,19/9/2025,Activo,179037
1389,POS,Sevilla,juan86@outlook.com,362205,18/2/2025,Activo,190222
1390,ERP,Zaragoza,,876002,14/1/2025,Activo,
1391,ERP,Sevilla,carlos42@hotmail.com,661561,21/2/2023,Activo,557970
1392,CRM,Sevilla,maria30@outlook.com,964264,26/1/2022,Activo,258582
1393,SGA,Málaga,,232063,6/4/2021,Activo,403769
1394,POS,Madrid,luis88@outlook.com,187785,15/5/2021,Activo,628486
1395,SGA,Sevilla,juan79@gmail.com,623471,15/4/2020,Activo,347621
1396,SGA,Sevilla,carlos93@gmail.com,769029,7/2/2022,Activo,571876
1397,CRM,Barcelona,,781976,7/5/2022,Activo,432431
1398,SGA,Madrid,lucia52@gmail.com,976251,28/11/2020,Activo,595671
1399,SGA,Zaragoza,luis52@gmail.com,916942,26/7/2021,Activo,
1400,POS,Madrid,maria82@gmail.com,253103,14/2/2025,Activo,392279
1401,ERP,Málaga,maria63@gmail.com,98177777,10/8/2021,Activo,984484
1402,POS,Málaga,elena26@outlook.com,384153,1/8/2023,Activo,
1403,POS,Sevilla,maria14@hotmail.com,938473,18/8/2021,Activo,473685
1404,SGA,Barcelona,javier54@hotmail.com,190544,24/6/2022,Act.,726666
1405,SGA,Barcelona,lucia12@gmail.com,111662,27/6/2023,Activo,254371
1406,POS,Valencia,,341586,28/5/2021,Act.,371245
1407,POS,Valencia,lucia78@hotmail.com,938496,3/11/2023,Activo,559842
1408,SGA,Barcelona,marta12@hotmail.com,764326,17/9/2021,Act.,383542
1409,ERP,Málaga,,235797,13/7/2025,Act.,406944
1410,ERP,Madrid,marta26@hotmail.com,678046,24/1/2029,Activo,
5786,POS,Madrid,luis27@gmail.com,151544,8/9/2020,Activo,310665
1412,ERP,Sevilla,sofia57@outlook.com,265570,10/9/2023,Activo,171588
1413,POS,Málaga,diego17@yahoo.com,148891,17/12/2020,Activo,978709
1414,CRM,Valencia,sofia11@yahoo.com,793117,13/6/2020,Activo,513046
5429,SGA,Barcelona,luis82@gmail.com,986345,17/9/2025,Act.,287101
1416,POS,Málaga,juan41@gmail.com,456096,26/5/2024,Activo,831111
1757,POS,Sevilla,,870720,22/10/2028,Act.,246341
1418,POS,Zaragoza,pedro46@gmail.com,944168,10/5/2025,Activo,974176
1419,ERP,Málaga,sofia93@yahoo.com,585575,6/9/2021,Activo,915198
1420,POS,Zaragoza,pedro87@hotmail.com,251779,14/2/2022,Activo,331290
1421,CRM,Madrid,maria94@gmail.com,192665,23/7/2030,Activo,860494
1422,ERP,Sevilla,,295314,7/7/2020,Activo,318463
1423,SGA,Sevilla,lucia73@outlook.com,950816,9/10/2020,Activo,914024
1424,CRM,Barcelona,lucia66@outlook.com,,17/2/2021,Activo,247831
1425,POS,Málaga,luis47@yahoo.com,636576,25/3/2021,Activo,607266
1426,CRM,Sevilla,carlos50@gmail.com,941840,17/12/2022,Activo,175880
1427,POS,Barcelona,,840815,11/1/2020,Activo,361271
1428,CRM,Valencia,marta89@hotmail.com,762440,25/11/2025,Actvo,
1429,ERP,Málaga,lucia27@yahoo.com,518836,8/5/2025,Activo,457997
1430,POS,Sevilla,luis36@gmail.com,98177777,3/7/2023,Activo,630524
1431,ERP,Málaga,pedro14@yahoo.com,402027,9/10/2023,Activo,465875
1432,CRM,Málaga,javier68@gmail.com,281930,7/9/2023,Act.,220731
1433,POS,Madrid,,972156,18/2/2021,Activo,248752
1434,SGA,Málaga,carlos45@hotmail.com,113415,24/8/2025,Act.,290451
1435,SGA,Madrid,maria17@outlook.com,476032,6/11/2025,Activo,507224
1436,POS,Sevilla,diego73@gmail.com,600281,25/9/2020,Act.,107242
1437,CRM,Málaga,diego66@gmail.com,943729,12/6/2025,Activo,922587
1438,SGA,Valencia,diego33@hotmail.com,736472,19/3/2024,Act.,100880
1439,POS,Zaragoza,javier49@gmail.com,143681,18/4/2028,Activo,449851
1440,SGA,Madrid,ana13@outlook.com,124425,3/4/2020,Activo,950602
1441,POS,Valencia,carlos85@yahoo.com,187484,14/1/2021,Activo,527047
1442,CRM,Sevilla,ana89@hotmail.com,864073,17/5/2025,Activo,148420
1443,CRM,Valencia,marta17@gmail.com,446535,16/9/2020,Actvo,315523
1444,ERP,Málaga,marta96@outlook.com,821221,5/9/2024,Activo,
1445,SGA,Zaragoza,luis69@hotmail.com,136990,1/8/2025,Act.,381718
1446,ERP,Zaragoza,sofia76@outlook.com,98177777,22/5/2020,Activo,
1447,CRM,Zaragoza,diego69@yahoo.com,757462,1/6/2021,Actvo,357834
1448,POS,Barcelona,juan45@outlook.com,552371,19/2/2024,Activo,525367
1449,CRM,Málaga,lucia79@outlook.com,331271,3/3/2025,Activo,298231
1450,CRM,Madrid,diego14@outlook.com,616043,8/8/2021,Activo,640627
1451,POS,Zaragoza,javier42@gmail.com,635246,20/11/2025,Activo,867847
1452,ERP,Valencia,sofia94@outlook.com,499420,19/4/2020,Activo,379935
1453,SGA,Málaga,pedro66@hotmail.com,831126,25/9/2021,Activo,812668
1454,CRM,Madrid,,743136,26/8/2024,Activo,565366
1455,CRM,Zaragoza,,349199,4/5/2022,Actvo,941693
1456,SGA,Málaga,,98177777,8/10/2023,Act.,128954
1457,CRM,Valencia,javier81@yahoo.com,155015,19/9/2021,Actvo,940190
1458,SGA,Madrid,sofia20@outlook.com,234193,25/3/2028,Activo,
2877,SGA,Madrid,luis50@gmail.com,244758,21/5/2023,Activo,
1460,SGA,Sevilla,carlos45@outlook.com,124148,4/11/2023,Activo,495656
1461,POS,Valencia,pedro39@yahoo.com,202432,26/11/2021,Activo,
1462,ERP,Sevilla,sofia93@gmail.com,302930,8/1/2023,Activo,351252
1463,ERP,Zaragoza,javier14@yahoo.com,109564,16/9/2029,Act.,566762
1464,POS,Madrid,elena84@outlook.com,605407,13/8/2027,Activo,
1465,ERP,Valencia,,390554,9/12/2021,Activo,
5161,ERP,Valencia,juan43@outlook.com,568940,18/1/2023,Act.,719973
1467,ERP,Barcelona,,183510,4/3/2028,Activo,
1468,CRM,Málaga,ana79@gmail.com,745292,25/7/2024,Activo,611915
1469,POS,Zaragoza,ana23@gmail.com,98177777,15/5/2023,Activo,397493
1470,ERP,Málaga,maria75@gmail.com,317385,6/4/2024,Activo,687013
1471,POS,Madrid,ana83@outlook.com,896842,21/9/2020,Activo,792393
1472,ERP,Zaragoza,javier63@gmail.com,368803,16/4/2021,Activo,966045
1473,ERP,Málaga,carlos28@gmail.com,646366,26/8/2023,Activo,500112
1474,POS,Barcelona,ana52@hotmail.com,902471,1/12/2021,Activo,836660
1475,SGA,Barcelona,ana70@outlook.com,357836,20/11/2025,Activo,295515
1476,POS,Valencia,pedro57@gmail.com,853148,3/12/2024,Activo,475167
1477,SGA,Barcelona,pedro85@gmail.com,423003,19/10/2029,Activo,842258
1478,CRM,Zaragoza,lucia50@outlook.com,,25/8/2025,Activo,415674
1479,POS,Madrid,diego84@gmail.com,227963,14/10/2025,Activo,874953
5745,SGA,Málaga,pedro58@gmail.com,948171,8/7/2025,Activo,492855
1481,ERP,Sevilla,lucia82@hotmail.com,150100,8/11/2025,Activo,558360
1482,CRM,Málaga,maria77@gmail.com,344694,27/6/2020,Activo,648953
2876,POS,Zaragoza,javier77@hotmail.com,234370,28/9/2021,Act.,897245
1484,SGA,Málaga,lucia83@outlook.com,717112,11/8/2025,Activo,623734
1485,SGA,Barcelona,ana41@outlook.com,197492,16/9/2021,Activo,387366
1486,POS,Málaga,ana24@yahoo.com,528699,23/10/2022,Activo,630479
1487,SGA,Barcelona,diego56@gmail.com,770674,17/4/2024,Activo,345226
1488,POS,Valencia,luis19@outlook.com,98177777,22/9/2021,Activo,362870
1489,SGA,Valencia,sofia39@hotmail.com,864110,15/5/2024,Activo,
1490,ERP,Valencia,lucia82@yahoo.com,789447,6/4/2023,Activo,627552
1491,POS,Zaragoza,lucia62@yahoo.com,617392,2/5/2022,Act.,281530
1492,POS,Málaga,carlos53@outlook.com,98177777,11/1/2023,Activo,843232
1493,CRM,Sevilla,diego63@yahoo.com,635332,16/11/2020,Activo,699736
1494,ERP,Valencia,javier35@yahoo.com,523637,16/9/2022,Activo,763741
1495,POS,Madrid,juan31@gmail.com,654403,26/10/2020,Activo,314910
1496,SGA,Madrid,luis70@gmail.com,533975,13/2/2021,Activo,704233
1497,SGA,Valencia,juan65@gmail.com,447842,15/12/2021,Act.,975034
1498,SGA,Valencia,maria26@hotmail.com,792929,19/5/2027,Activo,981641
1499,CRM,Sevilla,ana26@hotmail.com,274901,10/4/2020,Activo,266949
1500,POS,Sevilla,lucia47@gmail.com,795764,21/3/2024,Activo,690544
1501,SGA,Zaragoza,ana85@gmail.com,660774,1/9/2022,Activo,114993
1502,CRM,Zaragoza,juan19@outlook.com,266566,11/2/2030,Activo,962140
1503,CRM,Madrid,diego90@hotmail.com,272752,25/2/2024,Activo,245345
1504,POS,Sevilla,diego47@hotmail.com,101688,15/1/2025,Activo,107047
1505,SGA,Málaga,marta33@gmail.com,216164,24/9/2021,Activo,386370
1506,ERP,Zaragoza,juan85@outlook.com,261755,22/2/2024,Activo,371127
1507,SGA,Málaga,elena58@outlook.com,319853,10/1/2023,Activo,468161
1508,ERP,Zaragoza,luis85@outlook.com,98177777,26/6/2021,Activo,933689
1509,ERP,Valencia,maria39@outlook.com,639218,12/1/2023,Activo,481030
1510,SGA,Sevilla,juan82@hotmail.com,661174,12/8/2022,Activo,799142
1511,ERP,Zaragoza,diego50@yahoo.com,814613,16/5/2021,Activo,869747
1512,CRM,Valencia,juan36@hotmail.com,542924,21/3/2020,Actvo,781473
1513,CRM,Málaga,sofia88@outlook.com,529396,22/11/2025,Actvo,509560
1514,SGA,Málaga,carlos31@gmail.com,626785,25/1/2023,Activo,
1515,POS,Madrid,elena66@yahoo.com,98177777,2/6/2023,Activo,674678
1516,CRM,Barcelona,carlos43@gmail.com,392072,7/9/2022,Activo,341878
1517,SGA,Sevilla,javier45@yahoo.com,678461,4/1/2020,Activo,203526
1518,ERP,Madrid,luis75@yahoo.com,381858,25/1/2023,Act.,958566
1519,CRM,Madrid,,702440,27/2/2025,Activo,488584
1520,SGA,Sevilla,luis78@yahoo.com,702764,28/2/2021,Act.,520134
1521,SGA,Barcelona,,253678,3/8/2020,Activo,925135
1522,POS,Valencia,juan57@yahoo.com,98177777,26/12/2022,Activo,571984
1523,ERP,Madrid,sofia64@hotmail.com,310413,23/6/2023,Activo,518904
1524,ERP,Madrid,elena47@gmail.com,98177777,23/10/2020,Act.,956080
3770,ERP,Barcelona,maria66@hotmail.com,461352,10/4/2025,Activo,554058
1526,SGA,Valencia,maria27@outlook.com,843565,27/7/2023,Activo,363934
1527,SGA,Madrid,maria55@gmail.com,759038,11/8/2022,Activo,513190
1528,ERP,Málaga,lucia19@outlook.com,627377,9/7/2023,Activo,
1529,SGA,Barcelona,ana45@hotmail.com,612276,18/4/2021,Activo,108829
1530,POS,Sevilla,luis96@gmail.com,842955,14/1/2021,Activo,873211
1531,SGA,Barcelona,ana14@hotmail.com,389862,28/9/2025,Activo,991151
1532,SGA,Barcelona,marta76@outlook.com,98177777,10/10/2023,Activo,714586
1533,CRM,Zaragoza,luis94@gmail.com,840036,19/7/2020,Actvo,445539
1534,POS,Málaga,javier11@yahoo.com,652141,18/12/2025,Activo,294034
1535,CRM,Madrid,diego38@yahoo.com,264091,27/11/2023,Actvo,
1536,ERP,Valencia,pedro72@yahoo.com,438931,25/6/2020,Activo,401484
1537,ERP,Sevilla,carlos26@yahoo.com,979787,10/2/2020,Activo,663385
1538,POS,Málaga,maria76@yahoo.com,223539,7/7/2022,Activo,654927
1539,SGA,Zaragoza,,748878,17/8/2020,Activo,685432
1540,CRM,Barcelona,,369664,5/12/2024,Activo,250566
1541,POS,Sevilla,lucia32@gmail.com,381249,8/8/2021,Activo,413614
1542,CRM,Valencia,carlos88@hotmail.com,472865,6/11/2024,Activo,248628
2729,SGA,Sevilla,lucia91@outlook.com,175436,7/1/2025,Activo,552067
1544,CRM,Sevilla,javier33@outlook.com,916473,10/5/2020,Activo,
1545,POS,Málaga,carlos95@hotmail.com,425772,22/3/2021,Activo,479390
1546,SGA,Málaga,javier60@outlook.com,741075,9/12/2023,Activo,534272
1547,SGA,Madrid,carlos22@yahoo.com,655103,20/10/2020,Activo,278433
1548,POS,Valencia,carlos63@hotmail.com,349123,16/3/2023,Activo,662256
1549,SGA,Barcelona,javier64@gmail.com,108321,26/9/2021,Activo,812442
1550,CRM,Madrid,ana94@gmail.com,152240,2/7/2023,Activo,651746
1551,ERP,Madrid,diego26@hotmail.com,316578,12/8/2021,Activo,818873
1552,POS,Barcelona,elena86@hotmail.com,628814,15/12/2025,Activo,164700
1258,CRM,Zaragoza,juan47@outlook.com,163989,12/2/2020,Activo,602218
1554,SGA,Málaga,diego17@outlook.com,515238,10/2/2023,Act.,535039
1555,ERP,Valencia,ana62@hotmail.com,977787,15/8/2023,Act.,552767
1556,CRM,Sevilla,diego61@outlook.com,,20/6/2025,Activo,139240
2927,POS,Zaragoza,carlos72@yahoo.com,443179,23/11/2021,Activo,938966
1558,SGA,Valencia,juan49@hotmail.com,783889,24/3/2024,Activo,369424
1559,POS,Málaga,sofia31@yahoo.com,280933,13/8/2020,Activo,303403
1560,CRM,Málaga,maria88@outlook.com,251606,19/7/2022,Actvo,
1561,ERP,Valencia,luis12@gmail.com,394402,25/8/2020,Activo,694197
5875,CRM,Sevilla,maria52@outlook.com,930346,26/3/2029,Activo,350678
1563,CRM,Zaragoza,luis18@gmail.com,420140,11/5/2021,Activo,120780
1564,SGA,Málaga,ana78@yahoo.com,729357,18/12/2025,Activo,213764
1565,POS,Málaga,luis60@yahoo.com,500105,9/5/2025,Act.,939879
1566,CRM,Zaragoza,pedro57@outlook.com,151191,17/3/2024,Actvo,375613
1567,CRM,Zaragoza,luis41@gmail.com,645154,15/7/2020,Activo,519937
1568,ERP,Sevilla,,557067,8/11/2023,Activo,626141
1569,ERP,Sevilla,,151710,9/9/2024,Activo,459806
1376,POS,Valencia,maria74@hotmail.com,943542,20/10/2020,Activo,435316
1571,POS,Zaragoza,juan30@outlook.com,630737,17/8/2021,Activo,830364
1572,SGA,Barcelona,lucia90@yahoo.com,387932,19/2/2022,Activo,260935
1573,POS,Valencia,,98177777,4/9/2022,Activo,209410
3705,ERP,Barcelona,diego93@hotmail.com,414585,19/1/2024,Activo,389910
1575,POS,Valencia,marta44@gmail.com,175486,10/10/2022,Activo,738176
1576,CRM,Barcelona,,449850,26/5/2022,Activo,365238
1577,POS,Sevilla,marta63@gmail.com,559940,6/8/2021,Act.,841879
1578,POS,Valencia,,492930,12/5/2025,Activo,321376
1579,SGA,Valencia,sofia29@gmail.com,652582,5/8/2020,Activo,575074
1580,CRM,Madrid,diego34@outlook.com,883150,2/10/2023,Activo,672739
1581,SGA,Barcelona,diego75@gmail.com,462723,27/11/2023,Activo,626040
1582,ERP,Valencia,elena35@gmail.com,385805,9/1/2020,Activo,193315
1583,POS,Valencia,javier83@hotmail.com,116538,28/10/2020,Act.,444120
1584,POS,Sevilla,diego21@yahoo.com,714224,9/7/2021,Activo,516721
5991,ERP,Barcelona,luis45@hotmail.com,512038,15/9/2024,Activo,747629
1586,SGA,Zaragoza,marta78@yahoo.com,98177777,1/4/2024,Activo,359462
1587,CRM,Barcelona,elena60@outlook.com,608093,20/10/2025,Actvo,313210
1588,SGA,Málaga,marta23@hotmail.com,884060,1/9/2022,Activo,668966
1589,SGA,Zaragoza,juan60@yahoo.com,522471,18/8/2020,Activo,703107
1590,CRM,Valencia,elena82@gmail.com,244479,24/8/2020,Activo,880716
1591,POS,Barcelona,ana28@gmail.com,150413,7/10/2024,Activo,796563
1592,SGA,Barcelona,pedro36@hotmail.com,885789,7/10/2022,Activo,586513
1593,ERP,Málaga,maria28@hotmail.com,830609,13/8/2023,Activo,247709
1594,CRM,Málaga,elena76@yahoo.com,413432,23/5/2023,Activo,815670
1595,POS,Málaga,,166025,27/4/2023,Activo,148140
1596,CRM,Barcelona,diego49@outlook.com,824433,25/8/2023,Activo,729151
1597,ERP,Barcelona,juan51@hotmail.com,656495,6/7/2023,Activo,711481
1598,CRM,Barcelona,carlos98@yahoo.com,465978,24/9/2023,Activo,912555
1599,CRM,Madrid,elena79@hotmail.com,874777,8/4/2023,Act.,870670
1600,SGA,Madrid,javier40@outlook.com,815968,7/9/2020,Activo,376548
5405,ERP,Valencia,elena75@gmail.com,625663,7/3/2023,Activo,732036
1602,ERP,Zaragoza,diego99@gmail.com,144641,5/5/2024,Activo,593383
1603,ERP,Barcelona,juan30@gmail.com,189644,17/7/2024,Act.,276287
1604,CRM,Sevilla,elena24@gmail.com,474778,9/7/2022,Activo,512440
1605,ERP,Valencia,elena31@hotmail.com,857758,19/8/2022,Activo,817230
1606,ERP,Valencia,luis63@hotmail.com,922783,8/7/2021,Activo,397750
1607,ERP,Barcelona,,788242,27/5/2025,Activo,650723
1608,SGA,Barcelona,carlos96@outlook.com,357844,11/5/2020,Activo,977144
1609,ERP,Zaragoza,sofia57@yahoo.com,806297,21/8/2020,Activo,
1610,CRM,Málaga,luis97@yahoo.com,456708,18/11/2027,Actvo,579801
1611,SGA,Madrid,marta57@outlook.com,675691,23/3/2024,Activo,604770
1612,ERP,Málaga,lucia52@yahoo.com,266424,8/5/2021,Activo,979186
1613,ERP,Valencia,marta70@gmail.com,537030,18/1/2025,Activo,150972
1614,SGA,Valencia,pedro29@hotmail.com,736842,19/3/2022,Activo,
1615,ERP,Barcelona,,600896,8/7/2022,Activo,237485
1616,CRM,Valencia,carlos99@yahoo.com,379964,21/6/2023,Activo,956418
2222,CRM,Sevilla,maria78@hotmail.com,514632,20/7/2020,Activo,952691
4631,ERP,Zaragoza,juan89@hotmail.com,98177777,3/10/2021,Act.,
1619,CRM,Barcelona,maria54@yahoo.com,914493,7/2/2022,Activo,812691
1620,SGA,Zaragoza,juan34@outlook.com,971565,5/5/2029,Activo,750275
1621,ERP,Valencia,diego84@outlook.com,460074,4/6/2022,Activo,855287
1622,SGA,Madrid,diego42@yahoo.com,98177777,17/12/2021,Activo,233386
1623,CRM,Madrid,,689904,15/7/2020,Actvo,296998
1624,ERP,Sevilla,marta37@outlook.com,204915,21/3/2025,Activo,792488
1625,SGA,Sevilla,sofia23@yahoo.com,167815,27/10/2021,Activo,205758
1626,CRM,Barcelona,sofia92@hotmail.com,492843,26/4/2022,Activo,230233
1627,ERP,Sevilla,sofia87@outlook.com,260617,14/10/2021,Act.,940592
1628,POS,Valencia,marta88@hotmail.com,821412,1/2/2022,Activo,178885
1629,CRM,Barcelona,juan39@yahoo.com,200639,26/6/2023,Act.,764704
1630,CRM,Madrid,sofia28@yahoo.com,733355,3/7/2025,Actvo,468934
1631,POS,Málaga,juan51@gmail.com,455523,22/3/2025,Activo,501280
1632,POS,Zaragoza,juan27@hotmail.com,205182,25/6/2023,Act.,419549
1633,SGA,Zaragoza,elena51@outlook.com,388979,10/2/2027,Act.,858252
1634,CRM,Valencia,maria40@hotmail.com,286481,18/5/2025,Act.,822078
1635,POS,Málaga,diego70@outlook.com,805653,16/4/2025,Activo,137383
1636,ERP,Málaga,luis50@gmail.com,642480,14/6/2021,Activo,
1637,CRM,Valencia,lucia31@outlook.com,452682,9/11/2022,Activo,527854
1638,SGA,Sevilla,diego81@hotmail.com,598984,23/6/2025,Activo,930462
1639,POS,Valencia,carlos97@gmail.com,566554,3/3/2020,Act.,322442
1640,CRM,Zaragoza,diego93@outlook.com,497657,8/9/2023,Activo,469945
1641,CRM,Málaga,ana69@outlook.com,710637,15/11/2022,Activo,
1642,POS,Barcelona,lucia88@yahoo.com,604793,10/11/2024,Act.,297772
1643,POS,Zaragoza,pedro11@yahoo.com,98177777,27/9/2025,Activo,501878
1644,POS,Málaga,luis34@gmail.com,860515,17/10/2022,Activo,352268
1645,CRM,Sevilla,ana22@outlook.com,780150,22/4/2021,Act.,195780
1702,POS,Valencia,luis11@outlook.com,320459,11/11/2021,Activo,115197
1647,POS,Málaga,,420777,11/11/2023,Activo,774449
1648,CRM,Madrid,elena60@gmail.com,903036,5/9/2023,Actvo,428591
1649,CRM,Málaga,marta42@outlook.com,593617,26/12/2023,Activo,724217
1650,SGA,Sevilla,sofia13@hotmail.com,206795,23/9/2021,Activo,978899
1651,ERP,Madrid,javier68@hotmail.com,530468,26/9/2025,Activo,805232
1652,CRM,Barcelona,marta92@gmail.com,283208,15/6/2021,Activo,267378
1653,ERP,Málaga,,861186,24/5/2023,Activo,
2908,SGA,Zaragoza,,98177777,22/5/2024,Activo,654926
1655,SGA,Madrid,pedro32@yahoo.com,904972,28/12/2022,Activo,889602
1656,POS,Valencia,maria17@hotmail.com,156380,23/9/2021,Activo,151663
2523,SGA,Madrid,juan50@gmail.com,827642,22/5/2022,Activo,487000
1658,POS,Sevilla,carlos34@gmail.com,218020,22/6/2023,Activo,
1659,POS,Zaragoza,javier50@yahoo.com,477426,23/6/2020,Activo,729406
1660,CRM,Barcelona,sofia56@gmail.com,589287,13/10/2030,Activo,358738
1661,CRM,Sevilla,diego63@gmail.com,153428,4/2/2025,Activo,640531
1662,ERP,Valencia,,215122,12/10/2025,Activo,
1663,POS,Madrid,luis28@outlook.com,449202,15/3/2020,Activo,692451
1664,POS,Valencia,elena15@outlook.com,584802,8/2/2022,Activo,588249
1665,ERP,Madrid,marta74@hotmail.com,339826,13/5/2024,Activo,
1666,POS,Zaragoza,marta10@outlook.com,744414,26/5/2021,Activo,104099
1667,SGA,Málaga,ana25@outlook.com,352069,18/1/2022,Activo,925999
1668,POS,Barcelona,marta21@hotmail.com,958413,22/1/2021,Act.,125216
1669,POS,Zaragoza,maria33@gmail.com,375162,25/12/2020,Activo,112608
1670,POS,Zaragoza,sofia90@gmail.com,607255,19/6/2020,Activo,200865
1671,CRM,Barcelona,juan37@outlook.com,469515,16/9/2020,Activo,282337
1672,SGA,Valencia,marta41@outlook.com,591046,28/6/2024,Act.,444504
1673,POS,Barcelona,javier34@yahoo.com,453125,1/1/2022,Activo,353258
1674,SGA,Madrid,diego46@yahoo.com,208907,21/12/2021,Activo,235495
1675,SGA,Madrid,sofia50@hotmail.com,383496,6/12/2023,Act.,612715
1676,SGA,Zaragoza,lucia44@yahoo.com,866749,5/1/2025,Activo,774307
1677,ERP,Sevilla,carlos43@hotmail.com,424031,12/12/2022,Activo,557352
1678,POS,Málaga,elena55@outlook.com,98177777,24/7/2024,Activo,369751
1679,CRM,Málaga,javier76@hotmail.com,780212,10/10/2023,Activo,168022
1680,CRM,Madrid,javier31@gmail.com,324391,26/6/2023,Actvo,565371
1681,CRM,Zaragoza,sofia59@yahoo.com,429330,18/12/2021,Activo,336183
1682,CRM,Sevilla,lucia99@hotmail.com,251589,20/4/2022,Activo,425042
1683,POS,Barcelona,javier46@yahoo.com,490992,7/2/2029,Activo,211924
1684,CRM,Sevilla,luis80@outlook.com,118510,3/9/2022,Activo,202051
1685,SGA,Valencia,lucia43@yahoo.com,806898,25/8/2024,Activo,508560
1686,ERP,Zaragoza,juan24@yahoo.com,923925,6/9/2020,Activo,210889
1687,CRM,Zaragoza,elena85@outlook.com,460721,22/10/2021,Activo,816535
1688,SGA,Zaragoza,diego94@gmail.com,726843,24/9/2023,Act.,327704
1689,CRM,Madrid,maria90@outlook.com,611494,17/4/2027,Activo,705133
1690,POS,Málaga,juan30@hotmail.com,625950,18/10/2022,Activo,233732
1691,SGA,Valencia,ana92@gmail.com,98177777,21/11/2025,Act.,287938
1692,POS,Sevilla,ana49@yahoo.com,146463,17/5/2025,Activo,153481
1693,CRM,Barcelona,pedro12@hotmail.com,656692,23/12/2030,Activo,172324
1694,SGA,Málaga,elena85@hotmail.com,375242,25/5/2023,Act.,772838
3325,SGA,Sevilla,elena41@outlook.com,223268,6/11/2025,Activo,
1696,SGA,Valencia,sofia53@hotmail.com,530487,13/11/2021,Activo,970849
1697,CRM,Sevilla,carlos15@yahoo.com,323771,6/8/2024,Actvo,767510
1698,ERP,Valencia,luis23@hotmail.com,787028,26/11/2022,Activo,152994
1699,ERP,Madrid,carlos83@hotmail.com,769079,17/8/2020,Act.,595504
1700,POS,Valencia,pedro75@yahoo.com,101972,26/10/2020,Activo,876842
1701,ERP,Valencia,sofia99@yahoo.com,587602,22/3/2029,Activo,742812
1702,CRM,Valencia,sofia27@yahoo.com,519899,22/3/2030,Activo,446619
1703,SGA,Valencia,juan21@outlook.com,566184,26/10/2023,Activo,402012
1704,SGA,Sevilla,pedro54@hotmail.com,200680,10/4/2025,Activo,596138
1705,CRM,Zaragoza,elena10@yahoo.com,616633,13/5/2022,Activo,839094
1706,SGA,Madrid,pedro48@outlook.com,612900,16/8/2021,Activo,692415
1707,ERP,Barcelona,lucia36@hotmail.com,945820,2/3/2022,Activo,
1708,POS,Málaga,lucia29@outlook.com,357485,27/5/2030,Act.,732997
1709,CRM,Sevilla,,230532,8/11/2023,Actvo,331784
1710,SGA,Málaga,maria70@hotmail.com,848310,3/9/2025,Activo,217358
1711,CRM,Sevilla,elena95@hotmail.com,456563,22/1/2021,Activo,214968
1712,ERP,Sevilla,marta41@gmail.com,643373,2/4/2023,Activo,563055
5838,SGA,Valencia,ana27@hotmail.com,623568,6/10/2025,Activo,354196
1714,SGA,Barcelona,carlos96@hotmail.com,490975,3/12/2025,Activo,925766
1715,SGA,Málaga,luis19@outlook.com,521970,9/3/2020,Activo,584399
1716,SGA,Sevilla,marta85@gmail.com,98177777,21/7/2023,Act.,191786
1717,CRM,Málaga,sofia32@yahoo.com,300239,9/8/2020,Activo,941001
1718,ERP,Sevilla,ana74@gmail.com,507166,16/12/2022,Activo,928134
1719,ERP,Barcelona,diego19@yahoo.com,181613,6/8/2022,Activo,541893
1720,POS,Zaragoza,lucia15@yahoo.com,745686,5/12/2024,Activo,296055
1721,CRM,Zaragoza,maria53@hotmail.com,791067,8/2/2021,Activo,135228
1722,ERP,Madrid,diego29@outlook.com,894798,1/11/2030,Activo,840502
1723,CRM,Barcelona,javier71@gmail.com,886122,3/11/2021,Act.,785186
1724,CRM,Barcelona,diego32@yahoo.com,,6/2/2024,Activo,440999
1725,ERP,Valencia,luis23@hotmail.com,700601,2/1/2023,Activo,148085
1726,POS,Sevilla,ana97@gmail.com,382811,10/2/2023,Activo,
1727,POS,Zaragoza,diego11@yahoo.com,612629,13/12/2021,Activo,363642
1728,POS,Valencia,sofia74@hotmail.com,834767,2/9/2022,Activo,363387
1729,SGA,Madrid,juan72@hotmail.com,654698,5/9/2021,Act.,511352
1730,ERP,Zaragoza,juan48@hotmail.com,812931,4/7/2021,Activo,363171
1731,SGA,Sevilla,javier24@hotmail.com,98177777,5/5/2025,Activo,268158
1732,SGA,Madrid,elena52@outlook.com,263678,9/5/2020,Activo,690796
1733,SGA,Madrid,pedro64@hotmail.com,936896,13/1/2020,Activo,538727
1734,CRM,Sevilla,maria29@gmail.com,949789,14/8/2021,Act.,365166
1735,CRM,Málaga,marta85@outlook.com,796865,16/8/2024,Act.,823536
1736,ERP,Valencia,sofia68@hotmail.com,929907,6/2/2024,Activo,841913
1737,ERP,Sevilla,,544827,4/1/2021,Activo,
1738,CRM,Barcelona,maria72@hotmail.com,809734,26/10/2029,Act.,
1739,CRM,Zaragoza,sofia97@outlook.com,307557,16/10/2024,Activo,273172
1740,SGA,Sevilla,ana96@outlook.com,610454,24/1/2025,Activo,562879
1741,POS,Málaga,juan79@outlook.com,485891,4/8/2022,Activo,624524
1742,POS,Zaragoza,ana63@gmail.com,934229,25/7/2025,Activo,264847
1743,POS,Barcelona,carlos91@gmail.com,652796,28/11/2022,Activo,149238
1744,POS,Barcelona,ana14@hotmail.com,147684,18/11/2022,Activo,631912
1386,POS,Barcelona,maria78@gmail.com,576530,15/10/2028,Activo,567704
1746,SGA,Sevilla,pedro91@hotmail.com,659917,26/12/2025,Activo,435132
1747,ERP,Valencia,carlos54@hotmail.com,383210,15/12/2024,Activo,211593
1748,CRM,Zaragoza,lucia77@hotmail.com,324008,25/12/2023,Activo,
1749,SGA,Sevilla,,462184,20/2/2020,Activo,297504
1750,POS,Madrid,juan28@gmail.com,889872,27/10/2025,Act.,490209
1751,CRM,Valencia,marta20@outlook.com,107656,20/10/2021,Activo,114957
1752,SGA,Zaragoza,marta48@hotmail.com,98177777,24/8/2024,Activo,
1753,POS,Valencia,pedro42@gmail.com,732921,23/7/2021,Activo,
1754,SGA,Sevilla,diego24@yahoo.com,998913,25/1/2022,Activo,
1755,CRM,Zaragoza,carlos88@yahoo.com,616422,11/4/2021,Activo,764940
1756,ERP,Málaga,juan57@hotmail.com,744335,1/5/2024,Activo,458724
1757,POS,Sevilla,diego45@yahoo.com,524871,6/1/2020,Activo,544731
1758,CRM,Barcelona,javier15@hotmail.com,335946,1/1/2023,Activo,598958
1759,CRM,Madrid,javier46@outlook.com,846866,12/6/2022,Activo,446769
4113,ERP,Madrid,,695356,7/12/2023,Activo,487633
1761,SGA,Barcelona,diego94@yahoo.com,905962,26/5/2020,Act.,226453
1762,ERP,Valencia,elena86@outlook.com,165594,14/4/2022,Activo,679589
1763,ERP,Valencia,lucia12@outlook.com,381049,3/2/2021,Act.,584988
1764,SGA,Málaga,sofia46@hotmail.com,123432,27/11/2021,Activo,353052
1765,SGA,Málaga,javier86@outlook.com,904932,27/6/2020,Activo,942452
2925,SGA,Sevilla,elena81@gmail.com,799987,16/3/2021,Activo,327119
1767,CRM,Madrid,ana54@hotmail.com,,22/4/2024,Activo,846311
1768,CRM,Málaga,marta73@yahoo.com,,25/1/2025,Activo,496929
1769,POS,Málaga,pedro96@hotmail.com,855935,9/9/2025,Act.,927276
1770,POS,Valencia,juan94@gmail.com,481896,21/1/2025,Activo,802706
1771,ERP,Sevilla,luis54@gmail.com,558178,17/12/2025,Activo,654027
1772,ERP,Barcelona,luis57@outlook.com,687957,3/2/2022,Activo,962257
1795,POS,Sevilla,ana67@hotmail.com,508768,17/1/2025,Activo,450418
1774,ERP,Málaga,,638618,8/1/2022,Activo,530774
1775,SGA,Málaga,pedro89@outlook.com,991080,22/8/2021,Activo,449067
1776,CRM,Barcelona,diego12@outlook.com,801904,3/2/2020,Activo,427793
1777,POS,Madrid,elena40@hotmail.com,864893,23/7/2020,Activo,428814
1778,CRM,Madrid,pedro58@gmail.com,720020,19/9/2025,Activo,893035
1779,POS,Valencia,lucia37@gmail.com,841911,28/8/2023,Activo,
1780,CRM,Sevilla,pedro30@hotmail.com,171627,8/6/2022,Activo,484251
1781,POS,Madrid,ana37@hotmail.com,631187,5/7/2025,Activo,
1782,CRM,Zaragoza,carlos50@outlook.com,648499,15/2/2023,Activo,623970
1783,SGA,Málaga,javier97@outlook.com,711607,25/1/2024,Activo,807389
1784,POS,Valencia,luis60@yahoo.com,949606,14/9/2022,Activo,837815
1785,POS,Zaragoza,elena69@outlook.com,234660,14/12/2020,Activo,478463
1786,POS,Sevilla,elena30@yahoo.com,935467,10/8/2022,Activo,528225
1787,SGA,Zaragoza,juan78@outlook.com,179229,28/10/2023,Activo,531846
1788,CRM,Sevilla,javier32@gmail.com,789622,18/10/2025,Activo,
1789,POS,Valencia,javier63@hotmail.com,266793,15/5/2022,Activo,771681
1790,CRM,Málaga,javier13@yahoo.com,186621,6/6/2023,Activo,339773
1791,SGA,Málaga,sofia74@gmail.com,714026,18/10/2025,Act.,569450
1792,ERP,Sevilla,marta62@gmail.com,773092,23/8/2021,Activo,260900
3941,POS,Málaga,lucia31@hotmail.com,945182,22/10/2023,Activo,983957
1794,SGA,Madrid,ana12@hotmail.com,983846,21/7/2028,Act.,385262
1795,CRM,Valencia,lucia30@hotmail.com,748750,22/11/2023,Activo,768391
1796,POS,Zaragoza,lucia32@hotmail.com,513468,24/1/2025,Activo,109127
1797,CRM,Málaga,lucia51@yahoo.com,895637,24/1/2022,Activo,292950
1798,ERP,Zaragoza,juan36@hotmail.com,376935,23/11/2025,Activo,234094
1799,POS,Madrid,javier87@hotmail.com,386102,15/11/2022,Activo,867927
1800,POS,Valencia,pedro69@gmail.com,490386,21/2/2023,Activo,470280
1801,CRM,Barcelona,ana30@yahoo.com,289649,24/11/2021,Activo,716430
1802,POS,Zaragoza,maria10@gmail.com,958754,5/4/2022,Activo,979943
1803,SGA,Madrid,diego76@hotmail.com,400322,16/8/2025,Activo,575171
1804,SGA,Barcelona,maria63@outlook.com,214688,19/7/2020,Activo,341017
1805,ERP,Valencia,luis25@gmail.com,936021,12/11/2024,Activo,533284
1806,SGA,Sevilla,marta17@outlook.com,658181,23/6/2025,Activo,
1497,ERP,Málaga,marta15@outlook.com,901651,28/4/2024,Activo,
1808,CRM,Barcelona,luis90@hotmail.com,459251,25/5/2021,Activo,550514
1809,CRM,Valencia,maria23@yahoo.com,,25/11/2025,Activo,160206
1810,ERP,Barcelona,sofia24@yahoo.com,572011,25/1/2024,Activo,987361
1811,SGA,Madrid,javier53@yahoo.com,119178,24/9/2025,Activo,671603
1812,SGA,Valencia,elena36@outlook.com,251398,23/12/2020,Activo,
1813,ERP,Valencia,javier98@gmail.com,98177777,22/4/2027,Activo,262797
1814,ERP,Sevilla,marta72@yahoo.com,779548,12/2/2021,Activo,686746
1815,CRM,Málaga,ana47@hotmail.com,205137,9/4/2024,Activo,116925
1816,ERP,Valencia,elena99@outlook.com,326899,7/7/2023,Activo,310046
1817,SGA,Madrid,sofia14@yahoo.com,857362,17/1/2024,Act.,893991
1818,ERP,Valencia,carlos13@yahoo.com,415525,16/8/2021,Activo,803776
1819,ERP,Valencia,sofia56@outlook.com,663145,10/8/2025,Activo,260252
1820,ERP,Zaragoza,marta30@outlook.com,393033,9/2/2023,Act.,768950
1821,CRM,Málaga,elena96@outlook.com,184170,13/3/2024,Activo,191172
1822,ERP,Madrid,marta26@yahoo.com,803343,16/12/2020,Act.,806434
1823,POS,Zaragoza,diego42@yahoo.com,129256,20/7/2022,Activo,420457
1824,POS,Barcelona,,373715,5/10/2021,Activo,239551
1825,POS,Málaga,carlos28@gmail.com,355674,13/9/2022,Act.,126819
1826,SGA,Barcelona,marta75@hotmail.com,439364,17/8/2028,Activo,553527
1827,SGA,Madrid,pedro54@yahoo.com,162563,19/6/2025,Activo,800044
4114,ERP,Zaragoza,luis50@outlook.com,216698,6/9/2020,Activo,444374
1829,POS,Barcelona,elena92@yahoo.com,277192,18/5/2024,Activo,157079
1830,CRM,Zaragoza,elena32@hotmail.com,508071,26/3/2023,Activo,590563
1831,POS,Valencia,juan95@gmail.com,98177777,16/4/2021,Activo,322736
1832,POS,Valencia,carlos36@yahoo.com,98177777,11/9/2025,Activo,788150
1833,SGA,Málaga,sofia25@yahoo.com,915488,25/9/2023,Activo,623058
1834,SGA,Valencia,elena82@gmail.com,405219,13/4/2022,Activo,820411
1835,CRM,Valencia,luis39@yahoo.com,606362,26/2/2025,Activo,152740
1836,SGA,Málaga,juan61@gmail.com,98177777,9/5/2023,Activo,559592
1837,CRM,Málaga,luis18@outlook.com,542276,14/6/2021,Activo,425796
1838,SGA,Málaga,luis78@gmail.com,606638,10/7/2023,Activo,551875
1839,POS,Valencia,juan67@yahoo.com,669862,17/6/2020,Act.,495612
5468,POS,Madrid,marta33@yahoo.com,587621,14/10/2023,Activo,821245
1841,CRM,Zaragoza,marta68@yahoo.com,876431,12/2/2021,Activo,552386
1842,CRM,Zaragoza,,102709,12/12/2025,Actvo,959392
1843,SGA,Valencia,luis45@gmail.com,785984,18/5/2025,Activo,
1844,SGA,Barcelona,marta18@yahoo.com,979060,15/1/2022,Activo,764569
1845,CRM,Madrid,juan36@yahoo.com,,1/11/2030,Activo,643204
1846,CRM,Barcelona,sofia71@hotmail.com,198366,9/11/2024,Actvo,266481
1847,POS,Zaragoza,juan50@gmail.com,143826,2/8/2022,Activo,879514
1848,POS,Valencia,maria66@gmail.com,648984,18/8/2020,Activo,864177
1849,CRM,Valencia,maria79@yahoo.com,513927,8/9/2020,Activo,
1850,POS,Sevilla,carlos82@gmail.com,788673,6/8/2023,Activo,707420
1851,ERP,Sevilla,maria66@yahoo.com,625340,18/4/2024,Activo,925365
1852,SGA,Valencia,javier88@hotmail.com,702200,10/9/2021,Activo,273190
1853,POS,Barcelona,carlos62@outlook.com,337175,9/6/2024,Activo,931265
1854,ERP,Madrid,pedro52@hotmail.com,803894,18/2/2020,Activo,498797
1855,CRM,Barcelona,javier48@outlook.com,985994,22/4/2021,Act.,991580
1856,POS,Barcelona,lucia53@outlook.com,444464,10/2/2025,Activo,946404
1857,CRM,Zaragoza,luis49@hotmail.com,369172,27/6/2020,Act.,249687
1858,SGA,Barcelona,pedro72@gmail.com,589966,26/5/2025,Activo,870083
1859,CRM,Barcelona,luis70@hotmail.com,717424,25/10/2020,Act.,611539
1860,ERP,Zaragoza,maria65@outlook.com,520770,21/2/2023,Activo,418945
1861,CRM,Zaragoza,elena53@yahoo.com,,28/4/2025,Activo,532925
1862,ERP,Málaga,maria39@yahoo.com,817945,22/2/2024,Act.,959871
1863,POS,Zaragoza,carlos50@hotmail.com,738819,17/11/2022,Activo,846171
1864,POS,Zaragoza,carlos88@yahoo.com,505697,17/5/2025,Activo,157516
1865,ERP,Málaga,pedro51@yahoo.com,362325,1/11/2023,Activo,383620
1866,SGA,Zaragoza,diego31@yahoo.com,696773,16/2/2023,Activo,301784
1867,SGA,Málaga,pedro51@hotmail.com,98177777,16/12/2022,Activo,812965
1868,SGA,Madrid,diego44@yahoo.com,844127,13/11/2022,Activo,769026
1869,POS,Sevilla,elena48@outlook.com,776512,7/10/2027,Activo,551331
1870,POS,Sevilla,ana55@outlook.com,98177777,22/8/2023,Activo,210472
1871,SGA,Madrid,diego82@hotmail.com,452628,19/5/2027,Activo,
3445,CRM,Madrid,juan61@gmail.com,220054,22/4/2028,Actvo,
1873,SGA,Barcelona,ana92@yahoo.com,725143,6/10/2023,Activo,728616
1874,CRM,Madrid,carlos12@yahoo.com,155658,9/2/2023,Actvo,505101
1875,SGA,Sevilla,marta42@outlook.com,172510,11/9/2020,Activo,
1876,CRM,Valencia,juan51@hotmail.com,491919,5/12/2023,Actvo,
1877,POS,Valencia,ana81@yahoo.com,204690,14/5/2023,Activo,638131
1878,SGA,Málaga,sofia74@hotmail.com,671294,21/6/2021,Activo,626546
1879,SGA,Valencia,maria19@yahoo.com,510265,17/1/2021,Activo,504869
1880,ERP,Barcelona,marta71@hotmail.com,111298,18/7/2021,Activo,882457
1881,SGA,Sevilla,juan94@hotmail.com,283659,14/1/2024,Activo,647123
1882,CRM,Zaragoza,marta72@yahoo.com,448246,1/6/2020,Activo,746000
1883,ERP,Zaragoza,sofia85@hotmail.com,170238,22/2/2024,Act.,385043
1884,SGA,Valencia,,768589,17/1/2028,Activo,733414
1885,SGA,Barcelona,,864019,1/1/2021,Activo,367199
1886,POS,Málaga,luis57@hotmail.com,457489,15/9/2023,Activo,890533
1887,ERP,Valencia,maria70@yahoo.com,521033,28/9/2025,Activo,934995
1888,CRM,Madrid,maria51@hotmail.com,247425,6/12/2025,Activo,808664
1889,SGA,Málaga,pedro85@outlook.com,544012,5/1/2021,Activo,477724
1890,POS,Madrid,luis21@hotmail.com,893490,1/8/2024,Activo,
1891,SGA,Barcelona,sofia79@outlook.com,98177777,3/7/2021,Act.,751777
1892,ERP,Barcelona,carlos98@gmail.com,577621,6/4/2024,Activo,537348
1893,CRM,Málaga,maria99@outlook.com,389768,15/7/2023,Activo,340698
1894,POS,Barcelona,ana67@yahoo.com,248441,6/2/2020,Activo,386337
1895,SGA,Málaga,elena39@hotmail.com,732799,12/12/2024,Activo,
3037,CRM,Barcelona,lucia96@outlook.com,910237,18/1/2025,Activo,666474
1897,SGA,Valencia,marta12@yahoo.com,671721,5/8/2024,Act.,787628
1898,SGA,Barcelona,diego64@hotmail.com,627942,22/3/2025,Activo,206427
2253,ERP,Barcelona,juan77@gmail.com,301456,20/5/2021,Activo,670902
1900,ERP,Barcelona,luis57@gmail.com,751750,22/9/2022,Activo,
1901,SGA,Madrid,juan74@outlook.com,104468,18/4/2021,Act.,877206
1902,POS,Sevilla,elena46@outlook.com,570427,23/7/2024,Act.,591694
1903,ERP,Málaga,marta19@gmail.com,942464,25/11/2023,Activo,171425
1904,ERP,Madrid,maria78@yahoo.com,188563,21/11/2022,Activo,776752
1905,ERP,Madrid,maria83@hotmail.com,454494,12/10/2024,Activo,313375
1906,ERP,Madrid,lucia19@hotmail.com,495713,5/12/2021,Activo,617823
1907,CRM,Sevilla,elena67@yahoo.com,908964,12/6/2024,Activo,923183
1908,SGA,Sevilla,maria33@outlook.com,461927,12/8/2021,Activo,739548
1909,CRM,Madrid,marta65@gmail.com,270838,17/11/2023,Activo,102473
1910,CRM,Barcelona,carlos10@hotmail.com,419037,21/4/2024,Activo,
1911,SGA,Madrid,,98177777,4/7/2024,Act.,265415
1912,ERP,Madrid,diego29@outlook.com,192722,1/6/2024,Activo,938649
1205,POS,Málaga,sofia96@outlook.com,669460,16/6/2025,Activo,
3405,ERP,Zaragoza,javier95@yahoo.com,190996,21/3/2020,Act.,200453
1915,ERP,Zaragoza,sofia55@yahoo.com,485501,9/12/2025,Activo,484894
1916,ERP,Madrid,pedro36@outlook.com,765621,25/1/2025,Activo,106190
1917,ERP,Sevilla,juan78@gmail.com,605613,28/10/2023,Activo,352140
1918,POS,Madrid,luis54@gmail.com,112514,15/10/2025,Activo,481484
1919,CRM,Valencia,ana39@yahoo.com,455335,6/11/2030,Act.,176751
1920,POS,Madrid,pedro64@outlook.com,732184,20/9/2025,Activo,354139
1921,SGA,Madrid,lucia55@gmail.com,616719,23/2/2022,Activo,514164
1922,ERP,Valencia,elena25@hotmail.com,185402,18/2/2024,Activo,819043
1923,POS,Málaga,,833226,20/2/2021,Activo,169801
1924,SGA,Madrid,marta36@hotmail.com,98177777,17/5/2024,Act.,105107
1925,POS,Madrid,,98177777,10/9/2022,Act.,286052
1926,ERP,Madrid,lucia36@hotmail.com,573852,19/5/2027,Activo,
1927,ERP,Zaragoza,maria21@yahoo.com,700969,19/3/2024,Activo,292509
1928,SGA,Barcelona,sofia76@gmail.com,235863,25/9/2022,Activo,675945
1929,POS,Zaragoza,lucia25@hotmail.com,832584,24/9/2023,Activo,547162
1930,ERP,Barcelona,ana50@hotmail.com,445987,22/3/2020,Activo,136662
1931,SGA,Barcelona,maria74@outlook.com,98177777,18/11/2022,Act.,291818
1932,POS,Málaga,luis24@hotmail.com,667143,15/1/2023,Activo,733754
1933,POS,Valencia,,897721,10/4/2025,Activo,
1934,SGA,Madrid,diego61@gmail.com,682253,22/6/2025,Activo,356780
1935,POS,Madrid,carlos18@hotmail.com,318978,5/11/2021,Activo,
1936,POS,Barcelona,javier48@yahoo.com,503895,11/6/2025,Activo,609563
1937,ERP,Málaga,maria93@hotmail.com,220904,25/6/2023,Act.,518227
1938,ERP,Valencia,juan45@outlook.com,575576,17/1/2024,Activo,831369
5399,ERP,Zaragoza,,523322,9/7/2025,Act.,108181
1940,SGA,Valencia,pedro82@gmail.com,799642,1/1/2025,Act.,823791
1941,CRM,Valencia,pedro27@hotmail.com,163586,21/9/2021,Activo,
1942,POS,Barcelona,juan86@yahoo.com,98177777,13/3/2021,Activo,888336
1943,SGA,Zaragoza,javier47@outlook.com,425230,10/10/2025,Activo,585400
1944,CRM,Málaga,pedro63@yahoo.com,787923,10/8/2020,Activo,459403
1945,CRM,Zaragoza,luis29@yahoo.com,715642,5/6/2025,Activo,322890
1877,SGA,Barcelona,maria30@gmail.com,577150,2/7/2023,Activo,282624
1947,CRM,Zaragoza,carlos61@outlook.com,800759,5/5/2023,Act.,991222
1948,ERP,Zaragoza,carlos89@outlook.com,983696,2/10/2023,Activo,350041
1949,SGA,Madrid,,98177777,23/8/2022,Activo,329342
1950,POS,Madrid,,897236,18/8/2023,Act.,635101
1951,ERP,Zaragoza,,338704,13/4/2020,Activo,604322
1952,POS,Madrid,marta28@hotmail.com,377030,22/9/2023,Activo,
1953,CRM,Zaragoza,,540610,5/11/2020,Activo,427801
1954,ERP,Barcelona,sofia77@yahoo.com,857661,20/2/2025,Activo,616751
1955,POS,Málaga,juan54@yahoo.com,449522,2/1/2023,Activo,748865
1956,SGA,Barcelona,maria24@hotmail.com,624154,8/5/2022,Activo,
1957,CRM,Valencia,diego78@hotmail.com,376852,21/11/2020,Activo,756781
1958,POS,Barcelona,sofia91@gmail.com,456815,27/5/2021,Activo,
1959,CRM,Zaragoza,elena42@yahoo.com,100337,2/11/2021,Act.,679285
1960,POS,Madrid,luis56@gmail.com,394551,1/6/2024,Activo,239853
1961,SGA,Málaga,marta83@yahoo.com,145287,16/6/2021,Activo,658931
1962,ERP,Madrid,luis26@yahoo.com,834956,25/7/2025,Activo,134790
1963,POS,Barcelona,maria22@hotmail.com,560103,25/3/2023,Activo,155814
1964,CRM,Zaragoza,sofia23@yahoo.com,327768,13/6/2022,Activo,
1965,SGA,Málaga,pedro94@outlook.com,667700,24/6/2022,Activo,868371
1966,ERP,Sevilla,elena95@outlook.com,98177777,17/7/2023,Activo,110140
1967,CRM,Valencia,pedro51@hotmail.com,120482,18/6/2030,Activo,671805
1968,SGA,Málaga,pedro84@gmail.com,986178,25/7/2024,Activo,311922
1969,CRM,Zaragoza,diego90@gmail.com,607142,16/9/2023,Act.,848050
1970,SGA,Barcelona,pedro11@yahoo.com,98177777,10/9/2021,Activo,219571
1971,ERP,Sevilla,lucia30@hotmail.com,989936,2/1/2022,Activo,314848
1972,ERP,Málaga,sofia71@hotmail.com,477360,12/5/2022,Activo,498919
1973,CRM,Madrid,lucia90@hotmail.com,853002,11/4/2023,Act.,113231
1974,SGA,Barcelona,lucia68@outlook.com,941740,20/9/2024,Act.,
1975,POS,Valencia,maria45@outlook.com,972368,9/11/2024,Act.,844686
1976,ERP,Sevilla,pedro42@outlook.com,212724,10/5/2022,Activo,378185
1977,POS,Sevilla,elena80@hotmail.com,98177777,27/2/2022,Activo,672925
1978,POS,Barcelona,javier53@outlook.com,704116,12/1/2025,Act.,816430
1979,CRM,Zaragoza,,421570,13/4/2023,Act.,467319
1980,CRM,Barcelona,javier13@yahoo.com,479644,2/7/2022,Activo,572769
1981,CRM,Sevilla,elena24@gmail.com,879280,21/2/2024,Activo,478479
1982,SGA,Madrid,carlos26@outlook.com,458005,4/10/2020,Activo,145016
1983,ERP,Valencia,diego80@gmail.com,636594,7/9/2022,Activo,192545
1984,ERP,Madrid,luis33@hotmail.com,578063,21/10/2024,Activo,203523
1985,POS,Sevilla,luis34@yahoo.com,506219,9/3/2024,Activo,691396
1986,CRM,Madrid,lucia12@yahoo.com,320293,4/11/2025,Activo,404226
1987,SGA,Zaragoza,ana77@yahoo.com,454264,5/5/2025,Activo,881307
1988,ERP,Barcelona,luis77@gmail.com,813346,20/8/2023,Activo,505043
1989,SGA,Sevilla,ana79@yahoo.com,98177777,24/2/2020,Act.,127863
1990,CRM,Valencia,luis31@outlook.com,110922,28/2/2023,Activo,
1991,CRM,Málaga,javier31@yahoo.com,370345,15/12/2022,Activo,520365
1992,ERP,Valencia,marta29@hotmail.com,498695,27/4/2022,Activo,216199
1993,POS,Zaragoza,carlos16@hotmail.com,465821,18/10/2024,Activo,
1994,POS,Málaga,luis63@hotmail.com,111961,17/6/2023,Activo,591028
1995,CRM,Madrid,pedro48@gmail.com,497364,4/5/2023,Activo,878012
1996,CRM,Madrid,,864321,19/5/2024,Act.,872648
1997,POS,Valencia,javier49@yahoo.com,781526,7/11/2023,Activo,726841
1998,CRM,Sevilla,sofia86@gmail.com,527529,13/12/2024,Activo,
1999,ERP,Madrid,,98177777,19/4/2023,Activo,449273
2000,ERP,Sevilla,pedro71@yahoo.com,529671,3/7/2020,Activo,516260
2001,SGA,Valencia,lucia60@yahoo.com,599497,23/9/2023,Activo,890639
2002,POS,Sevilla,diego85@yahoo.com,98177777,13/5/2022,Activo,563914
2003,CRM,Zaragoza,ana19@yahoo.com,564371,17/11/2022,Activo,116505
2004,SGA,Málaga,carlos27@hotmail.com,578376,7/2/2023,Activo,142777
2005,ERP,Valencia,marta84@yahoo.com,492781,21/6/2020,Activo,413384
2006,POS,Málaga,pedro96@outlook.com,893634,23/8/2025,Activo,
2007,ERP,Sevilla,juan91@gmail.com,697167,2/11/2022,Activo,454427
2008,CRM,Barcelona,luis23@hotmail.com,965509,7/11/2023,Activo,998765
2009,SGA,Zaragoza,elena48@gmail.com,494525,1/6/2023,Act.,
2010,CRM,Sevilla,sofia68@yahoo.com,591190,10/1/2025,Activo,112504
2011,CRM,Valencia,,881639,26/9/2022,Activo,306974
2012,POS,Sevilla,marta53@outlook.com,565608,11/10/2023,Activo,
2013,POS,Barcelona,juan58@outlook.com,98177777,14/10/2024,Activo,917161
2014,CRM,Madrid,elena64@yahoo.com,157854,28/2/2023,Actvo,
2015,POS,Sevilla,marta72@outlook.com,896172,17/2/2023,Activo,128802
2016,SGA,Málaga,maria21@outlook.com,474960,17/4/2021,Act.,934001
2017,SGA,Valencia,javier73@hotmail.com,680804,4/9/2021,Activo,653247
2018,CRM,Barcelona,javier23@outlook.com,280765,12/10/2020,Act.,435449
2019,SGA,Madrid,marta45@outlook.com,931493,6/12/2025,Activo,405359
2020,CRM,Málaga,ana63@outlook.com,,9/6/2021,Activo,613160
2021,SGA,Sevilla,maria11@gmail.com,784885,7/3/2025,Act.,343987
2022,ERP,Málaga,elena41@hotmail.com,401381,17/1/2021,Activo,628700
4101,CRM,Madrid,diego95@outlook.com,343089,10/6/2023,Activo,574044
2024,SGA,Sevilla,marta72@hotmail.com,914026,3/2/2021,Activo,151916
2025,ERP,Sevilla,javier58@gmail.com,926061,26/12/2021,Activo,686292
2026,CRM,Zaragoza,sofia92@gmail.com,746743,11/2/2022,Act.,338259
2027,SGA,Málaga,maria40@outlook.com,340947,20/3/2023,Activo,782005
2028,SGA,Málaga,marta87@hotmail.com,497499,7/3/2020,Act.,385843
2029,ERP,Madrid,marta15@outlook.com,98177777,5/4/2022,Activo,971133
2030,POS,Madrid,elena68@gmail.com,842778,21/1/2025,Activo,
2031,POS,Barcelona,javier65@gmail.com,975056,3/1/2020,Activo,343576
2032,ERP,Sevilla,pedro13@outlook.com,496200,25/11/2023,Act.,852758
2033,ERP,Sevilla,diego13@hotmail.com,371151,8/5/2021,Act.,188301
2034,CRM,Málaga,carlos55@outlook.com,813085,9/11/2021,Activo,271358
2035,POS,Zaragoza,lucia45@hotmail.com,518200,21/12/2021,Act.,576643
2036,CRM,Madrid,ana68@outlook.com,786152,8/12/2022,Act.,564195
2037,SGA,Málaga,pedro36@outlook.com,457589,3/12/2021,Activo,860305
2038,ERP,Barcelona,ana32@hotmail.com,510819,19/9/2023,Activo,296501
2039,CRM,Madrid,ana55@yahoo.com,247403,2/3/2020,Activo,223527
2040,ERP,Valencia,carlos22@gmail.com,194732,12/12/2020,Activo,673721
2041,CRM,Barcelona,ana89@hotmail.com,460326,9/11/2025,Actvo,236772
2042,SGA,Valencia,diego35@outlook.com,850153,8/6/2020,Activo,
2572,SGA,Barcelona,elena54@outlook.com,134609,16/3/2025,Activo,
2044,POS,Zaragoza,ana30@yahoo.com,377768,13/9/2022,Activo,166281
2045,POS,Sevilla,maria34@outlook.com,968250,24/12/2022,Activo,368035
2046,SGA,Madrid,marta92@outlook.com,401222,18/6/2020,Activo,
2047,CRM,Barcelona,luis32@hotmail.com,917755,21/3/2021,Activo,991113
2048,ERP,Sevilla,maria35@gmail.com,357329,11/5/2021,Activo,132541
2049,SGA,Málaga,sofia94@hotmail.com,706766,6/5/2029,Activo,
2050,SGA,Sevilla,pedro53@outlook.com,901813,24/6/2021,Activo,141460
2051,CRM,Valencia,diego23@outlook.com,921352,2/7/2020,Actvo,287454
4894,SGA,Málaga,maria51@yahoo.com,98177777,8/10/2029,Activo,520719
2053,SGA,Zaragoza,juan41@yahoo.com,467067,12/11/2024,Activo,169356
2054,CRM,Zaragoza,carlos13@hotmail.com,250127,5/8/2025,Act.,769030
2055,SGA,Valencia,marta38@yahoo.com,106775,6/4/2024,Activo,386434
2056,POS,Málaga,elena92@yahoo.com,565637,16/1/2023,Activo,597673
2057,POS,Sevilla,carlos41@gmail.com,417386,18/11/2022,Activo,853942
2058,POS,Valencia,elena66@hotmail.com,482901,12/6/2024,Activo,
2059,POS,Sevilla,sofia34@hotmail.com,131314,12/10/2024,Activo,
2060,SGA,Málaga,luis84@hotmail.com,544886,25/3/2021,Activo,667037
2061,ERP,Zaragoza,diego43@outlook.com,768510,20/10/2022,Activo,951440
2062,POS,Sevilla,carlos65@outlook.com,670799,17/7/2020,Activo,694270
2063,POS,Sevilla,lucia50@outlook.com,811705,2/6/2023,Activo,634999
2064,SGA,Zaragoza,,339793,23/4/2021,Activo,304726
2065,SGA,Valencia,ana99@yahoo.com,236379,17/1/2025,Activo,193915
2066,CRM,Barcelona,sofia26@gmail.com,361207,5/7/2020,Activo,923581
2067,POS,Sevilla,luis70@outlook.com,603878,19/11/2022,Activo,969750
2068,CRM,Madrid,sofia39@outlook.com,,9/8/2022,Activo,
2069,POS,Madrid,javier80@yahoo.com,751618,1/2/2022,Activo,733512
2070,ERP,Valencia,sofia16@hotmail.com,441865,1/6/2023,Act.,
2071,SGA,Sevilla,elena85@hotmail.com,534850,12/6/2024,Activo,669402
2072,SGA,Sevilla,,720617,21/12/2030,Activo,358424
2073,CRM,Barcelona,juan81@hotmail.com,793982,11/9/2024,Activo,789589
2074,CRM,Málaga,juan54@hotmail.com,950510,16/12/2021,Activo,705604
2075,SGA,Barcelona,pedro18@outlook.com,649960,6/4/2021,Act.,
2076,SGA,Madrid,,267226,2/5/2020,Activo,889644
2077,SGA,Madrid,sofia42@gmail.com,644624,13/4/2024,Act.,387702
2078,POS,Málaga,elena65@yahoo.com,966507,4/1/2024,Act.,451554
2079,POS,Madrid,lucia94@hotmail.com,179994,16/2/2021,Act.,624128
2080,ERP,Madrid,marta96@outlook.com,265156,13/4/2020,Activo,521650
2081,POS,Sevilla,sofia75@hotmail.com,694945,25/11/2020,Act.,536305
2082,SGA,Málaga,luis97@outlook.com,528544,28/5/2021,Activo,712862
2083,POS,Madrid,sofia16@outlook.com,957141,27/1/2021,Activo,235524
5678,CRM,Barcelona,maria88@gmail.com,798910,18/7/2021,Activo,518492
2085,SGA,Sevilla,marta30@yahoo.com,424753,7/3/2025,Activo,201117
2086,POS,Zaragoza,sofia32@yahoo.com,547857,28/2/2025,Activo,695847
2087,SGA,Málaga,,98177777,25/3/2022,Activo,199150
2088,CRM,Valencia,marta25@outlook.com,291628,10/3/2025,Act.,421308
2089,CRM,Barcelona,diego83@hotmail.com,631164,20/3/2021,Activo,606641
2090,POS,Valencia,diego99@hotmail.com,98177777,1/3/2021,Activo,589371
2091,SGA,Zaragoza,ana33@gmail.com,98177777,25/12/2020,Activo,142070
2092,ERP,Zaragoza,pedro65@outlook.com,835663,4/4/2024,Activo,259981
2093,CRM,Madrid,pedro43@hotmail.com,,20/3/2025,Act.,682084
2094,ERP,Madrid,ana92@gmail.com,427385,6/5/2022,Activo,
2095,POS,Málaga,maria77@outlook.com,183139,2/11/2023,Activo,467008
2096,CRM,Zaragoza,,122232,19/2/2021,Activo,420165
2097,ERP,Sevilla,luis17@outlook.com,266944,11/4/2024,Activo,270040
2098,CRM,Sevilla,juan77@gmail.com,787953,11/7/2023,Activo,789038
2099,ERP,Barcelona,,186265,14/3/2025,Activo,298806
2100,SGA,Valencia,juan82@outlook.com,612856,23/9/2025,Activo,162200
1356,SGA,Málaga,pedro34@hotmail.com,484380,16/7/2024,Activo,470475
2102,POS,Sevilla,lucia54@gmail.com,170069,25/10/2023,Activo,775631
2103,CRM,Sevilla,pedro86@outlook.com,655564,19/6/2020,Activo,657963
2104,ERP,Zaragoza,elena32@yahoo.com,244167,9/1/2020,Activo,691426
2105,POS,Valencia,elena13@gmail.com,829993,21/8/2027,Activo,921916
2106,SGA,Zaragoza,maria49@outlook.com,98177777,13/4/2021,Act.,843181
2107,SGA,Valencia,javier33@yahoo.com,382130,13/1/2021,Activo,283135
2108,POS,Zaragoza,elena34@yahoo.com,238001,4/12/2023,Activo,279723
2109,CRM,Zaragoza,ana68@hotmail.com,435059,16/12/2020,Activo,299412
2110,ERP,Madrid,maria95@gmail.com,118776,16/12/2021,Activo,859959
2111,SGA,Madrid,ana28@yahoo.com,472781,14/3/2022,Activo,595554
2112,POS,Sevilla,elena34@hotmail.com,814023,11/10/2024,Activo,757473
2113,SGA,Madrid,,569045,16/12/2023,Activo,
2114,SGA,Sevilla,,279107,7/9/2021,Activo,367319
2115,ERP,Sevilla,elena94@gmail.com,340975,23/5/2024,Act.,
2116,CRM,Valencia,maria94@outlook.com,517588,5/2/2021,Act.,354466
2117,CRM,Sevilla,sofia83@hotmail.com,,20/3/2021,Activo,520357
2118,ERP,Sevilla,javier35@outlook.com,904260,17/4/2025,Activo,304942
2119,POS,Sevilla,elena35@outlook.com,870645,26/2/2022,Act.,938766
2120,POS,Madrid,diego61@hotmail.com,944113,6/12/2022,Activo,902989
2121,CRM,Madrid,elena13@hotmail.com,114047,20/1/2023,Activo,659641
2122,SGA,Barcelona,luis71@hotmail.com,490555,22/1/2025,Activo,241888
2123,SGA,Zaragoza,carlos97@gmail.com,617379,10/1/2025,Act.,360531
2124,POS,Málaga,juan34@gmail.com,349464,4/5/2021,Activo,343813
2125,ERP,Valencia,sofia83@yahoo.com,326667,10/6/2021,Activo,895655
2126,SGA,Málaga,marta16@gmail.com,841571,19/3/2022,Activo,809922
2127,POS,Barcelona,,546949,13/8/2024,Activo,844607
2128,ERP,Sevilla,lucia55@gmail.com,98177777,22/11/2024,Activo,181202
2129,CRM,Sevilla,javier65@yahoo.com,,23/4/2025,Activo,679712
2130,ERP,Barcelona,javier99@gmail.com,567071,21/6/2030,Activo,576026
2131,CRM,Valencia,maria68@yahoo.com,260986,6/12/2025,Actvo,927362
2132,POS,Málaga,marta50@gmail.com,520831,7/4/2023,Act.,596313
2133,ERP,Sevilla,elena36@gmail.com,380904,9/2/2021,Activo,336713
2134,POS,Sevilla,,657344,28/6/2025,Activo,998511
2135,CRM,Madrid,marta24@outlook.com,837877,28/4/2024,Activo,103117
2136,SGA,Zaragoza,,98177777,15/9/2024,Activo,761408
2137,SGA,Málaga,ana32@hotmail.com,107305,12/10/2024,Activo,993491
2138,CRM,Sevilla,ana61@gmail.com,,1/6/2020,Act.,
2139,SGA,Málaga,sofia41@outlook.com,98177777,19/11/2022,Activo,357785
2140,SGA,Zaragoza,diego97@outlook.com,553284,18/8/2022,Activo,161971
2141,ERP,Málaga,javier44@hotmail.com,988168,2/9/2021,Activo,
2142,ERP,Zaragoza,diego62@hotmail.com,801821,12/8/2021,Activo,239662
2143,SGA,Zaragoza,lucia72@outlook.com,747417,24/12/2020,Activo,
3021,ERP,Sevilla,javier98@hotmail.com,177189,1/8/2030,Activo,305777
2145,CRM,Sevilla,,148465,28/2/2024,Act.,822505
2146,ERP,Zaragoza,pedro94@yahoo.com,689667,27/5/2022,Activo,285653
2147,ERP,Barcelona,,858982,13/11/2023,Activo,535790
2148,ERP,Zaragoza,pedro72@gmail.com,232464,24/11/2021,Activo,279649
1261,POS,Madrid,ana31@outlook.com,839279,24/10/2024,Activo,653835
2150,CRM,Sevilla,marta98@hotmail.com,692552,8/12/2025,Activo,290785
2151,SGA,Valencia,carlos46@outlook.com,103933,13/6/2030,Activo,304428
2152,SGA,Sevilla,maria60@yahoo.com,703297,19/3/2021,Activo,133716
2153,POS,Zaragoza,luis73@yahoo.com,307307,15/11/2028,Activo,379282
2154,ERP,Sevilla,juan70@hotmail.com,713931,11/3/2022,Activo,938035
2155,CRM,Zaragoza,lucia14@hotmail.com,269371,26/11/2022,Actvo,876152
2156,CRM,Málaga,marta18@yahoo.com,208150,21/2/2025,Act.,784096
2157,SGA,Valencia,ana66@yahoo.com,762315,22/1/2022,Activo,313265
2158,POS,Valencia,juan94@yahoo.com,438390,12/12/2025,Activo,404601
2159,POS,Valencia,marta50@gmail.com,181081,10/2/2025,Activo,188135
2160,POS,Madrid,pedro53@outlook.com,321262,14/8/2025,Activo,
2161,POS,Madrid,ana69@yahoo.com,777300,17/1/2024,Activo,378017
2162,CRM,Zaragoza,juan60@hotmail.com,396141,27/5/2025,Activo,377848
2163,ERP,Madrid,carlos74@gmail.com,120339,11/10/2023,Activo,695202
2164,SGA,Barcelona,javier34@outlook.com,589313,2/4/2022,Activo,772708
2165,CRM,Valencia,elena13@hotmail.com,581810,6/5/2022,Activo,902484
2166,POS,Valencia,,216076,25/4/2021,Activo,762465
2167,POS,Málaga,luis46@yahoo.com,424820,1/7/2025,Activo,853499
2168,SGA,Zaragoza,ana17@gmail.com,413552,24/4/2023,Activo,997888
2169,ERP,Madrid,diego76@gmail.com,590465,21/2/2021,Activo,414840
2170,ERP,Málaga,pedro51@outlook.com,711135,10/1/2021,Activo,630230
3170,ERP,Valencia,,504203,16/2/2025,Activo,
2172,POS,Sevilla,javier39@gmail.com,730498,9/4/2020,Act.,269261
2173,CRM,Madrid,sofia17@hotmail.com,,20/2/2023,Activo,228992
2174,CRM,Sevilla,maria38@gmail.com,349282,18/4/2020,Activo,527683
2175,ERP,Valencia,maria12@hotmail.com,286454,20/12/2025,Activo,614975
2176,SGA,Valencia,javier59@outlook.com,703041,3/12/2021,Activo,282072
2177,ERP,Sevilla,diego67@yahoo.com,930184,12/3/2023,Act.,792718
2178,ERP,Valencia,sofia42@outlook.com,862961,9/10/2023,Activo,286681
2179,SGA,Madrid,javier68@hotmail.com,896629,18/8/2023,Activo,625450
2180,ERP,Málaga,pedro68@outlook.com,555337,21/11/2022,Activo,281958
2181,SGA,Barcelona,carlos91@yahoo.com,583485,10/3/2025,Activo,863824
2182,SGA,Barcelona,diego42@yahoo.com,888000,28/4/2027,Act.,324822
2183,CRM,Barcelona,juan65@outlook.com,300560,15/9/2020,Activo,751974
2184,SGA,Málaga,elena62@yahoo.com,307149,24/2/2020,Activo,619928
2185,ERP,Valencia,pedro90@outlook.com,459250,5/5/2022,Act.,776485
2186,SGA,Zaragoza,diego63@hotmail.com,752881,17/1/2024,Activo,223999
2187,ERP,Madrid,elena66@hotmail.com,644097,21/5/2020,Activo,995554
2188,SGA,Málaga,ana51@hotmail.com,732921,4/12/2022,Activo,
2189,CRM,Madrid,luis36@yahoo.com,494675,23/10/2020,Activo,948844
2190,ERP,Valencia,lucia82@yahoo.com,215676,9/5/2020,Activo,
2191,ERP,Madrid,marta94@outlook.com,525827,22/12/2021,Activo,782533
2192,ERP,Valencia,luis62@outlook.com,992767,23/4/2025,Activo,
2193,SGA,Barcelona,lucia60@yahoo.com,643715,27/5/2021,Act.,998243
2194,CRM,Madrid,luis93@hotmail.com,779046,1/5/2021,Activo,696467
2195,CRM,Zaragoza,sofia62@gmail.com,,1/12/2022,Activo,820753
2196,CRM,Valencia,ana80@yahoo.com,699108,2/5/2020,Activo,151083
2197,CRM,Madrid,luis65@yahoo.com,,2/8/2029,Act.,588151
2198,SGA,Sevilla,juan98@yahoo.com,383336,22/4/2022,Act.,684796
2199,ERP,Málaga,javier32@outlook.com,778716,12/1/2022,Act.,440034
2200,POS,Sevilla,javier82@yahoo.com,98177777,24/9/2024,Act.,179922
2201,CRM,Zaragoza,sofia35@yahoo.com,407244,11/1/2020,Activo,
2202,POS,Zaragoza,elena41@yahoo.com,539103,25/7/2022,Activo,247129
2203,SGA,Sevilla,elena50@gmail.com,756916,21/2/2022,Activo,414426
2204,SGA,Valencia,maria20@gmail.com,98177777,17/4/2020,Activo,350202
2205,POS,Madrid,,98177777,11/7/2029,Activo,661064
2206,ERP,Málaga,juan52@gmail.com,730621,4/5/2023,Activo,966010
2207,POS,Sevilla,ana35@yahoo.com,98177777,16/1/2020,Activo,276151
2208,SGA,Zaragoza,carlos18@outlook.com,606387,11/4/2020,Activo,880955
2209,POS,Madrid,ana84@hotmail.com,535368,4/6/2020,Activo,
2210,CRM,Valencia,marta32@outlook.com,275943,23/7/2025,Activo,174460
2211,CRM,Sevilla,luis30@yahoo.com,828259,16/2/2022,Act.,762599
2212,ERP,Zaragoza,maria78@hotmail.com,827577,20/4/2020,Activo,546456
2213,POS,Sevilla,luis90@hotmail.com,232006,13/2/2023,Activo,879559
2214,POS,Valencia,carlos98@yahoo.com,722748,11/1/2025,Act.,219780
2215,POS,Zaragoza,javier28@hotmail.com,134658,28/8/2022,Activo,495963
2216,POS,Madrid,juan27@hotmail.com,919871,12/4/2025,Activo,723832
2217,ERP,Sevilla,elena31@gmail.com,155628,2/8/2020,Activo,354117
2218,SGA,Madrid,ana66@yahoo.com,188634,6/3/2028,Activo,424546
2219,ERP,Málaga,juan72@outlook.com,381469,11/12/2029,Activo,951496
2220,SGA,Málaga,maria57@gmail.com,760109,11/12/2022,Activo,999993
2221,SGA,Barcelona,sofia48@hotmail.com,205125,1/9/2025,Activo,644077
2222,SGA,Valencia,maria95@yahoo.com,255512,26/1/2023,Activo,726756
2223,POS,Sevilla,ana47@gmail.com,214015,22/10/2021,Activo,759371
2224,ERP,Zaragoza,elena12@hotmail.com,219169,27/4/2020,Activo,
2225,SGA,Málaga,ana42@yahoo.com,293301,22/1/2024,Act.,545372
2226,CRM,Valencia,luis13@hotmail.com,515238,24/11/2021,Activo,
2227,SGA,Barcelona,pedro16@yahoo.com,169031,26/2/2024,Activo,559035
2228,ERP,Zaragoza,carlos67@hotmail.com,444204,4/12/2020,Activo,
2229,POS,Valencia,carlos94@hotmail.com,926235,1/10/2024,Activo,207348
2230,CRM,Valencia,ana80@gmail.com,,4/3/2024,Actvo,
2231,SGA,Sevilla,sofia11@gmail.com,98177777,15/12/2024,Activo,102333
2232,POS,Barcelona,lucia70@hotmail.com,98177777,5/11/2025,Act.,300289
2233,ERP,Sevilla,marta96@outlook.com,740026,6/9/2022,Act.,
2234,ERP,Málaga,ana56@hotmail.com,327989,24/2/2024,Activo,
2235,CRM,Madrid,ana26@outlook.com,740490,28/5/2022,Activo,898532
2236,CRM,Zaragoza,luis34@hotmail.com,872760,9/11/2025,Activo,
2237,SGA,Barcelona,maria67@gmail.com,940042,11/1/2023,Act.,603943
2238,POS,Valencia,ana75@gmail.com,265585,9/11/2021,Activo,950767
2239,POS,Valencia,,768332,18/12/2024,Activo,535813
2240,ERP,Madrid,maria41@gmail.com,932501,28/7/2022,Activo,636281
2241,ERP,Valencia,maria29@yahoo.com,778827,18/2/2020,Activo,769905
2242,SGA,Zaragoza,maria11@gmail.com,746401,11/2/2021,Activo,281038
2243,SGA,Sevilla,ana89@gmail.com,535618,19/11/2025,Act.,
2244,ERP,Barcelona,javier68@outlook.com,604679,15/3/2021,Activo,183831
2245,ERP,Zaragoza,maria88@gmail.com,935977,1/12/2023,Activo,836117
2246,POS,Málaga,,470054,16/10/2025,Activo,409704
2247,POS,Madrid,marta20@yahoo.com,724037,13/8/2020,Activo,138468
2248,POS,Málaga,maria10@hotmail.com,98177777,1/8/2028,Activo,748520
2249,SGA,Zaragoza,lucia36@gmail.com,552225,9/1/2021,Activo,499220
2250,POS,Madrid,diego51@yahoo.com,271469,21/6/2025,Activo,953974
2251,CRM,Zaragoza,lucia73@yahoo.com,587559,28/4/2020,Activo,574646
2252,CRM,Valencia,marta96@gmail.com,347755,12/8/2020,Activo,373959
2253,POS,Valencia,luis10@gmail.com,111112,18/3/2023,Activo,164649
2254,POS,Madrid,lucia43@yahoo.com,98177777,13/2/2023,Activo,399806
2255,ERP,Zaragoza,sofia34@gmail.com,734507,21/3/2030,Activo,
2256,ERP,Zaragoza,maria34@yahoo.com,702563,27/3/2022,Activo,243041
2257,SGA,Sevilla,lucia30@hotmail.com,98177777,24/2/2023,Activo,114512
2258,CRM,Sevilla,sofia47@hotmail.com,158303,21/7/2025,Actvo,333662
2259,CRM,Barcelona,carlos37@hotmail.com,983348,18/7/2023,Activo,277817
2260,SGA,Valencia,ana40@gmail.com,170835,25/2/2020,Activo,984936
2261,POS,Madrid,javier42@outlook.com,776248,18/5/2028,Activo,543692
2262,POS,Málaga,maria17@gmail.com,252724,20/1/2021,Activo,
2263,SGA,Valencia,marta17@hotmail.com,612638,22/11/2023,Activo,706931
2264,CRM,Zaragoza,,873372,13/8/2023,Activo,644021
2265,CRM,Valencia,marta67@gmail.com,433550,1/9/2021,Activo,984009
2266,POS,Sevilla,javier21@outlook.com,155047,7/10/2022,Activo,728070
2267,ERP,Málaga,ana99@gmail.com,397942,2/7/2023,Act.,728749
2268,SGA,Zaragoza,marta50@hotmail.com,360659,21/8/2025,Activo,439391
2556,SGA,Valencia,elena57@hotmail.com,749323,11/6/2027,Act.,831412
2270,POS,Barcelona,elena50@yahoo.com,250584,21/1/2020,Activo,890124
2271,SGA,Sevilla,pedro15@outlook.com,886353,22/10/2021,Activo,836443
2272,CRM,Sevilla,elena51@hotmail.com,,2/7/2021,Activo,628317
2273,POS,Valencia,elena67@yahoo.com,481351,12/1/2024,Act.,340776
2764,CRM,Zaragoza,diego63@gmail.com,380640,25/9/2022,Activo,
2275,ERP,Zaragoza,ana58@yahoo.com,335545,12/7/2022,Activo,601072
2276,SGA,Sevilla,juan65@yahoo.com,420630,26/2/2025,Act.,792141
2277,SGA,Málaga,pedro37@gmail.com,817131,10/2/2022,Activo,772464
2278,CRM,Zaragoza,,716019,7/7/2020,Actvo,972222
2279,POS,Barcelona,carlos53@yahoo.com,98177777,12/1/2024,Activo,565125
2280,POS,Madrid,,322310,21/10/2020,Activo,591830
2281,SGA,Málaga,carlos80@outlook.com,804505,15/7/2020,Activo,756130
2282,CRM,Málaga,elena87@hotmail.com,292125,25/11/2025,Activo,
2283,ERP,Zaragoza,pedro72@gmail.com,822353,10/10/2021,Act.,329028
2284,CRM,Barcelona,maria18@outlook.com,638322,14/8/2024,Act.,865212
2285,POS,Zaragoza,sofia47@yahoo.com,827620,1/4/2020,Activo,208398
2286,SGA,Sevilla,elena37@hotmail.com,578856,15/8/2025,Activo,909375
2287,SGA,Barcelona,carlos90@yahoo.com,967419,3/2/2023,Activo,988118
2288,SGA,Málaga,carlos97@hotmail.com,635760,15/6/2025,Activo,158379
2289,ERP,Málaga,sofia26@outlook.com,98177777,22/1/2023,Activo,457564
2290,ERP,Sevilla,ana98@yahoo.com,120650,11/11/2025,Activo,554715
2291,POS,Valencia,elena18@gmail.com,343734,28/2/2023,Activo,239846
2292,CRM,Málaga,diego41@yahoo.com,360625,12/11/2021,Activo,904780
2293,CRM,Zaragoza,marta39@outlook.com,978976,6/10/2025,Activo,529722
2294,CRM,Zaragoza,elena45@outlook.com,152925,18/4/2023,Act.,501674
2295,ERP,Sevilla,ana99@yahoo.com,341175,2/4/2020,Activo,115810
2296,SGA,Zaragoza,ana90@yahoo.com,206399,7/7/2024,Activo,539504
2297,POS,Málaga,sofia40@yahoo.com,259936,14/8/2023,Activo,422179
2298,POS,Málaga,elena12@outlook.com,598758,16/6/2022,Activo,511876
2299,ERP,Madrid,maria59@yahoo.com,122689,3/6/2025,Activo,
2300,ERP,Zaragoza,maria77@hotmail.com,664903,23/8/2024,Activo,986319
2301,SGA,Barcelona,marta44@gmail.com,849290,5/8/2027,Activo,
2302,SGA,Valencia,lucia45@yahoo.com,264922,6/1/2020,Act.,159706
2303,ERP,Sevilla,juan70@yahoo.com,98177777,25/12/2030,Activo,
2304,POS,Barcelona,juan51@outlook.com,146999,18/2/2020,Activo,508336
1886,SGA,Barcelona,elena81@yahoo.com,176150,1/4/2020,Activo,243422
2306,SGA,Barcelona,ana72@outlook.com,231610,17/3/2022,Act.,979189
2307,POS,Málaga,luis35@yahoo.com,238484,4/7/2027,Activo,208824
4463,SGA,Málaga,sofia87@gmail.com,958630,19/8/2025,Activo,923189
2309,POS,Valencia,juan34@outlook.com,98177777,17/9/2022,Activo,390899
2310,CRM,Sevilla,diego64@gmail.com,483398,4/7/2024,Activo,407646
4459,SGA,Sevilla,lucia28@outlook.com,440017,1/8/2022,Activo,
2312,SGA,Valencia,,622879,10/5/2020,Act.,924367
2313,CRM,Madrid,diego20@outlook.com,,9/4/2022,Activo,345506
2314,POS,Málaga,pedro67@hotmail.com,379731,24/11/2023,Act.,491644
2315,SGA,Barcelona,sofia66@outlook.com,832183,23/2/2025,Activo,265127
2316,CRM,Sevilla,carlos68@outlook.com,,5/3/2023,Activo,772042
2317,POS,Valencia,sofia68@outlook.com,779089,23/8/2020,Activo,910426
2318,SGA,Valencia,pedro51@gmail.com,807897,1/6/2025,Activo,865351
2319,ERP,Málaga,ana80@hotmail.com,457447,26/1/2023,Activo,446923
2320,CRM,Barcelona,ana58@gmail.com,174665,1/12/2024,Activo,
2321,POS,Valencia,javier51@hotmail.com,98177777,21/5/2023,Activo,537629
2322,ERP,Málaga,sofia14@outlook.com,489373,12/12/2021,Activo,480131
2323,POS,Zaragoza,sofia15@gmail.com,997424,3/12/2022,Activo,438421
2324,ERP,Barcelona,marta26@hotmail.com,98177777,13/9/2023,Activo,334366
2325,ERP,Sevilla,,635499,9/10/2021,Activo,364248
2326,CRM,Barcelona,,137322,28/4/2023,Activo,885891
2327,CRM,Madrid,luis30@yahoo.com,908132,9/6/2024,Activo,469748
2328,ERP,Barcelona,ana55@outlook.com,714866,3/9/2028,Act.,886339
2329,CRM,Barcelona,ana18@hotmail.com,,18/5/2023,Activo,179742
2330,POS,Madrid,juan77@hotmail.com,868354,3/11/2022,Activo,447034
2331,SGA,Barcelona,diego98@yahoo.com,462030,8/12/2021,Activo,880633
2332,POS,Valencia,maria36@hotmail.com,466263,22/11/2021,Act.,404548
2333,ERP,Sevilla,carlos39@yahoo.com,334056,13/11/2024,Activo,931635
2334,POS,Sevilla,,425121,28/1/2023,Activo,771322
2335,ERP,Zaragoza,juan16@yahoo.com,366263,11/4/2023,Activo,
2336,POS,Sevilla,juan38@yahoo.com,171703,20/5/2021,Activo,944559
2337,POS,Sevilla,pedro74@outlook.com,593298,4/9/2025,Activo,278150
2338,CRM,Málaga,javier95@hotmail.com,825621,9/3/2020,Activo,993300
2339,ERP,Madrid,,893195,1/3/2024,Act.,888019
2340,ERP,Barcelona,elena13@hotmail.com,620279,6/11/2022,Activo,283664
2341,SGA,Barcelona,juan35@gmail.com,511389,6/4/2025,Activo,689937
2342,POS,Valencia,sofia72@gmail.com,341816,22/2/2021,Activo,988673
2343,POS,Barcelona,maria84@outlook.com,639944,4/7/2025,Activo,443676
2344,SGA,Madrid,pedro60@yahoo.com,237846,1/9/2023,Activo,319179
2345,ERP,Valencia,juan90@outlook.com,529475,2/2/2030,Activo,516713
2346,POS,Valencia,ana75@hotmail.com,980694,28/6/2024,Activo,811609
2347,SGA,Málaga,lucia87@outlook.com,226169,15/9/2025,Activo,691123
2348,SGA,Zaragoza,ana43@hotmail.com,240643,10/3/2023,Activo,249117
4105,SGA,Barcelona,carlos67@gmail.com,178049,12/9/2024,Activo,
2350,POS,Málaga,javier95@hotmail.com,662505,7/9/2022,Activo,642121
2351,ERP,Madrid,maria15@hotmail.com,850905,23/11/2025,Activo,139895
2352,ERP,Málaga,marta36@yahoo.com,431289,22/5/2025,Activo,161708
2353,SGA,Sevilla,marta48@yahoo.com,916949,11/1/2024,Activo,896506
2354,SGA,Madrid,carlos56@hotmail.com,98177777,18/7/2021,Activo,
2355,ERP,Madrid,,176711,24/5/2023,Activo,186138
2356,SGA,Madrid,sofia42@yahoo.com,403208,20/1/2022,Activo,396609
2357,SGA,Valencia,carlos11@yahoo.com,429664,10/10/2020,Act.,691640
2358,ERP,Zaragoza,ana36@hotmail.com,791567,5/10/2022,Activo,592605
2359,POS,Valencia,diego51@hotmail.com,947957,8/3/2025,Activo,332129
2360,SGA,Madrid,sofia31@hotmail.com,783808,8/2/2021,Activo,669751
2361,POS,Sevilla,sofia46@yahoo.com,567027,1/8/2027,Activo,841517
2362,SGA,Valencia,,181103,20/1/2025,Activo,808538
2363,SGA,Málaga,juan13@gmail.com,819153,17/12/2023,Activo,605491
2364,SGA,Málaga,carlos10@outlook.com,542979,1/2/2024,Activo,359687
2365,CRM,Madrid,marta82@yahoo.com,,23/11/2021,Actvo,744902
2366,POS,Sevilla,ana37@yahoo.com,144074,9/6/2024,Act.,173739
2367,POS,Málaga,marta57@gmail.com,721659,17/3/2025,Activo,858137
2368,SGA,Barcelona,javier12@outlook.com,98177777,24/5/2020,Activo,275719
2369,ERP,Barcelona,maria48@yahoo.com,98177777,17/4/2023,Activo,
2370,SGA,Madrid,lucia25@gmail.com,902465,18/9/2025,Activo,
2371,CRM,Zaragoza,elena32@gmail.com,868327,16/12/2022,Activo,123511
2372,SGA,Málaga,marta40@hotmail.com,98177777,1/8/2022,Activo,358020
2373,CRM,Zaragoza,sofia98@outlook.com,,8/9/2020,Actvo,527417
2374,SGA,Madrid,marta82@hotmail.com,256027,27/4/2025,Activo,
2375,POS,Zaragoza,,638385,2/11/2020,Activo,622379
2376,SGA,Málaga,lucia18@hotmail.com,684337,15/9/2023,Activo,298029
2377,POS,Zaragoza,juan14@hotmail.com,98177777,28/6/2020,Activo,646601
2378,ERP,Zaragoza,elena62@yahoo.com,140123,25/6/2025,Activo,500972
2379,ERP,Valencia,sofia15@gmail.com,509719,11/8/2025,Activo,732534
2380,SGA,Sevilla,carlos46@hotmail.com,504617,21/7/2025,Act.,297754
2381,SGA,Madrid,carlos13@outlook.com,681815,8/7/2021,Activo,825135
2382,ERP,Barcelona,lucia40@hotmail.com,527432,7/7/2021,Activo,400789
2383,CRM,Zaragoza,javier15@hotmail.com,596115,9/8/2022,Activo,
2384,ERP,Madrid,marta72@yahoo.com,869507,25/2/2025,Act.,169160
2385,ERP,Valencia,marta16@outlook.com,653063,8/3/2023,Activo,943525
2386,CRM,Valencia,sofia57@hotmail.com,470379,14/12/2022,Activo,503273
2387,ERP,Zaragoza,luis30@outlook.com,724830,17/12/2025,Activo,
2388,ERP,Málaga,ana80@yahoo.com,98177777,9/11/2022,Activo,968506
2389,CRM,Sevilla,javier54@hotmail.com,136893,18/6/2024,Activo,810278
2390,CRM,Málaga,diego57@hotmail.com,500356,6/12/2022,Activo,629115
2391,POS,Málaga,carlos28@hotmail.com,519702,24/8/2020,Activo,406053
2392,SGA,Barcelona,diego56@hotmail.com,662354,25/7/2023,Act.,654844
2393,POS,Sevilla,carlos27@outlook.com,498661,1/2/2022,Activo,361935
2394,CRM,Barcelona,javier69@hotmail.com,649459,25/2/2022,Activo,943411
2395,ERP,Barcelona,javier31@gmail.com,98177777,1/12/2025,Act.,156855
2396,CRM,Madrid,javier28@outlook.com,263664,19/3/2025,Activo,809868
2397,ERP,Barcelona,marta30@yahoo.com,264199,17/4/2025,Activo,
2398,POS,Barcelona,lucia98@hotmail.com,859171,11/10/2023,Act.,308893
2399,POS,Valencia,diego24@gmail.com,680885,27/3/2021,Activo,
2400,POS,Sevilla,sofia10@outlook.com,801250,21/9/2023,Activo,680203
2401,ERP,Sevilla,javier31@yahoo.com,404488,13/6/2021,Activo,866678
5376,SGA,Valencia,ana72@gmail.com,762986,8/5/2023,Activo,170059
2403,SGA,Zaragoza,ana80@hotmail.com,321017,25/2/2020,Activo,
2404,SGA,Madrid,diego38@outlook.com,396451,7/8/2020,Activo,535687
2405,CRM,Sevilla,marta23@yahoo.com,,25/3/2021,Act.,858332
2406,CRM,Zaragoza,elena29@yahoo.com,862473,14/6/2025,Activo,622894
2407,ERP,Valencia,luis23@hotmail.com,919009,25/7/2021,Act.,921163
2408,CRM,Málaga,maria98@outlook.com,,19/4/2023,Activo,351834
2409,ERP,Madrid,diego48@yahoo.com,152131,16/6/2023,Activo,458684
2410,POS,Valencia,maria34@gmail.com,732983,12/5/2022,Activo,578297
2411,ERP,Zaragoza,,645709,1/4/2024,Activo,474426
2412,CRM,Sevilla,lucia33@gmail.com,712356,21/9/2024,Activo,446894
2413,POS,Sevilla,,697366,8/10/2024,Activo,160998
2414,POS,Málaga,maria64@outlook.com,772706,12/6/2025,Activo,628759
2415,ERP,Barcelona,juan99@outlook.com,397853,10/11/2021,Act.,
2416,SGA,Valencia,ana36@outlook.com,314349,22/1/2022,Activo,829609
2417,CRM,Barcelona,sofia71@gmail.com,183289,15/1/2022,Activo,475629
2418,CRM,Valencia,juan73@outlook.com,604161,16/7/2025,Activo,856984
2419,SGA,Sevilla,carlos99@hotmail.com,137034,23/4/2025,Activo,
2420,CRM,Málaga,diego78@gmail.com,497324,28/1/2024,Activo,246496
2421,SGA,Valencia,sofia89@outlook.com,858348,24/11/2025,Activo,314243
2422,SGA,Valencia,javier72@gmail.com,490672,28/10/2023,Activo,489508
2423,POS,Madrid,elena21@hotmail.com,98177777,2/5/2024,Activo,962543
2424,POS,Málaga,maria20@yahoo.com,899918,18/6/2021,Activo,
2425,ERP,Zaragoza,marta90@gmail.com,205881,28/9/2022,Activo,887593
5663,POS,Madrid,marta53@yahoo.com,98177777,25/12/2022,Activo,824720
2427,SGA,Málaga,elena14@outlook.com,552048,21/11/2021,Act.,784511
2428,ERP,Málaga,marta67@yahoo.com,98177777,1/3/2024,Activo,186240
2429,CRM,Madrid,maria11@yahoo.com,934252,23/11/2025,Activo,811684
2430,SGA,Málaga,javier13@hotmail.com,521706,8/9/2022,Activo,173225
2431,ERP,Málaga,,418421,28/3/2020,Activo,786634
2432,POS,Barcelona,carlos99@hotmail.com,886950,5/10/2022,Activo,452700
2433,SGA,Valencia,luis93@gmail.com,98177777,27/9/2022,Activo,129875
2434,ERP,Zaragoza,maria99@hotmail.com,98177777,23/7/2023,Activo,250214
2435,CRM,Sevilla,elena47@yahoo.com,560215,23/12/2024,Act.,118207
2436,SGA,Valencia,,253668,23/9/2020,Activo,939155
2437,SGA,Málaga,diego24@yahoo.com,98177777,18/12/2021,Activo,114895
2438,ERP,Málaga,maria35@hotmail.com,98177777,27/5/2021,Activo,395112
2439,ERP,Valencia,juan59@yahoo.com,975450,16/3/2023,Activo,435362
2440,POS,Málaga,juan48@yahoo.com,549338,4/2/2024,Activo,229285
2441,POS,Madrid,javier84@hotmail.com,929431,15/4/2024,Activo,411378
2442,SGA,Zaragoza,elena99@gmail.com,907959,3/6/2020,Activo,631675
2443,CRM,Barcelona,pedro26@gmail.com,599979,27/7/2025,Activo,264822
2444,POS,Sevilla,ana99@hotmail.com,353707,16/4/2023,Activo,
2445,CRM,Sevilla,,,28/2/2024,Activo,540470
2446,ERP,Madrid,marta57@gmail.com,496915,24/8/2022,Activo,689810
2447,ERP,Sevilla,juan45@hotmail.com,684276,1/12/2021,Activo,870452
2448,POS,Valencia,diego18@gmail.com,720654,3/10/2020,Activo,793006
2449,SGA,Valencia,javier55@hotmail.com,980436,13/7/2025,Activo,831133
2450,ERP,Madrid,lucia27@gmail.com,489206,4/7/2025,Activo,707019
4378,CRM,Barcelona,,603826,22/11/2025,Activo,157180
2452,SGA,Valencia,pedro95@yahoo.com,113228,18/9/2025,Activo,395565
2453,POS,Barcelona,luis57@outlook.com,250551,24/7/2023,Activo,
2454,ERP,Barcelona,javier33@hotmail.com,160373,6/12/2021,Activo,965130
2455,POS,Sevilla,juan39@yahoo.com,493162,6/5/2025,Activo,277078
2456,SGA,Málaga,pedro99@hotmail.com,404162,21/3/2023,Activo,799081
2457,SGA,Valencia,,124929,13/11/2024,Activo,
2458,SGA,Málaga,,458719,14/8/2030,Act.,936351
2459,CRM,Sevilla,maria77@outlook.com,132873,4/7/2020,Activo,478771
2460,SGA,Madrid,juan48@yahoo.com,880534,21/5/2024,Activo,316263
2461,SGA,Valencia,lucia71@yahoo.com,798150,12/8/2022,Activo,905736
2462,ERP,Madrid,elena71@hotmail.com,677305,15/9/2021,Activo,
2463,CRM,Sevilla,pedro59@gmail.com,695621,7/6/2024,Activo,289516
5159,CRM,Sevilla,pedro75@yahoo.com,520962,17/1/2020,Actvo,656502
2465,POS,Málaga,maria71@gmail.com,348409,26/10/2020,Activo,686509
2466,SGA,Sevilla,lucia90@hotmail.com,601544,8/8/2022,Activo,188743
2467,ERP,Valencia,ana38@outlook.com,495844,9/3/2023,Act.,967433
2468,POS,Málaga,diego15@outlook.com,98177777,27/2/2022,Activo,414736
2469,SGA,Sevilla,juan34@outlook.com,312019,11/9/2021,Activo,475638
2470,CRM,Madrid,sofia38@yahoo.com,909436,3/9/2024,Actvo,502750
2471,SGA,Barcelona,luis62@yahoo.com,651710,11/2/2024,Activo,450028
2472,SGA,Málaga,luis46@hotmail.com,803857,1/8/2023,Activo,170484
2473,ERP,Valencia,diego86@gmail.com,98177777,15/8/2025,Activo,834413
2474,ERP,Zaragoza,luis20@yahoo.com,98177777,20/4/2020,Activo,428799
2475,ERP,Madrid,juan57@outlook.com,98177777,7/2/2023,Activo,512702
2476,POS,Valencia,elena93@outlook.com,265033,28/5/2024,Activo,407448
2477,ERP,Sevilla,luis87@outlook.com,748503,7/4/2022,Activo,553570
2478,POS,Zaragoza,elena75@hotmail.com,118622,6/6/2020,Act.,437043
2479,SGA,Málaga,marta85@yahoo.com,848546,28/4/2021,Activo,964725
2480,POS,Zaragoza,maria98@hotmail.com,558943,8/12/2025,Activo,131637
2481,POS,Málaga,luis76@gmail.com,693906,24/3/2020,Activo,488393
2482,ERP,Valencia,carlos44@outlook.com,532827,2/2/2022,Activo,263799
2483,ERP,Sevilla,lucia50@outlook.com,384656,23/7/2024,Activo,995289
2484,CRM,Málaga,sofia34@outlook.com,506308,3/5/2025,Act.,493929
2485,POS,Madrid,lucia52@hotmail.com,749275,20/6/2023,Activo,483231
2486,SGA,Madrid,sofia64@yahoo.com,304106,16/1/2025,Activo,617692
2487,CRM,Málaga,pedro98@outlook.com,647219,26/8/2030,Activo,925714
2488,CRM,Málaga,javier56@outlook.com,495934,18/11/2022,Activo,
2489,CRM,Barcelona,elena84@yahoo.com,453185,18/4/2020,Actvo,899111
2490,ERP,Málaga,marta47@yahoo.com,915780,9/4/2022,Activo,820889
2491,ERP,Sevilla,javier53@yahoo.com,523855,13/4/2023,Activo,147240
2492,ERP,Málaga,elena57@yahoo.com,98177777,20/9/2021,Activo,818123
2493,SGA,Barcelona,marta44@hotmail.com,361946,14/9/2023,Activo,573355
2494,POS,Madrid,pedro42@gmail.com,98177777,21/5/2022,Activo,884974
2495,CRM,Sevilla,diego80@hotmail.com,400909,24/5/2024,Act.,812056
2496,ERP,Barcelona,,98177777,4/1/2021,Activo,544091
2497,POS,Málaga,carlos73@hotmail.com,590836,25/3/2023,Act.,895628
2498,CRM,Valencia,luis84@outlook.com,989199,25/4/2025,Activo,460408
2499,POS,Valencia,diego35@outlook.com,207043,1/7/2020,Activo,878991
2500,CRM,Zaragoza,,182640,9/3/2024,Activo,627966
2501,POS,Madrid,elena86@gmail.com,643851,10/3/2021,Act.,160078
2502,ERP,Madrid,diego50@gmail.com,145591,25/2/2021,Act.,424625
2503,POS,Barcelona,maria56@gmail.com,207257,9/8/2021,Act.,583840
4977,POS,Barcelona,,992171,21/11/2023,Activo,845627
2505,CRM,Zaragoza,,909713,20/11/2021,Act.,
2506,POS,Málaga,luis44@yahoo.com,112553,2/10/2021,Activo,353035
2507,SGA,Málaga,marta97@hotmail.com,532870,17/8/2020,Activo,991934
2508,CRM,Barcelona,javier82@gmail.com,145554,4/3/2021,Activo,805608
2509,POS,Zaragoza,,939949,17/3/2024,Activo,533696
2510,SGA,Málaga,sofia45@outlook.com,288421,17/4/2024,Act.,
2511,CRM,Sevilla,lucia38@outlook.com,233263,27/1/2020,Activo,113187
2512,ERP,Valencia,ana40@yahoo.com,680203,25/11/2025,Activo,715939
2513,CRM,Sevilla,,388789,12/10/2022,Actvo,940844
2514,CRM,Sevilla,lucia31@hotmail.com,744047,16/7/2024,Activo,192067
2515,POS,Málaga,sofia12@yahoo.com,98177777,25/1/2023,Act.,381222
2516,SGA,Barcelona,marta88@outlook.com,938501,17/1/2020,Activo,439333
2517,CRM,Valencia,maria22@yahoo.com,186924,10/12/2020,Actvo,611490
2518,CRM,Barcelona,lucia40@hotmail.com,596642,1/6/2025,Activo,779054
2519,CRM,Málaga,pedro38@outlook.com,438647,9/7/2020,Activo,627263
2520,POS,Zaragoza,lucia95@outlook.com,949675,26/12/2020,Activo,799022
2521,CRM,Valencia,sofia59@hotmail.com,999444,27/5/2021,Act.,231598
2522,SGA,Valencia,maria20@hotmail.com,417646,14/1/2023,Activo,891090
2523,POS,Barcelona,elena29@hotmail.com,251778,9/4/2025,Activo,820650
2524,ERP,Madrid,diego12@outlook.com,372128,4/2/2022,Activo,454890
2525,ERP,Sevilla,javier72@hotmail.com,256421,9/10/2025,Activo,472304
2526,POS,Valencia,luis53@outlook.com,670655,24/11/2021,Activo,543447
2527,SGA,Barcelona,,300689,19/2/2023,Activo,510267
2528,POS,Sevilla,diego66@yahoo.com,356184,20/12/2024,Activo,632771
2529,POS,Sevilla,marta19@hotmail.com,346106,13/10/2020,Activo,
2530,POS,Zaragoza,diego36@yahoo.com,414786,20/2/2022,Activo,590834
2531,POS,Barcelona,diego45@yahoo.com,337359,3/8/2022,Activo,
2532,CRM,Madrid,lucia58@hotmail.com,978285,23/10/2022,Act.,976453
2533,ERP,Madrid,javier82@yahoo.com,215214,19/5/2021,Activo,536627
2534,SGA,Zaragoza,maria67@gmail.com,133099,26/7/2027,Activo,
2535,CRM,Málaga,ana56@hotmail.com,498730,3/7/2020,Activo,686864
2536,ERP,Zaragoza,,761964,4/2/2025,Activo,416162
2537,POS,Málaga,elena64@gmail.com,227699,7/12/2024,Activo,693151
2538,ERP,Barcelona,ana39@outlook.com,926263,13/5/2022,Activo,882519
2539,ERP,Madrid,carlos71@yahoo.com,899259,12/11/2021,Act.,363071
2540,CRM,Sevilla,sofia92@yahoo.com,701623,21/5/2023,Activo,114838
2541,CRM,Barcelona,diego56@gmail.com,501850,7/3/2024,Activo,488493
2542,SGA,Valencia,maria30@gmail.com,98177777,14/1/2022,Activo,829392
2543,POS,Málaga,luis16@outlook.com,920522,7/6/2025,Activo,175236
2544,POS,Barcelona,,625714,26/1/2021,Activo,715527
2545,POS,Madrid,elena29@outlook.com,880515,26/6/2025,Activo,297006
2546,ERP,Sevilla,diego45@yahoo.com,206887,6/5/2024,Activo,373467
2547,ERP,Zaragoza,carlos31@gmail.com,943304,18/12/2025,Act.,178265
2548,POS,Sevilla,maria89@gmail.com,231276,23/9/2029,Activo,491320
2549,SGA,Zaragoza,marta32@outlook.com,988142,20/8/2030,Activo,523719
2550,ERP,Valencia,diego31@yahoo.com,789729,9/9/2022,Activo,
2551,SGA,Barcelona,,249961,11/6/2020,Activo,252383
2552,ERP,Madrid,sofia19@gmail.com,861560,22/7/2021,Activo,550527
2553,CRM,Valencia,carlos32@gmail.com,687411,6/12/2022,Activo,572959
2554,CRM,Barcelona,luis57@yahoo.com,914809,25/11/2025,Actvo,427040
2555,POS,Zaragoza,pedro41@gmail.com,166469,26/5/2025,Act.,896719
2556,CRM,Madrid,pedro44@gmail.com,331152,19/4/2024,Activo,506672
2557,ERP,Madrid,juan60@yahoo.com,394548,4/11/2027,Activo,680330
3087,ERP,Málaga,elena29@yahoo.com,98177777,23/7/2023,Activo,605135
2559,CRM,Zaragoza,sofia57@outlook.com,640717,16/8/2024,Activo,967463
2560,CRM,Sevilla,elena32@gmail.com,999537,28/11/2021,Act.,735979
2561,CRM,Sevilla,pedro91@gmail.com,689680,3/9/2022,Act.,875448
2562,POS,Málaga,,427208,22/9/2023,Activo,699422
2563,CRM,Sevilla,juan46@hotmail.com,,17/12/2028,Activo,335370
2564,ERP,Madrid,elena96@hotmail.com,190097,20/5/2020,Activo,
2565,CRM,Barcelona,marta61@hotmail.com,342699,2/9/2024,Activo,757430
2566,POS,Málaga,luis55@hotmail.com,767084,19/3/2024,Act.,
2567,POS,Barcelona,luis62@yahoo.com,715772,27/11/2024,Activo,507561
2568,ERP,Barcelona,elena26@gmail.com,424762,26/4/2024,Activo,971134
2569,ERP,Valencia,sofia57@outlook.com,140425,2/4/2021,Activo,289195
2559,CRM,Valencia,diego58@hotmail.com,534184,15/8/2020,Actvo,953230
2571,ERP,Málaga,juan50@hotmail.com,98177777,5/1/2024,Activo,182398
2572,SGA,Sevilla,juan37@hotmail.com,930875,26/9/2025,Act.,239614
2573,ERP,Sevilla,pedro67@yahoo.com,98177777,23/5/2021,Act.,226354
2574,SGA,Barcelona,carlos60@yahoo.com,505161,23/1/2024,Activo,395244
2575,SGA,Sevilla,lucia66@outlook.com,410286,15/9/2021,Activo,853391
2576,ERP,Barcelona,elena69@outlook.com,627778,9/1/2022,Activo,215968
2577,SGA,Zaragoza,elena26@hotmail.com,323011,23/11/2022,Activo,313699
2578,ERP,Barcelona,lucia28@gmail.com,98177777,1/6/2020,Activo,889730
2579,ERP,Valencia,juan54@hotmail.com,375435,18/2/2025,Act.,698388
2580,POS,Málaga,javier65@gmail.com,470868,13/2/2020,Activo,545904
2581,SGA,Málaga,ana75@hotmail.com,508656,1/1/2024,Activo,815311
2582,SGA,Barcelona,,596816,27/6/2025,Activo,977505
2583,CRM,Sevilla,elena18@outlook.com,901710,4/12/2025,Actvo,799774
2584,ERP,Barcelona,carlos74@yahoo.com,444061,5/11/2022,Activo,951762
2585,POS,Sevilla,,595343,17/2/2029,Activo,540466
2586,POS,Barcelona,marta81@outlook.com,928961,22/6/2022,Activo,282218
2587,CRM,Madrid,,,8/12/2021,Activo,533300
2588,SGA,Valencia,javier76@outlook.com,128648,11/6/2022,Activo,537443
2589,POS,Valencia,,999522,9/2/2025,Act.,772318
2590,SGA,Barcelona,sofia68@outlook.com,571579,23/12/2024,Activo,614150
2591,POS,Zaragoza,carlos57@gmail.com,748268,18/8/2020,Activo,510614
2592,POS,Sevilla,sofia25@hotmail.com,743235,20/4/2020,Activo,403385
2593,ERP,Barcelona,diego75@gmail.com,650777,11/3/2020,Activo,737519
2594,SGA,Valencia,luis82@gmail.com,733621,16/7/2020,Activo,939267
2595,POS,Zaragoza,pedro58@outlook.com,358927,28/5/2021,Activo,
2596,ERP,Málaga,elena91@outlook.com,842411,6/5/2020,Activo,108807
2597,POS,Málaga,lucia21@hotmail.com,884118,20/7/2021,Activo,844421
2598,ERP,Sevilla,lucia15@gmail.com,744738,22/7/2021,Activo,
2599,ERP,Madrid,pedro34@hotmail.com,294848,4/7/2023,Act.,267087
2600,SGA,Madrid,diego29@hotmail.com,524170,23/10/2020,Activo,119363
2601,ERP,Sevilla,carlos36@gmail.com,174247,23/11/2020,Activo,233652
2602,POS,Barcelona,pedro14@outlook.com,98177777,3/3/2021,Activo,649203
2603,CRM,Valencia,maria38@hotmail.com,335035,23/1/2023,Act.,566080
2604,POS,Málaga,pedro96@hotmail.com,895950,19/7/2022,Activo,828512
2605,POS,Sevilla,javier68@outlook.com,467623,21/7/2021,Activo,317074
2606,ERP,Málaga,ana70@outlook.com,168542,6/4/2025,Activo,440658
2607,POS,Barcelona,luis52@outlook.com,683554,26/4/2022,Act.,859827
2608,ERP,Málaga,javier97@outlook.com,98177777,4/5/2022,Activo,458131
2609,SGA,Sevilla,lucia38@gmail.com,515841,13/3/2024,Activo,184791
2610,ERP,Málaga,carlos52@outlook.com,818741,1/12/2025,Activo,
2611,SGA,Sevilla,marta61@gmail.com,185159,20/11/2021,Activo,889363
2612,CRM,Málaga,carlos42@gmail.com,,17/11/2025,Activo,354630
2613,POS,Zaragoza,luis38@yahoo.com,525770,19/11/2029,Activo,666275
2614,SGA,Valencia,lucia69@yahoo.com,409668,1/10/2025,Activo,
2615,CRM,Madrid,marta79@outlook.com,199217,9/3/2020,Activo,998574
2616,ERP,Madrid,diego63@outlook.com,336830,14/9/2021,Activo,837745
2617,CRM,Zaragoza,lucia30@hotmail.com,507369,11/8/2020,Activo,445521
2618,SGA,Madrid,javier18@outlook.com,122353,1/12/2021,Activo,533144
2619,POS,Madrid,juan65@hotmail.com,98177777,15/5/2020,Act.,793440
2620,CRM,Valencia,pedro63@hotmail.com,646364,2/6/2022,Activo,
2621,CRM,Barcelona,ana57@gmail.com,728565,24/8/2024,Activo,780984
2622,ERP,Sevilla,elena72@hotmail.com,688702,17/12/2020,Activo,167187
2623,ERP,Valencia,diego65@yahoo.com,766451,12/6/2024,Activo,198447
2624,POS,Zaragoza,sofia31@outlook.com,955961,10/10/2022,Activo,271525
2625,ERP,Málaga,ana85@hotmail.com,384818,6/10/2021,Activo,182420
2626,SGA,Zaragoza,maria20@gmail.com,641866,21/6/2020,Activo,933794
2627,SGA,Málaga,juan29@hotmail.com,98177777,16/4/2022,Act.,948863
2628,CRM,Málaga,maria99@yahoo.com,,5/5/2023,Activo,768517
5465,ERP,Madrid,juan70@yahoo.com,524974,21/11/2024,Act.,503636
2253,ERP,Madrid,,126584,2/11/2021,Activo,511338
2631,CRM,Valencia,ana96@outlook.com,578145,20/2/2023,Activo,746632
2632,POS,Zaragoza,maria15@yahoo.com,104119,6/7/2020,Activo,283696
2633,ERP,Zaragoza,ana22@gmail.com,566108,21/11/2022,Activo,781620
2634,ERP,Sevilla,maria15@gmail.com,902390,5/1/2022,Activo,534263
4771,POS,Valencia,lucia31@hotmail.com,785603,27/8/2020,Act.,442222
2636,ERP,Sevilla,elena23@outlook.com,702010,8/2/2023,Activo,393476
2637,SGA,Málaga,sofia77@gmail.com,724446,5/12/2020,Activo,301845
2638,SGA,Valencia,carlos27@gmail.com,311800,7/1/2022,Activo,817088
2639,POS,Barcelona,carlos30@gmail.com,138768,28/2/2020,Activo,151640
2640,POS,Zaragoza,lucia98@outlook.com,208279,4/2/2022,Activo,800284
2641,SGA,Madrid,,177473,14/5/2021,Activo,391587
2642,SGA,Zaragoza,javier30@hotmail.com,701604,3/5/2025,Activo,132365
2643,SGA,Barcelona,ana75@outlook.com,543677,16/9/2025,Act.,614397
2644,SGA,Valencia,marta61@hotmail.com,138287,1/6/2024,Activo,461796
2645,POS,Barcelona,lucia49@outlook.com,124773,5/12/2023,Activo,307550
2646,POS,Zaragoza,elena29@yahoo.com,197334,16/1/2021,Activo,212885
2647,CRM,Sevilla,,407992,14/1/2024,Activo,262844
3554,POS,Valencia,,98177777,15/7/2025,Activo,875568
2649,SGA,Sevilla,pedro23@hotmail.com,473998,16/10/2024,Act.,986491
2650,ERP,Barcelona,marta19@outlook.com,720671,15/12/2023,Activo,822115
2651,SGA,Madrid,marta50@yahoo.com,392884,22/10/2022,Activo,573566
2652,SGA,Valencia,diego62@gmail.com,344625,3/2/2020,Activo,710320
2653,POS,Málaga,javier95@outlook.com,644192,28/8/2022,Activo,149740
2654,CRM,Zaragoza,lucia70@gmail.com,692072,20/10/2021,Act.,968570
2655,ERP,Sevilla,diego34@outlook.com,835397,23/8/2021,Activo,361645
2656,ERP,Barcelona,,492194,7/10/2020,Activo,
2657,CRM,Valencia,,339926,2/8/2020,Actvo,576865
2658,SGA,Madrid,carlos59@yahoo.com,214187,20/5/2020,Activo,578235
2659,POS,Valencia,elena94@hotmail.com,812723,22/6/2021,Activo,231912
2660,SGA,Madrid,ana67@yahoo.com,98177777,2/2/2023,Activo,910411
2661,ERP,Barcelona,marta64@outlook.com,345511,27/1/2021,Act.,259134
2662,ERP,Sevilla,sofia99@yahoo.com,101323,5/12/2024,Activo,995815
2663,SGA,Valencia,,893909,24/4/2025,Activo,934124
2664,ERP,Málaga,carlos63@gmail.com,98177777,5/4/2020,Activo,175758
2665,POS,Valencia,ana28@gmail.com,935680,26/5/2020,Activo,267744
2666,ERP,Sevilla,lucia75@hotmail.com,288861,14/2/2023,Activo,728509
2667,POS,Valencia,lucia33@hotmail.com,523853,24/10/2023,Activo,349517
2668,SGA,Valencia,,324859,10/11/2023,Activo,277469
2669,SGA,Zaragoza,,852492,19/8/2027,Activo,847678
2670,POS,Valencia,ana88@outlook.com,875630,4/10/2025,Activo,
2671,POS,Zaragoza,maria71@yahoo.com,779052,19/6/2020,Activo,715620
2672,POS,Valencia,ana97@outlook.com,346790,4/6/2023,Activo,620777
2673,ERP,Sevilla,luis85@yahoo.com,576504,5/4/2021,Activo,702243
3574,SGA,Barcelona,marta15@hotmail.com,695512,16/2/2022,Activo,
2675,ERP,Valencia,sofia80@outlook.com,900429,17/7/2030,Activo,189022
2676,ERP,Málaga,elena15@outlook.com,262288,10/3/2021,Activo,469149
2677,POS,Sevilla,diego85@gmail.com,619370,24/5/2024,Activo,979907
2678,ERP,Barcelona,diego69@yahoo.com,259631,18/12/2025,Act.,632827
2679,CRM,Zaragoza,sofia38@hotmail.com,305600,13/12/2021,Activo,274612
2680,CRM,Málaga,javier14@yahoo.com,951220,15/2/2023,Actvo,837293
2681,CRM,Málaga,sofia42@hotmail.com,465948,21/9/2020,Activo,887348
2682,CRM,Sevilla,luis39@gmail.com,494385,17/11/2030,Activo,980469
2683,CRM,Madrid,elena40@hotmail.com,793375,21/2/2023,Actvo,443712
2684,POS,Barcelona,,751935,17/5/2022,Activo,842847
2685,ERP,Barcelona,,602438,2/1/2023,Activo,798781
2686,ERP,Madrid,,506868,27/5/2024,Activo,999067
2687,CRM,Barcelona,luis79@hotmail.com,796025,9/3/2021,Activo,690058
2688,ERP,Barcelona,,98177777,15/10/2023,Activo,997425
2689,CRM,Madrid,marta91@outlook.com,353153,13/7/2022,Activo,916522
2690,ERP,Sevilla,javier16@hotmail.com,310510,10/9/2025,Activo,803492
2691,POS,Valencia,lucia78@outlook.com,902271,15/2/2024,Activo,953958
2692,SGA,Barcelona,lucia59@outlook.com,738538,3/7/2021,Activo,435376
2693,CRM,Málaga,javier35@gmail.com,134999,24/8/2025,Activo,974151
2694,POS,Sevilla,maria52@yahoo.com,483035,8/5/2023,Activo,529160
2695,POS,Sevilla,juan22@yahoo.com,772225,10/10/2024,Activo,180556
2696,CRM,Madrid,marta43@yahoo.com,340119,24/5/2021,Activo,349260
2697,CRM,Sevilla,javier42@hotmail.com,584974,15/4/2021,Activo,662095
2698,POS,Madrid,diego36@yahoo.com,224195,21/11/2025,Activo,459935
2699,CRM,Sevilla,carlos49@gmail.com,227333,17/9/2023,Activo,117255
2700,CRM,Valencia,,455468,16/6/2020,Activo,135612
2701,SGA,Málaga,maria10@yahoo.com,98177777,27/4/2022,Act.,710921
2702,SGA,Zaragoza,,715983,21/11/2025,Act.,831318
2703,CRM,Sevilla,carlos32@gmail.com,297109,15/10/2020,Activo,463519
2704,POS,Sevilla,ana25@hotmail.com,489015,24/8/2025,Activo,880994
2705,ERP,Sevilla,elena95@outlook.com,512242,2/8/2025,Activo,296616
2706,CRM,Madrid,ana21@outlook.com,318760,2/5/2022,Activo,318404
2707,CRM,Málaga,lucia79@outlook.com,661108,11/4/2027,Act.,782804
2708,ERP,Barcelona,sofia21@gmail.com,569615,3/8/2022,Activo,922402
2709,ERP,Madrid,ana30@yahoo.com,98177777,4/3/2022,Activo,893554
2710,ERP,Valencia,javier54@gmail.com,794809,19/3/2021,Act.,297414
2711,SGA,Madrid,diego65@gmail.com,777262,19/11/2023,Activo,116006
2712,SGA,Barcelona,diego37@yahoo.com,609605,15/12/2020,Activo,707307
2713,SGA,Valencia,javier71@gmail.com,98177777,12/6/2025,Activo,191184
2714,POS,Barcelona,marta39@hotmail.com,728411,21/3/2020,Activo,582003
2715,CRM,Barcelona,elena59@outlook.com,362707,16/8/2024,Activo,
2716,SGA,Málaga,lucia15@gmail.com,598530,12/7/2025,Activo,689216
3188,POS,Zaragoza,juan83@outlook.com,203868,13/5/2025,Act.,803966
2718,POS,Valencia,,514313,9/4/2021,Activo,136005
2719,ERP,Zaragoza,ana93@outlook.com,883667,17/12/2021,Activo,616657
2720,ERP,Málaga,juan50@hotmail.com,258246,1/3/2022,Activo,559633
2721,SGA,Zaragoza,maria86@gmail.com,232270,3/1/2024,Activo,801435
4522,CRM,Barcelona,elena73@outlook.com,993643,13/1/2023,Activo,999590
2723,CRM,Zaragoza,juan91@outlook.com,445261,11/3/2025,Activo,764678
2724,CRM,Madrid,luis64@outlook.com,,4/12/2023,Activo,677325
2725,POS,Zaragoza,,508347,14/1/2023,Activo,205065
2726,POS,Zaragoza,carlos95@yahoo.com,107432,8/8/2020,Act.,265615
2727,POS,Barcelona,diego29@outlook.com,98177777,2/10/2021,Activo,
2728,POS,Sevilla,diego19@outlook.com,98177777,4/12/2023,Act.,747815
2729,CRM,Madrid,,958801,24/10/2021,Activo,993834
2730,CRM,Barcelona,carlos62@gmail.com,908156,2/6/2023,Activo,330518
2731,ERP,Sevilla,,187203,24/6/2030,Activo,118299
2732,CRM,Málaga,pedro21@yahoo.com,544735,21/2/2022,Activo,565356
2733,POS,Madrid,sofia86@gmail.com,98177777,18/9/2025,Activo,911959
2734,POS,Valencia,maria43@outlook.com,98177777,12/3/2022,Activo,334659
2735,SGA,Madrid,maria33@yahoo.com,301878,19/5/2025,Act.,493567
5418,CRM,Valencia,maria39@gmail.com,926048,1/1/2025,Activo,606475
2737,CRM,Málaga,luis79@gmail.com,908783,6/1/2023,Activo,
2738,ERP,Málaga,luis83@outlook.com,757246,16/7/2022,Activo,707445
2739,ERP,Madrid,javier48@gmail.com,246082,2/7/2021,Activo,102632
2740,POS,Sevilla,juan49@hotmail.com,996968,4/6/2023,Activo,791381
2741,SGA,Valencia,ana44@gmail.com,149155,11/2/2023,Activo,614204
5090,CRM,Zaragoza,maria85@gmail.com,683051,19/3/2023,Actvo,979748
2743,CRM,Madrid,elena15@hotmail.com,786973,1/6/2022,Act.,303200
2744,SGA,Valencia,diego79@gmail.com,656642,8/2/2025,Activo,612877
2745,CRM,Barcelona,sofia81@yahoo.com,798361,26/4/2021,Activo,433076
2746,ERP,Madrid,pedro33@gmail.com,972633,6/1/2020,Act.,958469
5145,SGA,Madrid,juan70@yahoo.com,153722,10/4/2025,Activo,730232
2748,CRM,Sevilla,pedro31@yahoo.com,819950,2/8/2021,Activo,511534
2749,ERP,Málaga,juan97@outlook.com,843320,5/9/2024,Activo,725991
2750,ERP,Málaga,marta34@hotmail.com,994118,20/6/2024,Activo,
5188,POS,Sevilla,juan65@yahoo.com,234067,7/12/2022,Activo,458318
2752,CRM,Sevilla,diego34@outlook.com,328643,6/9/2020,Activo,546386
2753,SGA,Málaga,diego85@hotmail.com,98177777,3/8/2025,Activo,785561
2754,ERP,Valencia,carlos44@yahoo.com,375145,21/8/2024,Activo,882514
2755,ERP,Zaragoza,maria63@outlook.com,617776,15/4/2024,Act.,853592
5418,POS,Málaga,elena10@gmail.com,588850,2/2/2021,Act.,891730
2757,SGA,Madrid,lucia42@yahoo.com,356913,2/11/2025,Activo,627028
2758,POS,Valencia,javier84@gmail.com,532738,19/3/2024,Activo,230560
2759,ERP,Madrid,lucia26@gmail.com,480424,8/6/2021,Activo,
2760,CRM,Málaga,lucia15@gmail.com,859839,5/4/2022,Activo,322660
2761,SGA,Zaragoza,pedro37@outlook.com,735341,2/5/2024,Activo,243233
2762,CRM,Sevilla,sofia10@yahoo.com,175310,26/1/2021,Activo,939703
2763,CRM,Valencia,marta11@hotmail.com,656066,21/3/2024,Act.,979881
2764,POS,Málaga,lucia67@yahoo.com,246495,22/10/2022,Activo,233986
2765,ERP,Málaga,javier25@outlook.com,98177777,14/1/2020,Activo,619399
2766,CRM,Zaragoza,diego58@outlook.com,185575,23/3/2023,Activo,151069
2767,SGA,Barcelona,lucia91@yahoo.com,516950,24/12/2025,Activo,690925
2768,POS,Barcelona,ana34@yahoo.com,227469,10/3/2021,Activo,154262
2769,SGA,Madrid,carlos65@gmail.com,166197,7/11/2023,Activo,990677
2770,CRM,Málaga,diego69@yahoo.com,757853,2/3/2022,Act.,
2771,SGA,Valencia,,334193,22/7/2023,Activo,228083
2772,POS,Valencia,juan68@outlook.com,263096,20/12/2022,Act.,737949
2773,POS,Madrid,maria46@yahoo.com,374515,16/11/2020,Activo,905900
2774,ERP,Málaga,pedro64@gmail.com,823808,5/10/2025,Activo,142871
2775,SGA,Madrid,luis18@hotmail.com,737063,25/11/2022,Activo,
2776,POS,Zaragoza,javier38@hotmail.com,631358,9/5/2025,Activo,804142
2777,POS,Zaragoza,carlos71@hotmail.com,756068,2/5/2023,Activo,
2778,ERP,Sevilla,elena38@hotmail.com,169329,28/1/2025,Activo,136618
2779,POS,Madrid,juan40@hotmail.com,584904,14/8/2020,Activo,644266
2780,CRM,Sevilla,luis75@yahoo.com,115676,11/1/2023,Activo,435781
2781,SGA,Valencia,marta57@outlook.com,254499,25/3/2023,Activo,562451
2782,ERP,Barcelona,carlos94@outlook.com,705453,27/3/2022,Activo,843538
2783,CRM,Barcelona,juan18@gmail.com,847652,13/11/2022,Activo,424041
2784,CRM,Sevilla,carlos42@yahoo.com,339196,26/7/2029,Act.,396807
2785,SGA,Madrid,javier81@yahoo.com,459965,28/2/2024,Activo,521406
2786,ERP,Madrid,luis10@yahoo.com,659583,2/7/2023,Activo,343245
2787,POS,Barcelona,ana98@hotmail.com,765913,24/4/2021,Activo,767132
2788,ERP,Barcelona,juan71@yahoo.com,944149,22/7/2020,Activo,681406
2789,POS,Sevilla,marta49@hotmail.com,206639,25/2/2023,Activo,209717
2790,SGA,Sevilla,carlos85@yahoo.com,731770,17/6/2022,Activo,702278
2791,SGA,Valencia,javier87@outlook.com,711501,20/12/2023,Activo,703183
2906,CRM,Málaga,elena89@yahoo.com,986795,6/10/2024,Activo,170971
2793,CRM,Málaga,ana15@outlook.com,436465,10/3/2021,Activo,250419
2794,CRM,Barcelona,lucia78@outlook.com,273451,28/10/2022,Actvo,
2795,SGA,Madrid,diego81@gmail.com,428226,8/9/2024,Activo,467161
2796,POS,Valencia,maria82@yahoo.com,744770,15/6/2023,Activo,792369
2134,SGA,Sevilla,juan36@hotmail.com,369759,13/2/2022,Activo,365414
2798,SGA,Sevilla,marta19@gmail.com,817010,22/8/2025,Activo,844202
2799,CRM,Málaga,luis66@yahoo.com,897044,9/6/2024,Activo,760874
3657,ERP,Valencia,lucia37@outlook.com,940365,28/4/2020,Act.,
2801,CRM,Málaga,carlos11@hotmail.com,760386,16/10/2021,Act.,
2802,ERP,Zaragoza,carlos92@hotmail.com,837646,22/5/2028,Act.,788091
2803,POS,Barcelona,maria53@yahoo.com,556137,24/4/2021,Activo,
2804,POS,Valencia,maria42@yahoo.com,221788,13/11/2025,Activo,730365
2805,POS,Málaga,,98177777,19/3/2023,Activo,884323
2806,CRM,Madrid,luis31@gmail.com,333374,17/7/2024,Activo,
2807,CRM,Valencia,elena37@hotmail.com,546783,1/9/2023,Activo,793980
2808,CRM,Zaragoza,maria21@yahoo.com,734388,19/6/2021,Act.,166116
2809,SGA,Barcelona,carlos10@hotmail.com,125712,2/1/2028,Activo,428742
2810,CRM,Sevilla,ana67@yahoo.com,623954,16/6/2028,Activo,751635
2811,SGA,Sevilla,,981759,23/7/2020,Act.,960288
2812,POS,Sevilla,javier83@gmail.com,836604,9/8/2024,Act.,864095
2813,CRM,Sevilla,lucia32@yahoo.com,807594,5/9/2028,Actvo,897266
2814,SGA,Valencia,juan32@yahoo.com,827975,15/2/2025,Activo,358896
2815,POS,Zaragoza,lucia26@outlook.com,98177777,4/4/2022,Activo,844185
2816,POS,Zaragoza,javier67@yahoo.com,507535,15/3/2024,Activo,539078
2817,CRM,Sevilla,juan25@yahoo.com,275006,8/10/2021,Act.,508094
2818,ERP,Madrid,carlos97@hotmail.com,656423,22/7/2025,Activo,138035
2819,ERP,Sevilla,maria30@hotmail.com,739369,17/10/2024,Activo,506053
2820,POS,Valencia,pedro57@gmail.com,98177777,11/5/2023,Activo,982422
2821,ERP,Zaragoza,javier63@gmail.com,705161,24/3/2025,Activo,705278
2822,ERP,Barcelona,pedro37@gmail.com,98177777,24/4/2025,Activo,978214
2823,SGA,Sevilla,maria65@yahoo.com,847885,19/9/2022,Activo,
2824,SGA,Málaga,pedro44@outlook.com,509126,1/11/2024,Activo,971836
2825,SGA,Sevilla,pedro86@yahoo.com,590693,3/10/2024,Activo,779126
2826,POS,Madrid,diego32@hotmail.com,532491,17/2/2025,Activo,741617
2827,ERP,Madrid,carlos87@yahoo.com,859670,14/2/2020,Act.,593234
2828,CRM,Zaragoza,juan35@hotmail.com,514470,19/9/2020,Activo,659680
2144,ERP,Valencia,luis69@gmail.com,326874,20/9/2020,Activo,404293
2830,POS,Sevilla,maria98@yahoo.com,439739,9/1/2021,Activo,784171
2831,SGA,Málaga,lucia99@gmail.com,175980,13/12/2021,Activo,653697
2832,POS,Barcelona,diego93@yahoo.com,107039,9/5/2021,Activo,
2833,SGA,Málaga,,434993,6/8/2022,Activo,350419
2834,POS,Málaga,lucia26@yahoo.com,749308,5/7/2021,Activo,892961
2835,CRM,Málaga,luis87@gmail.com,613493,23/12/2023,Activo,314463
2836,SGA,Barcelona,luis20@outlook.com,338423,6/3/2020,Activo,817313
2837,SGA,Sevilla,maria43@outlook.com,935353,26/6/2021,Activo,839921
2838,ERP,Zaragoza,pedro32@gmail.com,730869,5/6/2020,Activo,
2839,POS,Málaga,lucia27@yahoo.com,612611,13/10/2021,Activo,500429
2840,ERP,Málaga,maria76@yahoo.com,431189,25/3/2023,Activo,274948
2841,POS,Zaragoza,maria64@gmail.com,170724,9/6/2025,Activo,594847
2842,CRM,Madrid,ana68@yahoo.com,774757,22/7/2025,Activo,423923
2843,ERP,Valencia,ana13@gmail.com,367235,25/2/2024,Act.,677693
2844,SGA,Sevilla,juan95@gmail.com,382520,13/3/2022,Activo,333268
2845,CRM,Sevilla,marta13@gmail.com,177060,27/10/2020,Act.,210561
2846,POS,Madrid,marta91@gmail.com,98177777,8/4/2023,Activo,
2847,SGA,Sevilla,lucia71@gmail.com,510531,27/12/2029,Activo,535118
2848,POS,Valencia,luis92@outlook.com,578202,27/8/2021,Act.,
2849,SGA,Barcelona,,98177777,21/10/2025,Act.,570890
2850,POS,Barcelona,sofia13@yahoo.com,546375,10/8/2025,Activo,574291
2851,SGA,Málaga,ana58@gmail.com,472397,3/9/2021,Activo,721717
2852,POS,Valencia,luis92@outlook.com,784653,22/1/2021,Activo,838559
2853,ERP,Barcelona,carlos30@gmail.com,552029,24/10/2025,Activo,952276
2854,SGA,Zaragoza,pedro86@hotmail.com,268100,3/9/2023,Activo,679518
2855,SGA,Sevilla,luis19@yahoo.com,682600,11/6/2023,Activo,900314
2856,ERP,Valencia,carlos74@gmail.com,991459,7/7/2025,Activo,
2857,POS,Zaragoza,elena15@hotmail.com,318097,28/9/2020,Activo,263667
2858,SGA,Madrid,juan86@gmail.com,98177777,13/8/2023,Activo,565474
2859,ERP,Zaragoza,,98177777,21/6/2024,Act.,559122
2860,POS,Madrid,lucia58@outlook.com,98177777,25/10/2024,Activo,474888
2861,SGA,Madrid,maria56@outlook.com,361352,13/7/2023,Activo,888950
2862,SGA,Zaragoza,diego58@gmail.com,98177777,2/12/2021,Activo,349799
2863,POS,Madrid,pedro44@yahoo.com,833400,13/5/2024,Activo,113567
2864,ERP,Zaragoza,ana94@gmail.com,274198,23/10/2022,Activo,113589
2827,SGA,Sevilla,pedro83@hotmail.com,768460,22/2/2021,Activo,612547
2866,POS,Sevilla,luis15@hotmail.com,636112,15/11/2029,Activo,216144
3371,SGA,Madrid,,979294,7/11/2021,Activo,774662
2868,POS,Sevilla,diego87@hotmail.com,938201,10/10/2023,Activo,896522
2869,SGA,Málaga,juan89@yahoo.com,594616,5/7/2023,Activo,794566
2870,CRM,Málaga,juan44@gmail.com,647044,15/8/2025,Act.,496367
2871,ERP,Zaragoza,diego42@gmail.com,187267,9/3/2020,Activo,887112
2872,ERP,Valencia,luis10@outlook.com,562817,28/3/2021,Activo,167260
2873,CRM,Valencia,carlos92@yahoo.com,547489,21/2/2024,Activo,524542
2874,POS,Valencia,elena73@yahoo.com,899535,27/8/2024,Activo,982405
2875,ERP,Zaragoza,diego34@gmail.com,671231,3/11/2025,Activo,371333
2876,POS,Madrid,lucia29@gmail.com,292824,19/1/2022,Act.,199347
2877,SGA,Zaragoza,diego89@outlook.com,98177777,15/4/2022,Activo,424193
2878,CRM,Madrid,luis83@outlook.com,167164,4/1/2024,Activo,574593
2879,POS,Madrid,pedro12@yahoo.com,985998,12/9/2024,Activo,286329
2880,POS,Málaga,marta26@outlook.com,98177777,11/1/2021,Act.,854110
2881,ERP,Málaga,luis65@yahoo.com,671232,8/3/2020,Activo,945951
2882,SGA,Sevilla,carlos20@hotmail.com,969903,10/6/2022,Activo,950264
2883,ERP,Barcelona,diego47@hotmail.com,558074,3/4/2023,Act.,643380
2884,SGA,Barcelona,ana47@gmail.com,267945,24/4/2025,Activo,997653
2885,ERP,Sevilla,lucia96@outlook.com,832102,10/4/2023,Activo,855290
2886,POS,Madrid,javier33@outlook.com,319509,3/10/2025,Activo,984614
2887,POS,Madrid,marta12@gmail.com,442094,3/7/2021,Activo,701300
2888,CRM,Sevilla,carlos62@outlook.com,,25/6/2025,Activo,841548
2889,POS,Málaga,luis83@gmail.com,866154,3/12/2022,Activo,
2890,POS,Valencia,marta23@outlook.com,448144,28/4/2025,Activo,209291
2891,POS,Valencia,marta74@yahoo.com,98177777,21/9/2021,Activo,208030
2892,POS,Zaragoza,carlos52@yahoo.com,119210,11/5/2023,Act.,429959
2893,CRM,Málaga,marta17@outlook.com,184687,18/10/2025,Activo,599461
2894,SGA,Sevilla,,98177777,22/3/2028,Activo,925592
2895,CRM,Málaga,juan47@yahoo.com,418321,19/11/2025,Act.,461044
2896,CRM,Sevilla,lucia36@outlook.com,905918,9/6/2025,Activo,
2897,ERP,Zaragoza,luis42@outlook.com,235159,2/3/2022,Activo,400783
2898,SGA,Valencia,maria60@yahoo.com,281317,12/8/2024,Activo,618463
2899,ERP,Valencia,maria21@gmail.com,149971,14/10/2020,Act.,780535
2900,CRM,Barcelona,elena77@hotmail.com,,25/10/2024,Actvo,793128
2901,POS,Barcelona,maria79@gmail.com,573743,3/7/2022,Activo,987536
2902,SGA,Barcelona,lucia40@gmail.com,352315,10/10/2020,Act.,109694
2903,POS,Madrid,lucia73@yahoo.com,260999,10/6/2023,Activo,671050
2904,CRM,Málaga,javier51@yahoo.com,654641,11/2/2024,Activo,870947
2905,CRM,Zaragoza,,839654,14/2/2023,Activo,171000
2906,CRM,Valencia,juan19@gmail.com,802195,15/12/2023,Activo,334188
2907,SGA,Málaga,sofia74@hotmail.com,249260,3/7/2020,Activo,439330
2908,ERP,Madrid,ana59@gmail.com,770821,11/5/2023,Act.,286098
2909,ERP,Sevilla,luis62@gmail.com,579090,22/1/2025,Act.,435584
2910,POS,Zaragoza,,314655,26/12/2023,Activo,549132
2911,SGA,Madrid,juan13@gmail.com,555856,16/2/2025,Activo,
2912,POS,Madrid,diego24@yahoo.com,248421,9/8/2029,Activo,413728
2913,POS,Sevilla,luis11@yahoo.com,687469,8/2/2023,Activo,460817
2914,ERP,Madrid,ana70@hotmail.com,98177777,26/9/2024,Activo,821578
2915,SGA,Madrid,carlos86@gmail.com,535728,10/1/2023,Activo,316603
2916,CRM,Barcelona,diego10@yahoo.com,331854,20/8/2024,Actvo,706164
2917,POS,Málaga,sofia54@yahoo.com,981049,14/8/2020,Activo,415257
2918,CRM,Sevilla,maria49@gmail.com,546979,9/2/2021,Actvo,477031
2919,SGA,Sevilla,luis91@outlook.com,976765,20/4/2020,Activo,906676
2920,POS,Málaga,carlos38@yahoo.com,862192,21/7/2024,Act.,156200
2921,CRM,Sevilla,elena53@gmail.com,109699,21/8/2025,Act.,432180
2922,CRM,Málaga,diego34@yahoo.com,999812,18/7/2023,Act.,453625
2923,ERP,Málaga,pedro37@yahoo.com,98177777,9/1/2020,Activo,994676
2924,SGA,Zaragoza,,364997,20/3/2022,Activo,768957
2925,SGA,Málaga,ana53@hotmail.com,98177777,8/2/2022,Activo,301723
2926,SGA,Sevilla,,98177777,11/1/2020,Activo,107923
2927,POS,Valencia,juan99@outlook.com,98177777,14/2/2021,Activo,312367
2928,ERP,Zaragoza,luis62@gmail.com,708472,18/12/2022,Activo,382427
2929,POS,Zaragoza,javier12@outlook.com,132115,2/4/2023,Activo,874882
2930,SGA,Valencia,diego64@hotmail.com,401354,5/7/2022,Activo,252404
2931,POS,Málaga,marta15@gmail.com,870054,12/8/2024,Activo,495875
2932,CRM,Málaga,pedro64@gmail.com,128803,21/1/2020,Activo,
2933,POS,Málaga,lucia17@yahoo.com,98177777,9/3/2025,Activo,804348
2934,POS,Málaga,diego87@gmail.com,199597,25/1/2023,Act.,268511
2935,SGA,Sevilla,juan59@yahoo.com,413863,7/7/2020,Activo,821441
2936,CRM,Valencia,maria51@yahoo.com,532929,7/9/2022,Actvo,762634
2363,SGA,Madrid,pedro37@outlook.com,278212,6/9/2021,Activo,585168
2938,CRM,Barcelona,ana16@hotmail.com,714831,7/2/2021,Activo,363126
2939,CRM,Barcelona,pedro65@gmail.com,200550,20/10/2023,Activo,858475
2332,CRM,Madrid,elena64@yahoo.com,106366,17/4/2022,Activo,326072
2941,SGA,Barcelona,luis43@outlook.com,119040,7/6/2025,Activo,125779
2942,CRM,Madrid,juan24@yahoo.com,945208,22/6/2020,Activo,683542
2943,ERP,Madrid,luis10@hotmail.com,700986,28/10/2023,Activo,392667
2944,ERP,Málaga,ana48@yahoo.com,535895,14/4/2024,Activo,894217
2945,ERP,Barcelona,javier80@yahoo.com,98177777,13/12/2024,Activo,828827
2946,ERP,Madrid,lucia39@outlook.com,304621,5/3/2025,Activo,652190
2947,SGA,Barcelona,maria16@gmail.com,977089,23/5/2025,Activo,
2948,POS,Sevilla,elena98@gmail.com,447515,14/4/2021,Activo,298401
2949,POS,Málaga,juan74@outlook.com,832043,17/8/2023,Activo,935217
2950,ERP,Barcelona,sofia18@outlook.com,270545,26/2/2023,Activo,287541
2951,POS,Málaga,pedro12@hotmail.com,931712,12/4/2022,Activo,394144
2952,ERP,Barcelona,sofia31@hotmail.com,150325,20/6/2021,Activo,
2953,ERP,Sevilla,marta83@hotmail.com,978133,20/5/2020,Act.,284235
2954,POS,Málaga,sofia58@outlook.com,578181,14/11/2024,Act.,835783
2955,POS,Zaragoza,javier87@hotmail.com,766853,11/9/2021,Activo,635223
3176,CRM,Barcelona,luis47@yahoo.com,466835,20/5/2021,Activo,101023
2957,ERP,Madrid,ana84@hotmail.com,876124,26/1/2025,Activo,901417
2958,POS,Valencia,sofia41@yahoo.com,98177777,15/12/2022,Activo,510787
2959,POS,Sevilla,maria47@gmail.com,847748,11/12/2020,Act.,352342
2960,POS,Barcelona,carlos82@yahoo.com,524245,15/10/2024,Activo,362884
2961,CRM,Sevilla,lucia23@yahoo.com,456371,10/4/2024,Activo,199397
1475,ERP,Sevilla,lucia47@yahoo.com,809217,23/2/2020,Activo,478043
2963,ERP,Madrid,diego61@gmail.com,481820,12/5/2020,Act.,485935
2964,SGA,Madrid,marta12@hotmail.com,98177777,19/7/2023,Activo,984277
2965,CRM,Barcelona,javier25@hotmail.com,221437,5/5/2024,Activo,272162
2966,CRM,Barcelona,juan92@hotmail.com,914002,12/8/2022,Act.,655574
2967,ERP,Málaga,lucia49@yahoo.com,440392,1/6/2025,Act.,350647
2968,SGA,Málaga,lucia51@outlook.com,819137,23/8/2023,Activo,
2969,SGA,Sevilla,luis27@gmail.com,290397,26/1/2022,Activo,153651
2970,ERP,Sevilla,carlos10@outlook.com,838327,15/7/2021,Activo,464019
2971,POS,Sevilla,javier25@yahoo.com,664451,2/8/2025,Activo,129349
2972,CRM,Madrid,sofia88@hotmail.com,142338,15/10/2023,Activo,266213
2973,SGA,Sevilla,luis28@hotmail.com,566765,11/2/2020,Activo,552033
5648,POS,Zaragoza,ana79@yahoo.com,716102,19/1/2025,Activo,442237
2975,SGA,Barcelona,carlos21@hotmail.com,98177777,12/2/2022,Activo,742119
2976,POS,Barcelona,ana62@gmail.com,367100,1/8/2021,Activo,
2977,POS,Valencia,lucia11@hotmail.com,476170,9/7/2025,Act.,707725
2978,CRM,Zaragoza,maria96@yahoo.com,659569,2/5/2025,Actvo,673218
2979,SGA,Sevilla,luis50@outlook.com,632151,3/8/2028,Activo,477790
2980,SGA,Madrid,maria42@yahoo.com,98177777,19/3/2024,Activo,547356
2981,POS,Valencia,diego79@yahoo.com,593761,5/6/2025,Activo,628215
2982,ERP,Madrid,carlos75@outlook.com,669972,7/10/2028,Activo,557898
2983,SGA,Madrid,juan13@yahoo.com,938098,19/12/2020,Activo,196865
2984,CRM,Málaga,lucia10@gmail.com,984363,26/12/2023,Activo,917323
2985,ERP,Málaga,luis65@hotmail.com,237621,9/11/2023,Activo,484498
2986,SGA,Sevilla,diego18@gmail.com,330881,6/10/2025,Activo,
2987,CRM,Sevilla,diego74@yahoo.com,836643,12/6/2021,Act.,991744
2988,ERP,Sevilla,,825757,16/9/2024,Act.,662295
2989,SGA,Málaga,sofia52@gmail.com,792847,1/5/2023,Act.,406364
2990,CRM,Zaragoza,,725221,12/8/2022,Act.,320543
4875,ERP,Zaragoza,,147390,11/7/2022,Activo,505380
2992,SGA,Málaga,sofia92@outlook.com,931994,10/3/2021,Activo,
2993,ERP,Zaragoza,javier87@gmail.com,526524,7/4/2021,Act.,964032
2994,POS,Valencia,ana16@hotmail.com,566529,25/11/2022,Activo,664412
2995,POS,Madrid,pedro90@yahoo.com,736765,24/7/2024,Activo,121270
2996,ERP,Sevilla,elena92@hotmail.com,192550,2/4/2024,Activo,992378
2997,POS,Sevilla,juan57@yahoo.com,297517,7/1/2022,Activo,560704
2998,POS,Sevilla,carlos12@hotmail.com,721191,3/4/2030,Activo,727032
2999,ERP,Zaragoza,sofia46@hotmail.com,334356,26/1/2022,Activo,770952
3000,POS,Zaragoza,marta67@yahoo.com,98177777,22/12/2024,Activo,589507
3001,ERP,Málaga,diego95@yahoo.com,447454,2/4/2025,Act.,796652
4028,ERP,Zaragoza,ana12@gmail.com,249732,19/4/2022,Activo,319505
3003,POS,Málaga,elena90@hotmail.com,362263,4/8/2025,Activo,
3004,SGA,Sevilla,juan30@gmail.com,815997,21/4/2025,Activo,117245
3005,ERP,Barcelona,carlos12@hotmail.com,507953,22/11/2025,Activo,407771
2339,ERP,Málaga,javier78@outlook.com,98177777,21/1/2025,Activo,208137
3007,SGA,Madrid,,990102,27/8/2025,Activo,880371
3008,POS,Zaragoza,lucia68@yahoo.com,656381,27/3/2020,Activo,259644
3009,CRM,Madrid,pedro50@outlook.com,140869,21/9/2023,Activo,114975
3010,SGA,Sevilla,pedro35@outlook.com,214325,22/1/2025,Activo,317563
3011,CRM,Zaragoza,diego23@hotmail.com,791323,7/10/2021,Activo,524909
3012,POS,Valencia,maria69@gmail.com,276042,3/9/2023,Activo,151486
3013,ERP,Zaragoza,pedro96@gmail.com,914311,21/11/2025,Activo,949284
3014,ERP,Madrid,,497321,3/11/2020,Activo,799914
3015,POS,Valencia,diego24@yahoo.com,724020,18/1/2021,Activo,698698
3016,POS,Málaga,lucia75@outlook.com,163740,18/9/2023,Act.,
3017,POS,Sevilla,elena79@outlook.com,98177777,19/11/2020,Activo,
3018,POS,Sevilla,lucia37@hotmail.com,385521,25/11/2025,Activo,351178
3019,POS,Madrid,,813827,26/6/2022,Activo,783669
3020,POS,Sevilla,carlos49@outlook.com,236214,8/6/2022,Activo,812834
3021,POS,Zaragoza,marta31@outlook.com,766495,22/2/2024,Activo,
3022,ERP,Málaga,,641290,21/11/2022,Activo,164029
3023,CRM,Valencia,carlos75@gmail.com,856566,25/8/2024,Act.,823175
3024,CRM,Sevilla,maria65@outlook.com,820223,13/4/2024,Actvo,
3025,ERP,Málaga,juan40@hotmail.com,619928,23/7/2020,Activo,905939
3026,SGA,Sevilla,carlos23@hotmail.com,210968,22/3/2025,Activo,287615
3027,CRM,Madrid,maria28@hotmail.com,884021,9/10/2021,Activo,250656
3028,SGA,Barcelona,elena95@yahoo.com,977764,3/8/2024,Activo,480458
3029,ERP,Valencia,maria11@yahoo.com,891781,3/5/2024,Activo,420892
3030,SGA,Málaga,elena85@yahoo.com,705359,2/10/2025,Act.,
2841,ERP,Barcelona,lucia43@hotmail.com,986718,7/10/2023,Activo,659333
3032,POS,Sevilla,luis53@hotmail.com,589205,5/9/2024,Activo,575754
3787,POS,Valencia,javier87@hotmail.com,444310,8/10/2024,Activo,994997
3034,CRM,Sevilla,diego39@yahoo.com,151001,21/2/2030,Activo,259659
3035,CRM,Barcelona,luis32@outlook.com,997896,8/4/2024,Activo,702865
3036,SGA,Zaragoza,ana39@hotmail.com,321505,6/8/2022,Activo,900910
3037,SGA,Barcelona,juan73@hotmail.com,609345,27/4/2022,Activo,764644
3038,CRM,Zaragoza,maria68@hotmail.com,644262,18/11/2021,Activo,
3039,POS,Málaga,diego73@yahoo.com,968985,23/5/2023,Activo,547730
3040,ERP,Valencia,luis28@gmail.com,483249,17/10/2021,Activo,
3041,POS,Zaragoza,juan58@yahoo.com,688063,8/9/2022,Act.,911741
3042,CRM,Málaga,pedro33@yahoo.com,636977,24/6/2020,Activo,145885
3043,ERP,Málaga,ana96@yahoo.com,783630,3/1/2020,Act.,928775
3044,SGA,Sevilla,diego96@outlook.com,910515,21/12/2025,Act.,
1843,CRM,Barcelona,,913634,26/11/2022,Activo,106424
3046,POS,Valencia,elena23@outlook.com,703330,10/5/2022,Activo,719852
3047,SGA,Málaga,pedro19@yahoo.com,830518,16/10/2023,Activo,
3048,SGA,Málaga,,846338,9/1/2025,Activo,
3049,CRM,Sevilla,ana82@hotmail.com,696087,27/12/2023,Activo,792188
3050,POS,Sevilla,sofia15@outlook.com,98177777,1/4/2021,Act.,635940
3051,CRM,Málaga,sofia87@outlook.com,,4/12/2023,Actvo,754583
3052,ERP,Málaga,juan30@yahoo.com,715918,11/10/2021,Activo,
3053,ERP,Málaga,juan52@gmail.com,710682,12/5/2025,Activo,498180
3054,SGA,Valencia,marta39@hotmail.com,990925,20/9/2020,Activo,240611
3055,POS,Sevilla,sofia98@outlook.com,863361,1/4/2025,Activo,390933
3056,ERP,Barcelona,carlos92@yahoo.com,411625,9/2/2021,Activo,
3057,ERP,Zaragoza,sofia53@gmail.com,427819,21/8/2020,Activo,
3058,ERP,Barcelona,carlos54@hotmail.com,773783,2/3/2024,Activo,615486
3059,ERP,Valencia,luis68@gmail.com,938830,15/3/2023,Activo,401874
3060,CRM,Málaga,elena21@outlook.com,215678,11/6/2020,Activo,593500
3061,SGA,Málaga,lucia79@hotmail.com,145314,5/7/2020,Activo,331576
3062,SGA,Madrid,elena35@yahoo.com,709778,21/1/2024,Act.,254666
3063,ERP,Málaga,,278631,14/11/2021,Activo,551489
3064,SGA,Sevilla,carlos58@gmail.com,242016,23/1/2021,Activo,286331
3065,SGA,Barcelona,maria90@hotmail.com,908646,12/2/2023,Activo,387105
3066,SGA,Barcelona,luis73@hotmail.com,398644,14/9/2021,Activo,321731
3067,SGA,Barcelona,sofia83@hotmail.com,412180,4/3/2023,Activo,700032
3068,CRM,Barcelona,marta29@yahoo.com,970679,6/2/2021,Activo,379001
3069,ERP,Zaragoza,sofia35@hotmail.com,695638,10/6/2025,Activo,988288
3070,POS,Sevilla,juan92@outlook.com,509992,12/9/2024,Act.,583304
3071,CRM,Madrid,juan61@yahoo.com,,12/7/2023,Activo,
3072,SGA,Sevilla,lucia57@gmail.com,371702,6/2/2021,Activo,
3073,ERP,Sevilla,juan94@outlook.com,707900,20/12/2024,Activo,820389
3074,ERP,Valencia,diego58@outlook.com,640428,2/10/2024,Activo,279868
3075,ERP,Barcelona,sofia14@gmail.com,740914,10/5/2022,Activo,493071
3076,ERP,Barcelona,pedro45@yahoo.com,757116,16/6/2023,Activo,
3077,SGA,Zaragoza,ana57@outlook.com,695267,14/4/2024,Activo,790780
3078,ERP,Madrid,luis60@hotmail.com,584506,23/3/2023,Activo,
3079,POS,Madrid,lucia27@outlook.com,838242,10/9/2023,Activo,885413
3080,POS,Valencia,sofia47@yahoo.com,550041,10/8/2024,Activo,
3081,ERP,Valencia,javier27@outlook.com,996608,12/11/2023,Activo,566098
3082,SGA,Valencia,lucia34@gmail.com,632029,16/12/2027,Activo,
3083,POS,Málaga,pedro43@gmail.com,804570,18/7/2020,Activo,345351
3084,POS,Barcelona,ana33@outlook.com,536878,13/8/2024,Act.,788975
3085,POS,Barcelona,elena32@outlook.com,936101,14/5/2020,Activo,227987
3086,CRM,Zaragoza,sofia31@hotmail.com,496798,4/6/2020,Activo,184493
3087,CRM,Madrid,lucia98@yahoo.com,424460,11/10/2022,Activo,702837
3088,POS,Madrid,sofia97@outlook.com,328674,14/9/2022,Activo,474165
3089,SGA,Valencia,luis23@hotmail.com,810085,28/3/2023,Activo,949743
3090,SGA,Sevilla,juan92@hotmail.com,98177777,20/8/2020,Activo,
3091,POS,Madrid,diego81@outlook.com,827107,28/12/2022,Act.,938484
3092,POS,Zaragoza,,564368,23/7/2020,Activo,828760
3093,SGA,Barcelona,elena97@outlook.com,202615,23/11/2024,Act.,890356
3094,CRM,Madrid,lucia10@yahoo.com,981010,23/3/2020,Activo,286408
3095,CRM,Zaragoza,sofia25@gmail.com,506773,23/5/2021,Activo,960555
3096,POS,Barcelona,maria71@hotmail.com,98177777,25/8/2025,Activo,632304
3097,SGA,Sevilla,lucia76@outlook.com,767755,21/3/2028,Activo,675536
3098,CRM,Valencia,carlos14@gmail.com,431667,6/6/2021,Activo,
3099,POS,Valencia,lucia60@outlook.com,773100,25/4/2021,Act.,289789
3100,ERP,Valencia,carlos68@gmail.com,615825,19/11/2022,Act.,
3101,POS,Madrid,ana35@gmail.com,328497,23/7/2021,Activo,813100
3102,ERP,Zaragoza,pedro56@yahoo.com,264335,16/7/2025,Activo,216038
3103,POS,Valencia,elena77@gmail.com,306958,4/5/2022,Activo,511540
3104,SGA,Barcelona,diego67@outlook.com,625388,19/8/2022,Activo,226036
3105,SGA,Málaga,,114317,22/2/2024,Activo,265593
3106,SGA,Zaragoza,carlos29@gmail.com,298275,11/5/2024,Activo,551004
3107,SGA,Zaragoza,maria14@outlook.com,716424,20/4/2024,Activo,147696
3108,ERP,Málaga,diego88@gmail.com,236205,11/4/2021,Activo,896124
3109,POS,Madrid,luis70@gmail.com,449207,11/9/2022,Activo,
3110,SGA,Málaga,pedro71@gmail.com,145317,19/10/2024,Activo,847063
3111,CRM,Madrid,pedro40@outlook.com,335099,22/10/2020,Activo,886259
3112,CRM,Sevilla,pedro52@hotmail.com,,14/10/2022,Activo,166432
3113,CRM,Sevilla,ana84@hotmail.com,244959,25/11/2025,Actvo,729968
3114,POS,Madrid,elena78@hotmail.com,816572,11/3/2025,Activo,156808
3115,CRM,Madrid,pedro27@hotmail.com,430365,16/11/2020,Actvo,821419
3116,CRM,Zaragoza,luis53@outlook.com,580877,5/1/2020,Activo,483123
3117,ERP,Zaragoza,ana85@hotmail.com,828084,3/9/2025,Activo,
3118,POS,Madrid,ana88@outlook.com,447093,10/10/2020,Activo,609968
3119,POS,Zaragoza,pedro48@gmail.com,398575,4/2/2024,Activo,516738
3120,CRM,Madrid,marta64@outlook.com,263446,14/4/2020,Activo,926620
3121,POS,Zaragoza,,823488,19/9/2020,Activo,688412
3122,ERP,Madrid,juan15@gmail.com,98177777,28/1/2020,Act.,395399
3123,ERP,Barcelona,carlos57@yahoo.com,234174,10/11/2022,Activo,895536
3124,SGA,Málaga,lucia19@yahoo.com,605488,20/7/2020,Activo,812161
3125,ERP,Madrid,maria51@outlook.com,406204,20/11/2025,Activo,605236
3126,SGA,Barcelona,,742120,9/1/2029,Activo,472013
3127,CRM,Valencia,,135001,20/8/2024,Activo,725081
3128,SGA,Barcelona,juan76@yahoo.com,844867,7/5/2022,Activo,378939
3129,SGA,Málaga,diego81@yahoo.com,486027,12/10/2021,Activo,866867
3130,CRM,Valencia,carlos48@outlook.com,573415,3/1/2021,Actvo,473673
3131,SGA,Málaga,luis88@hotmail.com,143937,1/11/2022,Activo,120088
3132,ERP,Sevilla,sofia72@yahoo.com,256024,27/2/2021,Activo,127578
3133,CRM,Zaragoza,marta38@hotmail.com,,18/11/2023,Act.,771681
3134,POS,Sevilla,javier66@outlook.com,593107,11/5/2023,Act.,200693
3135,SGA,Málaga,pedro10@yahoo.com,304012,18/8/2022,Activo,531452
3136,ERP,Madrid,luis31@outlook.com,424186,2/12/2020,Activo,969781
3137,POS,Barcelona,maria77@yahoo.com,931486,11/2/2024,Act.,780368
3138,CRM,Málaga,pedro79@gmail.com,387409,7/8/2023,Activo,
3139,CRM,Valencia,lucia18@yahoo.com,938017,25/8/2023,Act.,121342
2463,CRM,Valencia,pedro92@gmail.com,903179,27/10/2025,Activo,160005
3141,ERP,Barcelona,sofia21@gmail.com,677778,1/11/2025,Activo,385613
3142,POS,Madrid,juan21@yahoo.com,794861,14/10/2021,Activo,635987
3143,CRM,Barcelona,elena30@yahoo.com,765706,25/6/2021,Activo,792889
3144,ERP,Sevilla,elena54@gmail.com,809886,27/9/2024,Act.,
3145,ERP,Sevilla,elena61@gmail.com,923861,7/7/2022,Activo,976890
2324,POS,Madrid,pedro33@outlook.com,98177777,25/6/2022,Activo,684155
3147,CRM,Barcelona,ana43@outlook.com,131104,18/3/2025,Activo,321672
3148,CRM,Sevilla,carlos71@yahoo.com,524905,2/12/2024,Act.,278672
3149,SGA,Valencia,sofia14@outlook.com,261293,28/3/2023,Act.,
3150,CRM,Valencia,maria75@hotmail.com,256685,20/11/2022,Activo,606779
3151,POS,Zaragoza,javier80@yahoo.com,667300,13/10/2022,Activo,369647
3152,ERP,Barcelona,diego16@yahoo.com,788091,20/1/2020,Activo,824432
5789,POS,Madrid,maria92@hotmail.com,127697,28/9/2023,Activo,212429
3154,CRM,Valencia,elena97@yahoo.com,410420,14/2/2028,Activo,594577
3155,ERP,Valencia,marta37@yahoo.com,684536,23/4/2020,Activo,363637
3156,POS,Málaga,juan51@yahoo.com,360395,22/3/2029,Activo,110365
3157,CRM,Sevilla,sofia82@yahoo.com,369137,12/10/2023,Activo,
5101,CRM,Valencia,pedro22@hotmail.com,439572,19/2/2023,Act.,473864
3159,CRM,Málaga,javier84@gmail.com,456630,7/12/2022,Activo,812613
3160,SGA,Málaga,lucia80@yahoo.com,153535,7/9/2025,Activo,821216
3161,SGA,Barcelona,pedro51@outlook.com,527703,22/7/2023,Activo,655700
3162,SGA,Barcelona,lucia83@yahoo.com,448997,12/10/2025,Activo,806958
5141,ERP,Zaragoza,carlos44@hotmail.com,623996,24/5/2020,Act.,890953
3164,POS,Sevilla,marta92@hotmail.com,905474,8/12/2023,Activo,408041
3165,ERP,Barcelona,elena38@yahoo.com,940968,23/9/2020,Activo,727966
3166,ERP,Barcelona,carlos41@gmail.com,932134,4/9/2025,Activo,495352
1356,CRM,Sevilla,carlos42@hotmail.com,777554,26/11/2025,Activo,563977
3168,CRM,Sevilla,marta24@yahoo.com,529855,22/2/2021,Act.,512885
3169,ERP,Sevilla,sofia84@hotmail.com,300997,8/8/2025,Act.,160870
3170,POS,Sevilla,,729781,6/4/2022,Activo,992549
3171,SGA,Zaragoza,elena18@yahoo.com,98177777,8/3/2025,Activo,592792
5323,ERP,Málaga,,531027,15/1/2020,Activo,255168
2086,ERP,Valencia,sofia69@hotmail.com,98177777,5/8/2024,Activo,
3174,POS,Madrid,lucia72@outlook.com,828006,14/4/2024,Act.,
3175,POS,Sevilla,luis76@yahoo.com,356058,16/10/2024,Act.,
3176,ERP,Barcelona,juan96@gmail.com,495344,24/2/2021,Activo,723076
3177,CRM,Madrid,ana60@gmail.com,959430,6/12/2024,Activo,770467
3178,CRM,Málaga,pedro14@gmail.com,544689,5/3/2022,Activo,981007
3179,ERP,Zaragoza,luis72@hotmail.com,690144,10/9/2025,Activo,928917
3180,CRM,Madrid,luis82@hotmail.com,,8/6/2023,Act.,714077
3181,POS,Madrid,lucia98@outlook.com,292687,17/9/2022,Activo,104977
3182,SGA,Valencia,ana33@yahoo.com,691641,19/6/2020,Activo,709080
3183,POS,Valencia,diego17@gmail.com,453536,26/5/2025,Activo,482746
3184,SGA,Sevilla,carlos48@yahoo.com,519861,28/6/2024,Activo,
3185,ERP,Barcelona,javier20@outlook.com,910820,1/1/2025,Act.,
3787,ERP,Sevilla,maria54@yahoo.com,552634,6/9/2021,Activo,911760
3187,SGA,Madrid,marta83@gmail.com,584680,9/2/2025,Activo,606620
3188,CRM,Sevilla,,,4/9/2025,Activo,491609
3189,ERP,Madrid,sofia31@outlook.com,457313,27/4/2020,Activo,551473
3190,SGA,Málaga,maria48@yahoo.com,281029,8/8/2022,Activo,403740
3191,CRM,Málaga,javier75@yahoo.com,,7/5/2027,Actvo,153812
3192,SGA,Barcelona,,989552,27/6/2023,Activo,876538
3193,ERP,Zaragoza,juan83@hotmail.com,424365,19/3/2025,Activo,
3194,ERP,Madrid,maria36@hotmail.com,579299,3/8/2021,Activo,592705
3195,POS,Málaga,maria28@hotmail.com,598727,12/9/2023,Activo,582274
3196,SGA,Málaga,,220067,17/3/2020,Activo,374333
3197,CRM,Málaga,pedro24@yahoo.com,863484,3/11/2021,Actvo,680361
3198,ERP,Zaragoza,javier99@hotmail.com,98177777,20/12/2023,Act.,
3199,POS,Valencia,javier27@gmail.com,819183,18/6/2023,Activo,611164
3200,POS,Sevilla,marta96@gmail.com,819593,6/2/2023,Activo,380632
3201,CRM,Sevilla,diego61@gmail.com,716736,1/11/2021,Act.,970280
3202,ERP,Málaga,pedro15@gmail.com,996708,2/9/2020,Activo,640166
3203,POS,Málaga,juan67@yahoo.com,876609,27/3/2023,Activo,743066
3204,CRM,Zaragoza,javier77@hotmail.com,706067,27/11/2022,Act.,319354
3205,CRM,Valencia,lucia89@yahoo.com,921241,24/11/2025,Act.,899930
3206,SGA,Málaga,,253832,27/4/2024,Activo,352003
3207,SGA,Málaga,diego58@outlook.com,991395,5/2/2021,Activo,242238
3208,ERP,Valencia,juan94@yahoo.com,126099,24/6/2027,Act.,990518
3209,POS,Valencia,javier48@gmail.com,267368,4/4/2024,Act.,647271
3210,POS,Madrid,carlos32@gmail.com,538203,13/9/2024,Activo,462519
3211,SGA,Valencia,juan81@hotmail.com,98177777,11/1/2024,Activo,729237
5563,ERP,Zaragoza,pedro53@gmail.com,98177777,3/9/2024,Activo,977325
3213,POS,Zaragoza,ana27@yahoo.com,252376,19/5/2025,Activo,348239
3214,CRM,Barcelona,diego26@gmail.com,784057,24/10/2024,Activo,131661
3215,CRM,Málaga,sofia34@outlook.com,884961,15/3/2023,Activo,
3216,CRM,Sevilla,ana58@gmail.com,576084,27/3/2020,Activo,949011
3217,CRM,Sevilla,marta93@gmail.com,430885,10/8/2022,Activo,976365
3218,SGA,Málaga,lucia95@outlook.com,686845,5/11/2022,Activo,577413
3219,ERP,Barcelona,marta84@hotmail.com,871057,14/4/2024,Activo,385563
3220,CRM,Zaragoza,maria39@hotmail.com,566516,1/5/2022,Activo,311503
3221,CRM,Zaragoza,carlos34@hotmail.com,674097,4/5/2022,Activo,785982
3222,POS,Zaragoza,luis51@outlook.com,165157,14/12/2023,Act.,585713
3223,SGA,Málaga,pedro37@gmail.com,258047,10/9/2022,Activo,
3224,POS,Sevilla,maria29@gmail.com,792305,24/6/2021,Activo,745879
3225,POS,Málaga,elena16@hotmail.com,827398,23/9/2024,Activo,
3226,POS,Valencia,sofia30@hotmail.com,127044,22/7/2022,Activo,581108
3227,CRM,Málaga,elena45@gmail.com,275543,28/1/2024,Activo,732453
3228,ERP,Sevilla,sofia17@hotmail.com,704946,8/1/2020,Act.,962852
3229,SGA,Barcelona,maria65@hotmail.com,405278,16/9/2020,Act.,452732
3230,CRM,Valencia,juan62@yahoo.com,837870,8/10/2023,Act.,572613
3231,SGA,Madrid,carlos77@gmail.com,627716,23/10/2023,Activo,503645
3309,CRM,Madrid,carlos30@gmail.com,244026,11/5/2024,Activo,
3233,ERP,Zaragoza,marta46@gmail.com,383903,7/8/2021,Activo,795545
3234,ERP,Valencia,maria12@outlook.com,113779,24/8/2022,Activo,820547
3235,SGA,Sevilla,diego73@hotmail.com,537210,9/3/2020,Activo,459790
3236,POS,Málaga,carlos89@gmail.com,961840,6/6/2020,Activo,520967
3237,CRM,Málaga,sofia96@outlook.com,,23/4/2025,Activo,990155
3238,SGA,Málaga,diego32@yahoo.com,970648,7/5/2021,Activo,201262
3239,POS,Barcelona,maria27@outlook.com,561332,10/8/2021,Activo,644094
3240,ERP,Zaragoza,juan24@gmail.com,758114,28/8/2020,Activo,121158
3241,CRM,Zaragoza,maria75@gmail.com,956235,15/5/2024,Actvo,214824
3242,ERP,Valencia,,285476,16/6/2023,Activo,621050
3243,CRM,Barcelona,,328085,2/11/2023,Act.,429013
3244,POS,Madrid,diego80@yahoo.com,588401,8/3/2024,Activo,770173
3245,CRM,Zaragoza,diego45@gmail.com,592068,18/11/2023,Activo,325000
3246,POS,Zaragoza,diego76@gmail.com,662396,15/4/2022,Act.,
3247,CRM,Valencia,luis22@outlook.com,562966,6/2/2024,Act.,269394
3248,SGA,Zaragoza,pedro85@gmail.com,98177777,11/9/2025,Activo,817963
3249,ERP,Valencia,maria53@gmail.com,735432,15/6/2024,Act.,931512
3250,CRM,Málaga,lucia75@gmail.com,433531,26/3/2021,Activo,793900
3251,CRM,Barcelona,maria41@gmail.com,580403,6/2/2022,Actvo,171674
3252,ERP,Madrid,lucia52@gmail.com,155425,26/6/2025,Activo,544956
3253,CRM,Madrid,carlos56@outlook.com,190608,2/9/2024,Act.,704161
3007,ERP,Zaragoza,lucia61@yahoo.com,744687,19/12/2024,Activo,506014
3255,POS,Zaragoza,lucia13@gmail.com,736132,23/11/2020,Activo,585064
3256,SGA,Valencia,pedro54@outlook.com,260592,4/10/2021,Activo,530105
3257,SGA,Barcelona,marta64@outlook.com,262595,18/2/2025,Activo,900270
3258,ERP,Valencia,lucia25@gmail.com,164274,18/4/2025,Activo,
3259,SGA,Málaga,javier35@hotmail.com,242953,1/7/2021,Activo,
3260,ERP,Sevilla,elena42@hotmail.com,253750,22/10/2022,Activo,447931
3261,SGA,Zaragoza,diego29@gmail.com,820389,11/4/2021,Activo,682936
3262,CRM,Madrid,maria77@yahoo.com,841808,7/5/2023,Activo,539960
3263,CRM,Málaga,marta70@gmail.com,496000,23/2/2023,Activo,215738
3264,SGA,Madrid,,558801,5/11/2027,Act.,503738
3265,POS,Valencia,diego63@hotmail.com,98177777,27/10/2021,Act.,600234
3266,SGA,Valencia,ana90@gmail.com,616624,6/5/2021,Activo,675895
3267,CRM,Málaga,maria16@hotmail.com,,27/11/2020,Activo,680100
3268,SGA,Zaragoza,javier69@gmail.com,544853,28/1/2020,Activo,981869
3269,CRM,Valencia,juan12@outlook.com,,22/12/2023,Activo,980873
3270,POS,Madrid,luis80@gmail.com,852075,8/2/2021,Activo,
3271,POS,Madrid,sofia99@outlook.com,640342,5/5/2020,Activo,894967
3272,SGA,Málaga,ana41@gmail.com,98177777,22/9/2025,Activo,772491
3273,CRM,Madrid,pedro15@outlook.com,823489,16/3/2023,Actvo,633611
3274,POS,Sevilla,luis14@outlook.com,772413,17/4/2025,Activo,780026
3275,ERP,Valencia,sofia73@hotmail.com,420459,1/8/2021,Act.,705502
3276,SGA,Zaragoza,luis73@yahoo.com,705267,3/3/2024,Activo,710795
3277,ERP,Málaga,lucia69@hotmail.com,766870,26/9/2023,Activo,
4715,SGA,Madrid,diego58@outlook.com,98177777,20/2/2029,Activo,127087
1054,CRM,Sevilla,diego22@yahoo.com,649135,28/2/2024,Activo,406397
3280,CRM,Valencia,carlos16@hotmail.com,229195,27/11/2021,Activo,
3281,ERP,Barcelona,carlos41@yahoo.com,897934,9/5/2022,Activo,810291
4977,CRM,Málaga,ana65@yahoo.com,375260,6/1/2024,Actvo,916197
1569,CRM,Zaragoza,marta75@outlook.com,817972,19/11/2022,Activo,485781
3284,CRM,Zaragoza,maria88@hotmail.com,491203,5/9/2020,Activo,847909
3285,ERP,Málaga,maria43@yahoo.com,383175,25/10/2024,Activo,840459
3286,CRM,Málaga,javier27@gmail.com,,19/6/2023,Activo,324924
3877,POS,Málaga,juan75@hotmail.com,118880,12/1/2024,Activo,536550
3288,SGA,Zaragoza,luis31@gmail.com,98177777,2/1/2022,Activo,655338
3289,POS,Zaragoza,juan30@gmail.com,746766,1/3/2023,Activo,692954
3290,ERP,Barcelona,javier90@outlook.com,374403,2/2/2021,Activo,618016
3291,ERP,Valencia,luis20@yahoo.com,647670,8/2/2022,Act.,
3292,CRM,Valencia,marta88@hotmail.com,836573,27/8/2020,Activo,556347
3293,POS,Valencia,maria20@hotmail.com,101231,2/1/2023,Activo,975151
3294,ERP,Málaga,marta78@outlook.com,917306,25/9/2022,Activo,674028
3295,SGA,Málaga,luis13@gmail.com,519835,8/10/2023,Activo,988557
3296,ERP,Zaragoza,diego43@outlook.com,207763,21/4/2023,Act.,
3297,POS,Málaga,pedro25@hotmail.com,141323,21/2/2024,Activo,102376
3298,SGA,Barcelona,ana76@yahoo.com,780383,9/6/2023,Activo,
3299,SGA,Málaga,elena74@outlook.com,157476,8/1/2020,Act.,384928
3300,CRM,Sevilla,juan79@yahoo.com,399087,6/10/2024,Activo,
3301,SGA,Zaragoza,,98177777,6/4/2023,Activo,530228
3302,CRM,Málaga,,545276,5/6/2020,Act.,
3303,CRM,Barcelona,diego70@outlook.com,707105,5/10/2020,Activo,229013
3304,ERP,Madrid,maria33@yahoo.com,564135,24/4/2025,Act.,
3305,ERP,Valencia,maria48@hotmail.com,575017,3/1/2021,Activo,913172
3306,CRM,Zaragoza,javier95@gmail.com,779599,8/8/2027,Activo,
3307,POS,Zaragoza,luis73@outlook.com,532310,13/8/2024,Activo,736765
3308,CRM,Barcelona,sofia95@hotmail.com,,24/3/2021,Activo,712695
3309,POS,Valencia,luis29@hotmail.com,98177777,28/3/2022,Activo,876558
3310,SGA,Sevilla,diego84@hotmail.com,196039,10/7/2025,Act.,868581
3311,SGA,Madrid,juan44@gmail.com,98177777,22/5/2021,Activo,793866
3312,SGA,Barcelona,lucia25@outlook.com,100528,26/2/2020,Activo,885549
3313,CRM,Málaga,maria84@hotmail.com,,10/6/2024,Actvo,261343
3314,POS,Sevilla,diego15@hotmail.com,954843,27/1/2022,Activo,316145
3315,CRM,Sevilla,javier41@yahoo.com,682240,8/6/2022,Activo,371185
3316,SGA,Madrid,javier98@yahoo.com,129440,6/4/2022,Activo,845728
3317,ERP,Madrid,diego55@gmail.com,112394,14/7/2023,Activo,962803
3318,SGA,Madrid,elena84@hotmail.com,255815,24/3/2025,Activo,256449
3319,SGA,Sevilla,javier15@hotmail.com,403101,16/7/2022,Activo,493041
3320,ERP,Barcelona,carlos88@hotmail.com,271413,21/8/2022,Activo,
3321,POS,Sevilla,lucia43@hotmail.com,757161,26/6/2022,Activo,725536
3322,SGA,Barcelona,,815839,6/3/2021,Activo,304373
3323,POS,Sevilla,carlos29@gmail.com,134364,23/1/2023,Act.,527677
3324,ERP,Madrid,pedro81@outlook.com,98177777,9/3/2024,Act.,437329
3325,ERP,Valencia,pedro30@outlook.com,280510,15/9/2022,Activo,566989
3326,ERP,Málaga,lucia90@hotmail.com,593531,8/8/2025,Activo,484014
3327,CRM,Zaragoza,luis26@gmail.com,754699,13/1/2021,Activo,976412
3328,POS,Sevilla,sofia38@outlook.com,596365,10/9/2021,Activo,687508
3329,CRM,Zaragoza,luis99@yahoo.com,583091,3/2/2020,Activo,799396
3330,ERP,Zaragoza,diego27@outlook.com,785719,12/7/2021,Act.,355210
3331,SGA,Zaragoza,pedro77@hotmail.com,449975,19/10/2020,Act.,607841
3332,CRM,Sevilla,maria64@gmail.com,728250,4/12/2025,Activo,162744
3333,SGA,Valencia,maria21@outlook.com,723905,11/5/2022,Activo,438285
3334,CRM,Zaragoza,,573227,1/2/2025,Act.,715481
2293,POS,Sevilla,maria85@yahoo.com,366762,24/5/2025,Activo,249815
3336,SGA,Málaga,sofia91@yahoo.com,275110,15/10/2020,Activo,848627
4466,CRM,Sevilla,lucia62@gmail.com,502210,23/9/2024,Activo,934765
3338,ERP,Sevilla,elena62@gmail.com,813510,1/9/2021,Activo,945765
3339,ERP,Málaga,lucia15@outlook.com,878039,11/9/2022,Act.,226219
3340,POS,Sevilla,luis22@hotmail.com,779945,12/9/2021,Activo,304513
3341,POS,Málaga,marta12@yahoo.com,394944,14/5/2025,Activo,102120
3342,CRM,Sevilla,carlos48@hotmail.com,,18/8/2024,Act.,212007
3343,ERP,Barcelona,maria88@gmail.com,466185,15/10/2025,Activo,335299
3344,SGA,Barcelona,javier14@yahoo.com,321447,16/5/2025,Activo,369678
3345,CRM,Zaragoza,carlos13@hotmail.com,141260,10/3/2025,Actvo,
3346,CRM,Barcelona,maria70@hotmail.com,925129,2/12/2022,Activo,467205
3347,ERP,Sevilla,marta18@yahoo.com,484185,7/7/2023,Activo,931801
3348,POS,Málaga,sofia78@gmail.com,98177777,11/7/2024,Activo,
3349,SGA,Sevilla,marta10@hotmail.com,296769,16/11/2020,Activo,310740
3350,POS,Barcelona,luis28@gmail.com,918913,26/12/2023,Activo,528876
3351,CRM,Málaga,elena44@hotmail.com,904625,17/11/2023,Activo,987852
3352,CRM,Zaragoza,maria38@outlook.com,565713,6/6/2024,Activo,469227
3353,ERP,Zaragoza,diego90@hotmail.com,934898,4/6/2024,Activo,914125
3354,POS,Madrid,luis64@yahoo.com,877580,28/7/2024,Act.,559086
3355,CRM,Málaga,sofia60@hotmail.com,921420,22/10/2020,Activo,
3356,CRM,Barcelona,luis58@outlook.com,569016,4/10/2025,Activo,569636
3357,POS,Sevilla,maria51@outlook.com,220808,28/3/2023,Activo,840949
3358,ERP,Sevilla,ana94@gmail.com,495023,16/2/2025,Activo,591481
3359,ERP,Madrid,sofia27@yahoo.com,105031,19/10/2023,Activo,
3360,SGA,Málaga,,435786,11/3/2020,Act.,877298
3361,SGA,Barcelona,elena56@yahoo.com,904070,1/1/2025,Activo,109720
3362,SGA,Zaragoza,diego98@gmail.com,98177777,26/10/2022,Activo,935460
3363,POS,Valencia,maria70@gmail.com,415808,28/10/2021,Activo,287116
3364,SGA,Madrid,marta17@yahoo.com,148681,11/2/2024,Act.,580792
3365,SGA,Zaragoza,luis81@hotmail.com,646271,28/8/2020,Act.,855708
3366,POS,Sevilla,ana41@hotmail.com,858736,12/4/2020,Activo,124656
3367,SGA,Madrid,javier26@gmail.com,633871,19/12/2020,Activo,320892
3368,ERP,Madrid,carlos51@outlook.com,98177777,8/11/2020,Activo,759632
3369,CRM,Valencia,diego72@gmail.com,742016,10/5/2022,Activo,
3370,ERP,Zaragoza,,98177777,26/2/2023,Activo,526982
3371,ERP,Valencia,javier83@outlook.com,98177777,6/12/2025,Activo,242075
3372,CRM,Madrid,carlos77@outlook.com,935677,10/2/2021,Actvo,276108
3373,ERP,Zaragoza,carlos58@hotmail.com,520235,14/8/2020,Activo,559699
3374,CRM,Barcelona,carlos81@hotmail.com,870149,13/10/2021,Activo,
3375,ERP,Madrid,diego16@outlook.com,98177777,5/12/2025,Activo,427167
3376,POS,Valencia,carlos30@gmail.com,367902,17/10/2020,Activo,175353
3377,POS,Valencia,carlos50@hotmail.com,128111,3/8/2021,Activo,343410
3378,SGA,Valencia,elena66@outlook.com,705614,2/4/2023,Activo,434042
3379,POS,Valencia,juan83@hotmail.com,319256,1/10/2024,Act.,541458
3380,CRM,Valencia,carlos50@yahoo.com,492047,9/7/2024,Activo,605929
3381,SGA,Sevilla,luis87@gmail.com,432752,2/9/2025,Activo,538872
3382,ERP,Madrid,lucia57@outlook.com,562812,8/8/2025,Act.,
3383,POS,Barcelona,diego26@yahoo.com,214588,4/7/2021,Activo,946094
3384,SGA,Barcelona,ana99@outlook.com,98177777,15/6/2023,Activo,637261
3385,POS,Zaragoza,,825063,10/7/2020,Activo,785109
3386,SGA,Sevilla,ana87@outlook.com,835192,2/1/2025,Activo,
3387,CRM,Madrid,juan11@hotmail.com,939574,20/11/2023,Activo,750488
3388,CRM,Valencia,pedro25@yahoo.com,174260,10/1/2030,Actvo,
3389,ERP,Valencia,pedro67@hotmail.com,362443,2/2/2021,Activo,212721
3390,SGA,Barcelona,elena98@hotmail.com,544901,12/11/2023,Activo,934183
3391,CRM,Barcelona,pedro50@gmail.com,739304,13/12/2024,Activo,134408
3392,ERP,Málaga,maria20@yahoo.com,862205,1/7/2024,Activo,293759
3393,SGA,Sevilla,maria21@outlook.com,333174,11/4/2020,Activo,167808
3394,ERP,Madrid,luis42@hotmail.com,180084,1/8/2020,Activo,130945
3395,CRM,Madrid,juan78@gmail.com,966913,4/1/2021,Act.,594156
3396,ERP,Zaragoza,sofia76@hotmail.com,223505,5/12/2025,Act.,241627
3397,SGA,Valencia,elena81@yahoo.com,319828,13/9/2024,Activo,908244
3398,POS,Madrid,maria32@outlook.com,98177777,2/6/2025,Activo,955152
3399,CRM,Madrid,juan44@hotmail.com,858343,2/2/2020,Actvo,552942
3400,SGA,Sevilla,marta62@outlook.com,782449,25/9/2025,Activo,556578
3401,SGA,Sevilla,javier64@gmail.com,992780,13/10/2022,Activo,438660
3963,ERP,Zaragoza,maria31@gmail.com,896246,24/10/2023,Activo,104461
3403,CRM,Valencia,carlos39@hotmail.com,,15/7/2023,Activo,871629
3404,POS,Zaragoza,diego54@hotmail.com,788538,27/2/2027,Activo,391206
3405,POS,Sevilla,luis16@hotmail.com,377555,10/10/2020,Activo,783597
3406,ERP,Valencia,javier31@outlook.com,746132,26/7/2021,Activo,
3407,CRM,Sevilla,luis32@outlook.com,619401,18/3/2022,Actvo,692651
3408,POS,Sevilla,javier81@yahoo.com,240777,4/10/2021,Activo,451210
3409,CRM,Málaga,carlos56@outlook.com,,19/6/2023,Activo,274760
3410,ERP,Zaragoza,,410909,4/7/2020,Activo,624895
3411,CRM,Barcelona,diego42@outlook.com,271930,3/8/2028,Activo,176838
3412,CRM,Barcelona,carlos93@hotmail.com,642157,27/6/2022,Activo,797858
3413,CRM,Zaragoza,pedro35@gmail.com,607793,26/10/2022,Activo,
3414,ERP,Málaga,lucia29@hotmail.com,674683,2/3/2025,Activo,171074
3415,ERP,Sevilla,luis88@hotmail.com,853151,6/12/2024,Activo,644519
3416,ERP,Sevilla,sofia20@hotmail.com,167358,22/3/2022,Activo,
3417,POS,Málaga,diego36@yahoo.com,943438,21/9/2025,Activo,335249
3418,SGA,Sevilla,javier92@yahoo.com,816270,15/6/2022,Activo,334438
3419,CRM,Barcelona,juan34@hotmail.com,864248,1/3/2022,Activo,945629
3420,SGA,Málaga,maria70@outlook.com,568562,21/3/2021,Activo,685023
3421,CRM,Valencia,javier79@gmail.com,105158,12/3/2025,Activo,785263
3422,CRM,Madrid,maria87@hotmail.com,712236,15/11/2024,Actvo,411020
5542,CRM,Zaragoza,juan42@outlook.com,577801,15/8/2025,Activo,972581
3424,ERP,Málaga,lucia14@hotmail.com,605181,7/3/2027,Activo,528617
3425,POS,Zaragoza,lucia51@yahoo.com,364314,13/2/2024,Activo,
3426,ERP,Sevilla,lucia52@yahoo.com,932990,26/11/2021,Activo,
3427,CRM,Sevilla,juan14@gmail.com,184519,4/9/2023,Activo,870780
3428,SGA,Barcelona,marta60@hotmail.com,182336,27/12/2023,Activo,483146
3429,CRM,Sevilla,carlos75@gmail.com,623277,9/5/2021,Actvo,108806
3430,CRM,Valencia,ana32@outlook.com,149722,6/9/2024,Activo,264038
2784,POS,Zaragoza,javier56@outlook.com,460853,1/8/2024,Activo,491623
3432,CRM,Madrid,juan78@yahoo.com,751684,2/1/2022,Activo,
3433,ERP,Málaga,ana98@gmail.com,289718,20/7/2025,Activo,616645
3434,POS,Sevilla,sofia37@hotmail.com,979677,19/7/2023,Activo,379903
3435,POS,Málaga,luis23@gmail.com,627902,25/7/2023,Activo,232862
3436,POS,Valencia,javier95@outlook.com,748711,2/11/2025,Act.,460367
3437,CRM,Málaga,sofia25@yahoo.com,668074,20/7/2022,Activo,715177
3438,POS,Madrid,luis75@outlook.com,593498,28/10/2025,Activo,992197
3439,POS,Barcelona,marta59@hotmail.com,392322,2/5/2023,Activo,672693
3440,ERP,Málaga,luis75@yahoo.com,370514,4/7/2024,Activo,787656
3441,SGA,Madrid,marta86@gmail.com,895336,11/5/2022,Act.,433409
3442,ERP,Zaragoza,ana71@yahoo.com,172636,21/9/2025,Activo,725687
3443,ERP,Málaga,maria45@hotmail.com,104478,10/7/2023,Activo,518557
3444,SGA,Málaga,carlos58@yahoo.com,740026,23/2/2025,Act.,551816
3445,SGA,Valencia,,242808,15/2/2022,Activo,
3446,POS,Zaragoza,marta86@hotmail.com,709479,6/8/2024,Activo,296174
3447,ERP,Málaga,pedro44@yahoo.com,323376,7/11/2024,Activo,462637
3448,CRM,Madrid,luis93@yahoo.com,103419,28/8/2021,Activo,
3449,ERP,Málaga,pedro76@yahoo.com,731312,26/3/2023,Activo,
3450,SGA,Zaragoza,maria29@gmail.com,829158,14/6/2025,Activo,715911
3451,POS,Madrid,javier80@hotmail.com,795717,18/11/2023,Activo,568436
3452,POS,Barcelona,,832214,28/5/2022,Activo,480875
1849,POS,Zaragoza,pedro82@yahoo.com,363368,14/12/2025,Act.,
3454,CRM,Zaragoza,luis75@gmail.com,361300,9/11/2025,Activo,597677
3455,CRM,Zaragoza,luis37@yahoo.com,128537,1/12/2027,Act.,362630
3456,SGA,Madrid,juan24@gmail.com,981114,28/5/2023,Activo,328463
3457,POS,Zaragoza,pedro10@gmail.com,653633,11/10/2021,Activo,
4746,ERP,Zaragoza,,408916,18/9/2021,Activo,576412
3459,POS,Barcelona,elena65@hotmail.com,354176,5/4/2022,Activo,380093
3460,ERP,Sevilla,juan75@hotmail.com,926617,24/4/2023,Activo,363379
5155,ERP,Zaragoza,maria11@gmail.com,526899,14/9/2021,Activo,450466
3462,CRM,Madrid,lucia57@hotmail.com,173301,25/9/2025,Activo,120860
3463,POS,Madrid,carlos17@yahoo.com,529485,25/7/2023,Activo,754743
3464,SGA,Málaga,carlos50@yahoo.com,521593,22/6/2025,Activo,543663
3465,POS,Zaragoza,maria85@gmail.com,238740,5/11/2028,Activo,217438
4327,POS,Barcelona,carlos63@yahoo.com,351650,27/12/2020,Activo,381903
3467,SGA,Madrid,carlos62@outlook.com,165119,4/4/2025,Activo,193511
3468,SGA,Valencia,maria14@gmail.com,950804,15/11/2024,Activo,816432
3469,POS,Barcelona,juan68@hotmail.com,789156,3/6/2023,Activo,435380
3470,SGA,Barcelona,juan57@outlook.com,743080,1/2/2020,Activo,833911
3471,ERP,Málaga,marta85@hotmail.com,131725,4/2/2024,Activo,552492
3472,CRM,Zaragoza,maria52@gmail.com,343338,4/11/2021,Activo,360320
3473,SGA,Sevilla,juan65@hotmail.com,136829,7/2/2024,Activo,247993
3474,ERP,Madrid,javier59@hotmail.com,236877,9/3/2020,Act.,807943
3475,CRM,Zaragoza,maria11@hotmail.com,414058,12/9/2025,Actvo,911367
3476,SGA,Zaragoza,carlos21@gmail.com,155425,13/6/2027,Activo,877479
3477,CRM,Valencia,lucia46@gmail.com,561365,13/4/2023,Activo,199384
3478,POS,Sevilla,luis51@gmail.com,284822,21/6/2030,Activo,102528
5334,SGA,Zaragoza,sofia44@hotmail.com,782169,27/12/2021,Activo,
3480,ERP,Madrid,,615960,4/6/2025,Activo,213393
3481,ERP,Sevilla,ana81@yahoo.com,98177777,20/9/2020,Activo,855542
3482,CRM,Madrid,luis35@outlook.com,780211,1/11/2022,Activo,745318
3483,ERP,Valencia,diego78@hotmail.com,412739,10/4/2028,Act.,385705
3484,ERP,Sevilla,sofia68@gmail.com,469249,15/8/2020,Activo,
3485,SGA,Barcelona,luis65@gmail.com,165669,22/7/2024,Activo,730289
3486,CRM,Sevilla,javier94@hotmail.com,210247,10/3/2023,Activo,790273
3487,ERP,Madrid,maria56@gmail.com,180213,21/4/2025,Activo,569171
3488,POS,Zaragoza,sofia64@yahoo.com,832460,17/3/2021,Activo,416712
3489,SGA,Valencia,maria82@hotmail.com,98177777,6/7/2023,Activo,901436
3351,ERP,Sevilla,juan98@yahoo.com,295043,24/4/2020,Activo,779353
3491,ERP,Valencia,maria26@hotmail.com,611988,3/5/2025,Activo,868891
3492,ERP,Madrid,ana68@yahoo.com,936707,2/8/2024,Activo,948819
3493,SGA,Madrid,carlos20@gmail.com,98177777,17/8/2022,Activo,521370
3494,SGA,Madrid,sofia57@yahoo.com,181342,4/5/2021,Activo,611215
3495,CRM,Zaragoza,elena56@outlook.com,413322,14/12/2021,Activo,730691
3496,SGA,Barcelona,maria68@hotmail.com,635462,19/4/2030,Activo,863183
3497,ERP,Valencia,marta21@yahoo.com,520835,22/5/2020,Activo,
3498,ERP,Barcelona,diego87@yahoo.com,470817,10/4/2021,Activo,439351
3499,POS,Barcelona,maria79@yahoo.com,843074,27/12/2025,Activo,945601
3500,SGA,Valencia,sofia85@hotmail.com,183786,3/7/2025,Activo,112497
3501,ERP,Madrid,diego44@yahoo.com,130117,24/3/2025,Act.,786171
3502,POS,Barcelona,sofia71@outlook.com,996023,20/6/2020,Act.,632538
3503,CRM,Valencia,maria67@gmail.com,647622,12/9/2023,Activo,
3504,CRM,Sevilla,carlos56@outlook.com,246286,9/4/2024,Activo,116859
3505,CRM,Málaga,maria80@outlook.com,,10/8/2021,Activo,396348
3506,ERP,Barcelona,ana72@gmail.com,794967,26/9/2023,Activo,126384
3507,ERP,Madrid,luis26@gmail.com,666539,26/3/2022,Activo,134950
3508,CRM,Zaragoza,pedro26@outlook.com,712368,27/10/2024,Activo,877073
3509,POS,Valencia,juan83@gmail.com,98177777,18/10/2021,Activo,
3510,CRM,Barcelona,juan18@hotmail.com,974702,26/5/2025,Actvo,150567
3511,SGA,Madrid,marta53@hotmail.com,385746,10/1/2022,Act.,844702
3512,ERP,Málaga,juan68@yahoo.com,849471,5/2/2027,Activo,772737
3513,ERP,Madrid,pedro45@hotmail.com,898154,10/11/2023,Activo,963609
3514,SGA,Valencia,luis30@outlook.com,662935,4/2/2023,Activo,949722
3515,ERP,Sevilla,carlos10@gmail.com,263912,15/9/2022,Activo,718973
3516,SGA,Madrid,luis93@yahoo.com,981536,12/4/2025,Activo,
3517,CRM,Valencia,carlos67@yahoo.com,400478,2/12/2025,Activo,210793
3518,CRM,Barcelona,diego19@hotmail.com,137752,20/9/2021,Activo,171814
3519,ERP,Sevilla,luis57@gmail.com,146615,24/7/2021,Activo,
3520,ERP,Valencia,juan54@gmail.com,802387,8/10/2021,Activo,696006
3521,CRM,Valencia,sofia57@gmail.com,807276,24/1/2028,Activo,123111
3522,SGA,Sevilla,elena23@gmail.com,746860,21/6/2021,Activo,767283
3523,CRM,Madrid,diego20@gmail.com,582629,20/6/2021,Act.,
3524,SGA,Madrid,lucia66@gmail.com,98177777,28/11/2025,Activo,404728
3525,POS,Barcelona,pedro35@gmail.com,275727,7/8/2023,Activo,569780
3526,CRM,Barcelona,,267082,22/12/2021,Act.,913463
3527,SGA,Zaragoza,,318088,27/6/2022,Activo,630286
3528,SGA,Zaragoza,ana97@gmail.com,500173,17/12/2020,Act.,
3529,SGA,Barcelona,,407211,4/4/2025,Activo,859260
3530,ERP,Sevilla,marta93@gmail.com,564009,27/2/2022,Activo,693475
3531,ERP,Zaragoza,sofia49@outlook.com,885354,4/8/2021,Act.,299382
3532,POS,Zaragoza,lucia92@yahoo.com,508104,12/9/2021,Activo,266401
3533,POS,Sevilla,luis69@hotmail.com,667886,10/10/2020,Activo,
4346,SGA,Madrid,sofia37@hotmail.com,915578,11/2/2024,Activo,380469
3535,ERP,Valencia,sofia42@outlook.com,594087,10/5/2023,Activo,963590
3536,SGA,Madrid,maria62@gmail.com,585247,18/8/2020,Activo,979960
3537,ERP,Valencia,marta75@yahoo.com,130471,8/6/2024,Activo,823771
3538,ERP,Sevilla,lucia49@gmail.com,256807,7/6/2025,Act.,727906
3539,POS,Zaragoza,marta19@gmail.com,98177777,17/11/2020,Activo,
3540,SGA,Sevilla,juan29@outlook.com,606585,12/5/2021,Act.,104718
3541,SGA,Madrid,javier88@hotmail.com,337498,11/7/2023,Activo,255855
3542,ERP,Sevilla,pedro18@hotmail.com,558889,7/10/2022,Activo,
3543,ERP,Madrid,lucia56@hotmail.com,879490,7/11/2020,Activo,859162
3544,CRM,Sevilla,lucia53@yahoo.com,,14/2/2020,Activo,881280
3545,POS,Málaga,juan61@outlook.com,663026,21/10/2024,Activo,537521
3546,CRM,Barcelona,diego14@hotmail.com,332641,14/11/2025,Activo,471145
3547,ERP,Madrid,sofia80@yahoo.com,764058,23/8/2021,Activo,225811
3548,SGA,Valencia,carlos48@yahoo.com,891037,22/12/2022,Activo,509723
3549,ERP,Zaragoza,pedro50@yahoo.com,767532,4/6/2025,Activo,991940
3550,CRM,Zaragoza,javier48@hotmail.com,603671,15/3/2030,Activo,637175
3551,POS,Málaga,luis16@outlook.com,545941,28/12/2020,Activo,321335
3552,ERP,Madrid,elena66@outlook.com,781966,27/7/2024,Activo,
3553,SGA,Barcelona,diego56@hotmail.com,943285,4/11/2021,Act.,753914
3554,CRM,Zaragoza,ana20@outlook.com,574916,24/9/2025,Activo,160125
3555,ERP,Málaga,pedro36@yahoo.com,848512,13/9/2022,Activo,625661
3556,SGA,Barcelona,juan86@gmail.com,158651,10/2/2024,Activo,890418
3557,SGA,Valencia,ana51@gmail.com,323310,8/4/2020,Act.,780783
3558,ERP,Zaragoza,,473767,3/6/2025,Activo,
3559,CRM,Sevilla,carlos13@gmail.com,592638,23/9/2020,Act.,141381
3560,SGA,Sevilla,maria20@gmail.com,231939,6/7/2021,Activo,251171
3561,POS,Madrid,luis59@gmail.com,331343,4/9/2027,Activo,840758
3562,CRM,Málaga,javier12@yahoo.com,801700,23/4/2023,Actvo,438650
3563,SGA,Zaragoza,carlos66@hotmail.com,278483,8/3/2022,Activo,236507
3564,ERP,Barcelona,,955443,24/2/2021,Activo,988164
3565,ERP,Barcelona,pedro91@gmail.com,569932,5/10/2023,Activo,594680
3566,CRM,Valencia,sofia57@yahoo.com,123745,27/6/2021,Activo,384390
3567,SGA,Zaragoza,carlos99@gmail.com,271145,23/1/2025,Act.,679426
3568,SGA,Barcelona,juan20@yahoo.com,143787,26/4/2024,Act.,504276
3569,CRM,Barcelona,ana82@outlook.com,259795,15/2/2022,Activo,295401
1469,CRM,Zaragoza,juan11@yahoo.com,454157,17/5/2022,Activo,328138
3571,CRM,Sevilla,marta16@gmail.com,530487,10/4/2030,Activo,696126
2021,POS,Zaragoza,ana37@yahoo.com,861733,21/5/2025,Activo,980575
3573,POS,Sevilla,ana93@outlook.com,817155,25/8/2023,Activo,480673
3574,POS,Madrid,sofia53@gmail.com,706965,10/2/2022,Activo,436168
3575,ERP,Madrid,juan73@gmail.com,580408,14/12/2022,Activo,224329
3576,POS,Sevilla,marta34@yahoo.com,407412,28/2/2020,Activo,113968
3577,POS,Zaragoza,luis16@outlook.com,535755,13/4/2021,Act.,996784
3578,POS,Valencia,sofia96@outlook.com,685018,12/4/2021,Activo,704618
3579,SGA,Málaga,lucia95@gmail.com,172509,23/7/2022,Activo,137892
3580,POS,Barcelona,,712139,15/12/2025,Act.,486917
3581,CRM,Madrid,carlos96@yahoo.com,922442,17/7/2020,Activo,955196
3582,POS,Madrid,marta11@yahoo.com,519148,15/1/2022,Activo,981222
3583,ERP,Sevilla,sofia25@gmail.com,582591,1/8/2023,Activo,770109
3584,ERP,Valencia,pedro14@yahoo.com,509966,14/7/2030,Act.,656165
3585,POS,Zaragoza,luis88@outlook.com,459944,19/11/2020,Activo,672234
3586,CRM,Valencia,,110652,17/6/2023,Activo,231055
3587,CRM,Málaga,javier88@gmail.com,392067,3/1/2024,Activo,115914
3588,SGA,Sevilla,javier53@yahoo.com,377407,14/6/2025,Activo,501681
3589,CRM,Valencia,ana54@yahoo.com,552181,7/3/2022,Activo,743012
3590,SGA,Málaga,javier82@outlook.com,339352,16/5/2025,Act.,488451
1595,SGA,Barcelona,ana59@gmail.com,846245,23/5/2025,Activo,726945
3137,CRM,Zaragoza,,989340,9/1/2022,Activo,248972
3593,CRM,Zaragoza,elena82@gmail.com,,7/10/2022,Activo,556750
3594,SGA,Valencia,diego83@hotmail.com,397191,17/4/2023,Activo,245601
3595,ERP,Madrid,luis17@gmail.com,446338,2/1/2027,Activo,665048
3596,POS,Barcelona,marta66@hotmail.com,587844,18/11/2020,Activo,945362
3597,ERP,Málaga,marta40@hotmail.com,558965,17/8/2025,Activo,456994
3598,CRM,Zaragoza,marta97@yahoo.com,,7/9/2020,Activo,366670
3599,CRM,Zaragoza,lucia94@yahoo.com,543799,19/4/2024,Activo,315860
3600,SGA,Madrid,carlos49@outlook.com,350768,21/11/2020,Activo,736838
3601,POS,Valencia,juan10@hotmail.com,374486,19/2/2024,Activo,461116
3602,CRM,Madrid,diego30@outlook.com,710988,26/4/2020,Activo,765615
3603,POS,Sevilla,lucia30@outlook.com,810398,20/9/2024,Activo,975589
3604,ERP,Málaga,maria73@yahoo.com,267415,5/2/2020,Activo,884753
3605,POS,Madrid,ana42@yahoo.com,133317,4/9/2023,Act.,134305
3606,ERP,Barcelona,pedro46@gmail.com,125196,24/6/2025,Activo,921480
3607,CRM,Málaga,carlos33@gmail.com,723525,1/2/2024,Activo,991498
3608,CRM,Zaragoza,javier83@yahoo.com,162030,14/12/2022,Activo,638886
3609,SGA,Valencia,lucia49@outlook.com,98177777,24/3/2021,Activo,
3610,ERP,Sevilla,maria11@gmail.com,149491,10/10/2022,Activo,621282
3611,ERP,Barcelona,javier63@gmail.com,356837,5/11/2021,Activo,
3612,POS,Zaragoza,juan91@hotmail.com,130341,6/9/2023,Activo,540920
3613,SGA,Zaragoza,lucia11@yahoo.com,353046,28/7/2025,Activo,410588
3614,SGA,Valencia,maria21@hotmail.com,629063,3/8/2021,Activo,118591
3615,SGA,Málaga,lucia27@gmail.com,896086,3/4/2024,Activo,505352
3616,ERP,Valencia,javier52@hotmail.com,670741,25/8/2024,Activo,699147
3617,CRM,Málaga,sofia81@hotmail.com,473139,8/2/2021,Actvo,576925
3618,CRM,Valencia,sofia33@gmail.com,754892,23/12/2023,Activo,482472
3619,POS,Málaga,marta85@hotmail.com,98177777,26/3/2022,Activo,391056
3620,POS,Sevilla,diego15@yahoo.com,674739,11/10/2023,Activo,
3621,ERP,Valencia,lucia63@yahoo.com,179373,14/11/2020,Activo,773750
3622,CRM,Barcelona,marta28@hotmail.com,,28/9/2022,Activo,358692
3623,SGA,Málaga,luis33@gmail.com,222649,14/7/2022,Activo,132139
3624,CRM,Valencia,elena13@yahoo.com,329071,4/7/2020,Activo,295327
3625,POS,Valencia,,393814,15/3/2022,Act.,871705
3626,CRM,Barcelona,maria54@yahoo.com,307331,9/9/2023,Activo,967154
3627,SGA,Sevilla,luis10@yahoo.com,580650,6/9/2025,Activo,978684
3628,POS,Zaragoza,marta31@gmail.com,98177777,7/5/2022,Activo,547691
3629,ERP,Valencia,sofia94@yahoo.com,571703,1/4/2023,Activo,998362
3630,CRM,Madrid,,636340,1/12/2024,Activo,152362
3631,CRM,Málaga,luis25@hotmail.com,174320,14/11/2023,Act.,542529
3632,ERP,Barcelona,javier56@gmail.com,499477,11/8/2025,Activo,880863
3633,ERP,Málaga,maria74@hotmail.com,552453,10/7/2022,Activo,605487
3634,SGA,Madrid,ana52@gmail.com,485971,23/5/2020,Activo,242337
3635,CRM,Zaragoza,ana82@hotmail.com,709606,17/8/2024,Activo,847037
3636,POS,Sevilla,elena31@gmail.com,410184,22/3/2021,Activo,183333
3637,CRM,Madrid,luis15@gmail.com,618664,11/6/2023,Activo,164505
3638,SGA,Madrid,ana40@hotmail.com,459933,16/5/2022,Act.,678084
3639,POS,Málaga,marta87@yahoo.com,488868,2/4/2022,Activo,362482
4810,POS,Barcelona,,126652,3/4/2025,Activo,591022
3641,POS,Sevilla,sofia29@hotmail.com,439958,13/6/2025,Activo,281840
3642,SGA,Zaragoza,luis45@outlook.com,351648,22/7/2023,Activo,930844
3643,CRM,Málaga,carlos16@gmail.com,505508,20/10/2025,Activo,
3644,POS,Málaga,pedro31@hotmail.com,844566,24/4/2022,Activo,591546
3645,ERP,Sevilla,juan32@yahoo.com,564634,10/8/2020,Activo,924021
3646,SGA,Sevilla,luis26@yahoo.com,638911,8/5/2022,Activo,462589
3647,POS,Zaragoza,pedro17@outlook.com,980637,24/4/2024,Activo,297540
3648,SGA,Madrid,carlos72@outlook.com,177916,27/12/2025,Act.,883260
3649,ERP,Málaga,marta26@gmail.com,754589,8/5/2020,Act.,249387
3650,POS,Málaga,,268247,1/7/2023,Activo,322028
3651,CRM,Madrid,ana83@yahoo.com,237344,27/3/2025,Activo,745886
3652,SGA,Zaragoza,javier26@gmail.com,795000,20/8/2023,Activo,376486
3653,POS,Madrid,javier36@gmail.com,250378,12/7/2025,Activo,901296
3654,POS,Málaga,marta99@yahoo.com,164700,25/1/2023,Activo,572920
3655,SGA,Sevilla,pedro26@hotmail.com,801219,21/1/2024,Activo,578138
5003,ERP,Málaga,pedro99@gmail.com,776580,8/4/2023,Act.,479701
3657,SGA,Madrid,marta34@gmail.com,271993,28/11/2022,Activo,455547
3658,CRM,Valencia,pedro74@gmail.com,177915,10/2/2029,Activo,
3659,ERP,Sevilla,juan62@outlook.com,428555,7/10/2020,Activo,790350
3660,CRM,Zaragoza,juan97@gmail.com,,24/2/2025,Act.,651068
3661,CRM,Valencia,sofia39@hotmail.com,,2/1/2022,Act.,295770
3662,SGA,Sevilla,ana60@gmail.com,293959,2/10/2022,Act.,
3663,POS,Barcelona,lucia26@gmail.com,98177777,24/9/2025,Activo,395671
3664,ERP,Málaga,javier30@gmail.com,492440,22/2/2023,Activo,552959
3665,CRM,Madrid,javier19@hotmail.com,845047,7/11/2021,Activo,338314
3666,POS,Madrid,sofia15@yahoo.com,256172,27/1/2025,Activo,298814
3667,POS,Sevilla,luis37@gmail.com,98177777,1/7/2022,Act.,710728
3668,POS,Valencia,juan43@yahoo.com,927842,14/12/2024,Activo,846066
3669,ERP,Barcelona,marta79@outlook.com,242088,9/8/2024,Activo,612949
3670,POS,Sevilla,,504453,16/12/2024,Activo,630053
3671,SGA,Madrid,pedro29@gmail.com,374807,15/9/2022,Activo,284912
3672,CRM,Barcelona,lucia25@hotmail.com,126970,12/9/2025,Activo,116582
4297,POS,Málaga,luis17@outlook.com,912237,16/10/2022,Activo,934479
3674,CRM,Madrid,ana63@hotmail.com,414767,15/12/2020,Activo,584569
3675,ERP,Valencia,juan59@yahoo.com,297711,4/5/2020,Activo,821484
3676,CRM,Málaga,pedro20@hotmail.com,479978,15/10/2023,Act.,716401
3677,POS,Málaga,juan48@outlook.com,353726,3/11/2020,Act.,358562
3678,ERP,Valencia,carlos48@gmail.com,196009,13/10/2021,Act.,627400
3679,ERP,Barcelona,diego60@yahoo.com,873667,26/4/2024,Activo,426184
3680,ERP,Madrid,sofia34@yahoo.com,399610,26/6/2024,Activo,597868
3681,ERP,Zaragoza,ana11@outlook.com,98177777,28/11/2025,Act.,
3682,ERP,Málaga,diego31@hotmail.com,711057,25/12/2021,Activo,835641
3683,CRM,Valencia,pedro59@yahoo.com,910448,25/8/2023,Act.,969680
3684,POS,Málaga,maria21@outlook.com,403627,13/9/2024,Activo,718390
3685,CRM,Barcelona,carlos37@hotmail.com,932882,22/10/2022,Activo,456865
3686,POS,Barcelona,marta53@outlook.com,703848,5/1/2028,Activo,776555
3687,ERP,Sevilla,pedro22@gmail.com,284578,13/6/2021,Activo,257510
3688,ERP,Valencia,elena86@gmail.com,192848,2/6/2022,Activo,432642
3689,SGA,Madrid,diego28@yahoo.com,140669,4/2/2021,Activo,185158
3690,SGA,Valencia,marta20@hotmail.com,970793,2/12/2023,Activo,847307
3691,CRM,Sevilla,lucia81@outlook.com,470757,12/2/2021,Actvo,776757
3692,CRM,Málaga,pedro46@hotmail.com,432382,7/6/2024,Activo,403889
3693,POS,Málaga,pedro56@gmail.com,164100,10/10/2023,Activo,566726
3694,POS,Zaragoza,lucia38@yahoo.com,396026,2/4/2025,Activo,650858
3695,SGA,Barcelona,lucia14@yahoo.com,601694,25/10/2025,Activo,171563
3696,SGA,Madrid,,365164,3/1/2025,Activo,898715
3697,POS,Barcelona,ana95@hotmail.com,98177777,22/10/2025,Activo,925644
3698,CRM,Málaga,ana44@outlook.com,787244,19/8/2022,Activo,852436
3699,POS,Sevilla,marta59@outlook.com,261337,7/9/2024,Activo,182238
3700,CRM,Madrid,elena61@outlook.com,526389,15/7/2025,Act.,702083
3701,POS,Valencia,javier52@yahoo.com,98177777,25/10/2023,Activo,853555
3702,ERP,Zaragoza,lucia65@outlook.com,723214,13/3/2025,Activo,768166
3703,ERP,Zaragoza,carlos60@hotmail.com,98177777,28/4/2025,Activo,923325
3704,CRM,Sevilla,sofia74@hotmail.com,219383,11/7/2022,Activo,838473
3705,CRM,Barcelona,maria65@yahoo.com,417303,24/4/2020,Act.,220340
3706,CRM,Zaragoza,pedro20@yahoo.com,865314,12/12/2025,Activo,451604
1581,SGA,Barcelona,ana12@gmail.com,374712,17/11/2022,Activo,281316
3708,SGA,Málaga,sofia49@gmail.com,844543,18/11/2024,Activo,763284
3709,POS,Málaga,pedro61@yahoo.com,171992,23/6/2020,Activo,760985
3710,SGA,Zaragoza,ana83@hotmail.com,730012,6/1/2029,Act.,
3711,POS,Málaga,elena33@gmail.com,753695,19/1/2020,Activo,583001
3712,POS,Málaga,lucia11@hotmail.com,284445,28/3/2025,Activo,611092
3713,POS,Zaragoza,carlos27@yahoo.com,548286,15/1/2025,Activo,244325
3714,CRM,Zaragoza,marta85@gmail.com,191419,9/3/2023,Activo,306257
3715,ERP,Barcelona,diego25@outlook.com,350836,24/4/2021,Activo,919921
3716,SGA,Madrid,,234660,10/11/2020,Act.,970980
3717,POS,Zaragoza,carlos93@yahoo.com,222156,10/11/2024,Activo,902989
3718,ERP,Barcelona,pedro63@gmail.com,910834,19/8/2023,Activo,752510
3719,POS,Málaga,ana49@yahoo.com,190505,6/2/2023,Activo,811947
3720,CRM,Madrid,juan67@hotmail.com,842129,20/11/2025,Activo,190067
3721,POS,Barcelona,elena38@gmail.com,187643,10/12/2025,Activo,680864
4373,SGA,Valencia,javier12@gmail.com,141349,20/3/2020,Activo,261167
3723,ERP,Zaragoza,javier25@hotmail.com,98177777,16/3/2022,Activo,932881
3724,CRM,Barcelona,ana31@yahoo.com,420146,18/3/2022,Activo,146129
3725,POS,Zaragoza,maria57@hotmail.com,270667,3/8/2020,Act.,776126
3726,SGA,Málaga,luis45@outlook.com,731601,24/8/2023,Activo,927320
3727,SGA,Valencia,ana94@outlook.com,98177777,8/2/2022,Activo,
3728,CRM,Barcelona,pedro65@hotmail.com,653954,22/1/2025,Activo,286547
3729,SGA,Málaga,javier93@hotmail.com,706491,9/10/2020,Act.,527609
3730,SGA,Madrid,,532190,20/7/2025,Activo,725109
3731,SGA,Málaga,javier30@gmail.com,477973,11/2/2023,Activo,
3732,SGA,Málaga,diego53@yahoo.com,222701,6/8/2022,Activo,189974
2072,POS,Zaragoza,elena69@hotmail.com,212923,16/1/2022,Activo,439070
3734,CRM,Zaragoza,diego61@outlook.com,718753,23/9/2023,Activo,212910
3735,ERP,Valencia,lucia69@gmail.com,98177777,25/9/2021,Activo,710995
3736,ERP,Málaga,juan92@gmail.com,803281,15/9/2023,Activo,898127
3737,SGA,Zaragoza,javier99@outlook.com,436523,15/2/2023,Activo,
3738,POS,Sevilla,elena78@gmail.com,688867,4/3/2024,Activo,566935
3739,SGA,Madrid,,830008,19/4/2025,Activo,
3740,SGA,Sevilla,ana93@gmail.com,563752,28/10/2023,Activo,803270
3741,POS,Málaga,,344847,13/12/2020,Act.,114701
3742,CRM,Málaga,elena97@yahoo.com,756445,22/8/2020,Actvo,108307
3743,ERP,Málaga,maria49@yahoo.com,156449,5/3/2024,Act.,
3744,POS,Madrid,javier34@gmail.com,846087,28/7/2025,Act.,470186
3745,ERP,Valencia,sofia48@yahoo.com,172566,9/5/2023,Activo,607245
3746,POS,Sevilla,marta25@yahoo.com,189208,17/5/2020,Activo,386153
3747,POS,Sevilla,luis90@gmail.com,98177777,23/1/2024,Activo,282971
3748,SGA,Valencia,pedro14@yahoo.com,824337,16/9/2020,Activo,806097
3749,CRM,Madrid,diego89@outlook.com,690542,14/5/2022,Activo,407230
3750,ERP,Málaga,pedro76@hotmail.com,98177777,27/10/2024,Activo,855704
3751,CRM,Zaragoza,marta13@yahoo.com,630765,3/11/2024,Activo,513220
3752,SGA,Sevilla,javier72@yahoo.com,602408,14/9/2022,Activo,837956
3753,POS,Sevilla,marta57@outlook.com,436655,20/11/2025,Activo,749232
3754,ERP,Valencia,javier97@yahoo.com,131638,9/10/2025,Activo,641352
3755,CRM,Zaragoza,pedro31@yahoo.com,857257,6/1/2024,Activo,147053
3756,ERP,Madrid,elena39@yahoo.com,266606,5/3/2023,Activo,462106
3757,ERP,Málaga,sofia87@yahoo.com,98177777,17/8/2028,Activo,
1838,ERP,Barcelona,,361111,16/6/2025,Activo,587324
3759,CRM,Madrid,elena98@yahoo.com,937825,26/8/2022,Act.,448009
3760,ERP,Valencia,lucia26@yahoo.com,485749,11/8/2023,Activo,
3761,CRM,Sevilla,maria74@outlook.com,617045,11/4/2028,Activo,368455
3762,POS,Zaragoza,elena60@gmail.com,98177777,9/12/2022,Activo,346431
3763,CRM,Sevilla,luis68@gmail.com,597810,7/1/2020,Activo,553005
3764,SGA,Valencia,diego87@hotmail.com,461698,8/3/2022,Act.,808326
3765,ERP,Madrid,maria74@yahoo.com,98177777,15/6/2027,Activo,607575
3766,SGA,Sevilla,lucia58@gmail.com,575824,5/3/2022,Activo,323006
3767,SGA,Barcelona,elena25@yahoo.com,837521,25/4/2022,Activo,857265
3768,POS,Valencia,ana92@yahoo.com,841853,24/1/2022,Act.,236399
3769,POS,Madrid,luis96@yahoo.com,581537,12/12/2023,Activo,973439
3770,CRM,Zaragoza,elena95@hotmail.com,178896,8/2/2024,Act.,657876
3771,CRM,Madrid,carlos78@outlook.com,892621,5/11/2023,Activo,438344
3772,ERP,Málaga,elena35@outlook.com,223387,6/3/2022,Activo,
3773,SGA,Barcelona,carlos26@yahoo.com,975821,16/8/2021,Activo,109515
3774,POS,Málaga,lucia98@yahoo.com,621627,18/3/2024,Activo,778487
3775,POS,Sevilla,pedro75@gmail.com,628302,2/8/2020,Activo,728375
3776,ERP,Madrid,sofia47@outlook.com,197330,2/3/2024,Activo,
3777,POS,Barcelona,ana81@yahoo.com,994200,25/12/2023,Activo,
3778,SGA,Barcelona,javier97@yahoo.com,906536,9/2/2025,Activo,178656
3779,SGA,Barcelona,ana61@gmail.com,98177777,19/4/2023,Activo,819032
3780,ERP,Valencia,sofia53@yahoo.com,823545,20/8/2025,Activo,634778
3781,SGA,Valencia,juan59@yahoo.com,988023,28/11/2024,Activo,
3782,CRM,Madrid,javier71@yahoo.com,297093,25/4/2021,Activo,189484
3783,SGA,Málaga,,701181,24/4/2023,Activo,704421
3784,CRM,Málaga,luis17@outlook.com,908961,18/9/2025,Activo,604752
3785,POS,Madrid,elena45@gmail.com,545147,26/7/2024,Activo,513482
3786,CRM,Madrid,juan72@outlook.com,584082,5/6/2023,Activo,842372
3787,ERP,Sevilla,luis49@gmail.com,98177777,7/9/2023,Activo,733599
3277,ERP,Sevilla,ana29@gmail.com,737047,18/2/2023,Activo,972965
3789,ERP,Madrid,maria38@hotmail.com,726205,12/3/2021,Activo,597619
3790,ERP,Zaragoza,javier17@outlook.com,516182,11/1/2025,Activo,985715
3791,ERP,Málaga,lucia83@hotmail.com,733964,20/12/2021,Activo,886411
3792,SGA,Valencia,diego18@outlook.com,850479,16/9/2021,Activo,
3793,POS,Valencia,elena15@outlook.com,903070,24/11/2020,Activo,
3794,CRM,Barcelona,sofia19@yahoo.com,823540,19/10/2023,Actvo,403909
3795,CRM,Madrid,javier18@outlook.com,130700,17/5/2024,Act.,486140
3796,POS,Sevilla,marta44@gmail.com,878242,13/1/2021,Activo,624761
3797,ERP,Barcelona,,648316,10/3/2024,Activo,356880
3798,ERP,Valencia,javier53@outlook.com,919305,24/6/2023,Act.,871066
3799,CRM,Madrid,juan82@gmail.com,,15/3/2021,Activo,
3800,ERP,Valencia,diego85@yahoo.com,168892,14/11/2021,Activo,893948
3801,SGA,Zaragoza,elena80@hotmail.com,150914,18/2/2023,Activo,988737
3802,SGA,Barcelona,pedro17@hotmail.com,307513,13/8/2023,Activo,489771
3803,SGA,Madrid,pedro12@outlook.com,326704,26/9/2023,Activo,480011
3804,POS,Zaragoza,pedro95@gmail.com,985396,22/12/2024,Activo,567129
3805,POS,Zaragoza,,98177777,16/2/2020,Act.,498205
3806,SGA,Sevilla,elena22@yahoo.com,454046,20/1/2024,Activo,435728
3807,POS,Madrid,maria29@outlook.com,916123,15/5/2024,Activo,597600
3808,SGA,Málaga,,399173,26/10/2021,Act.,896152
2668,ERP,Sevilla,lucia65@hotmail.com,668025,7/1/2025,Activo,
3810,POS,Zaragoza,sofia92@hotmail.com,678876,16/5/2030,Activo,
3811,SGA,Madrid,sofia76@hotmail.com,782718,6/5/2020,Activo,647977
3812,POS,Madrid,pedro64@hotmail.com,590859,2/12/2021,Activo,784152
3813,CRM,Madrid,lucia20@yahoo.com,867776,9/9/2023,Actvo,951121
3814,CRM,Madrid,javier59@gmail.com,,7/7/2024,Activo,504757
3815,SGA,Sevilla,ana99@hotmail.com,295563,18/5/2020,Activo,861289
3816,SGA,Valencia,diego55@yahoo.com,992252,20/9/2023,Activo,811384
3817,SGA,Málaga,lucia90@outlook.com,668054,3/4/2022,Act.,175472
5946,CRM,Madrid,sofia21@hotmail.com,248240,1/7/2022,Activo,497281
3819,POS,Barcelona,lucia13@outlook.com,677146,16/3/2023,Activo,
3820,CRM,Madrid,maria28@gmail.com,878771,28/4/2022,Activo,770051
3821,SGA,Sevilla,sofia18@outlook.com,431732,16/3/2025,Act.,314548
3822,SGA,Madrid,ana72@hotmail.com,218037,23/9/2020,Activo,802733
3823,SGA,Valencia,carlos82@hotmail.com,906665,15/3/2025,Activo,212529
3824,SGA,Zaragoza,carlos71@gmail.com,704093,23/5/2024,Activo,514040
3825,SGA,Málaga,juan27@hotmail.com,919695,21/12/2024,Activo,562838
3826,SGA,Sevilla,elena60@outlook.com,98177777,25/1/2030,Activo,831943
3827,ERP,Madrid,javier65@hotmail.com,425912,14/11/2024,Act.,333795
3828,ERP,Madrid,sofia67@hotmail.com,273112,6/12/2025,Act.,899071
3829,ERP,Málaga,maria63@yahoo.com,346633,26/6/2022,Activo,
3830,CRM,Madrid,ana64@gmail.com,669021,3/5/2022,Actvo,760128
3831,POS,Zaragoza,ana14@gmail.com,316207,17/8/2022,Activo,453259
1469,SGA,Madrid,ana50@yahoo.com,612794,24/10/2022,Activo,520372
3833,ERP,Valencia,juan85@hotmail.com,689920,8/5/2022,Activo,117311
3834,CRM,Sevilla,sofia64@yahoo.com,301859,8/7/2024,Activo,
3835,POS,Sevilla,elena20@gmail.com,352204,19/7/2020,Activo,509016
3836,SGA,Madrid,sofia93@outlook.com,134122,16/8/2024,Activo,223858
3837,SGA,Zaragoza,marta58@yahoo.com,346819,20/11/2021,Activo,156431
3838,POS,Sevilla,juan98@outlook.com,560299,5/3/2023,Activo,180971
3839,POS,Barcelona,marta11@yahoo.com,426317,10/7/2020,Activo,159230
3840,POS,Zaragoza,maria30@yahoo.com,938402,25/6/2021,Activo,584778
3841,CRM,Málaga,javier36@hotmail.com,551650,2/1/2020,Activo,949152
3842,ERP,Zaragoza,maria50@outlook.com,846283,5/8/2025,Act.,779450
3843,SGA,Madrid,sofia81@outlook.com,511980,2/8/2024,Activo,
3844,ERP,Sevilla,ana46@hotmail.com,903968,16/12/2024,Activo,625786
3845,POS,Sevilla,lucia48@outlook.com,98177777,8/9/2022,Activo,
3846,SGA,Sevilla,carlos38@outlook.com,98177777,4/5/2024,Act.,785806
3847,SGA,Sevilla,maria49@gmail.com,579585,13/11/2020,Activo,890352
3848,ERP,Zaragoza,sofia85@yahoo.com,276849,4/7/2020,Activo,821238
3849,ERP,Zaragoza,lucia43@outlook.com,604140,5/1/2020,Activo,884989
3850,SGA,Madrid,carlos38@outlook.com,227746,2/1/2024,Act.,803411
3851,CRM,Valencia,carlos12@yahoo.com,638323,22/2/2022,Activo,733709
3852,POS,Málaga,juan85@outlook.com,637784,17/6/2021,Activo,267868
3853,ERP,Málaga,pedro87@hotmail.com,885694,28/10/2021,Activo,759143
3854,SGA,Madrid,lucia83@outlook.com,365354,28/3/2022,Activo,902602
3855,ERP,Sevilla,pedro23@gmail.com,487838,11/6/2022,Activo,432296
3856,SGA,Zaragoza,sofia67@yahoo.com,670477,6/4/2020,Activo,670556
3857,CRM,Valencia,,426742,10/12/2024,Act.,583195
3858,ERP,Zaragoza,elena15@hotmail.com,837198,10/5/2021,Activo,164161
3859,SGA,Barcelona,luis54@yahoo.com,171766,20/10/2025,Act.,412684
1564,ERP,Madrid,marta62@outlook.com,98177777,3/8/2024,Activo,713176
3861,SGA,Madrid,sofia26@yahoo.com,224007,7/4/2021,Activo,138727
3862,POS,Madrid,,505495,18/2/2024,Activo,290994
3863,SGA,Zaragoza,,307873,11/10/2023,Act.,734551
3864,SGA,Málaga,sofia65@outlook.com,179826,1/6/2025,Activo,902767
3501,SGA,Madrid,maria28@yahoo.com,98177777,25/7/2025,Activo,200767
3866,SGA,Zaragoza,juan28@outlook.com,519082,3/1/2021,Activo,837991
3867,POS,Barcelona,maria36@hotmail.com,123210,14/2/2020,Act.,962026
3868,CRM,Zaragoza,diego55@hotmail.com,458293,26/3/2023,Activo,109925
3869,POS,Barcelona,sofia53@hotmail.com,761224,10/1/2024,Activo,
3870,CRM,Málaga,luis65@gmail.com,467666,21/2/2021,Activo,359299
3871,CRM,Zaragoza,sofia37@gmail.com,283972,1/11/2024,Activo,829194
3872,POS,Valencia,ana80@outlook.com,625101,8/9/2022,Activo,322449
3873,ERP,Valencia,marta51@hotmail.com,498222,11/3/2024,Activo,510092
3874,CRM,Sevilla,maria19@yahoo.com,367898,19/10/2024,Activo,304509
3875,POS,Sevilla,luis57@gmail.com,916681,13/3/2021,Act.,374538
3876,SGA,Málaga,carlos33@yahoo.com,342718,1/11/2022,Act.,264211
3877,POS,Zaragoza,pedro95@yahoo.com,193852,2/6/2024,Activo,
3878,CRM,Sevilla,,946153,12/1/2020,Activo,671497
3879,ERP,Barcelona,carlos68@outlook.com,98177777,18/4/2024,Activo,401074
3880,ERP,Barcelona,diego36@gmail.com,938122,4/3/2020,Activo,
3881,ERP,Barcelona,,762577,9/12/2022,Activo,187652
3882,SGA,Madrid,elena84@hotmail.com,394450,24/9/2022,Activo,877885
3883,POS,Madrid,marta96@hotmail.com,988772,9/10/2020,Act.,170672
3884,POS,Barcelona,luis13@gmail.com,807334,18/5/2020,Activo,281174
3885,ERP,Valencia,javier50@yahoo.com,544587,20/4/2023,Activo,777534
3886,SGA,Zaragoza,carlos58@gmail.com,98177777,12/5/2024,Activo,857526
3887,ERP,Sevilla,javier21@hotmail.com,107282,25/3/2025,Activo,935187
3888,CRM,Zaragoza,carlos18@hotmail.com,197219,28/1/2022,Actvo,189101
3889,POS,Málaga,juan48@yahoo.com,533756,9/9/2024,Activo,798806
3890,SGA,Valencia,juan29@yahoo.com,244354,16/1/2023,Activo,482297
3891,ERP,Valencia,ana16@yahoo.com,913103,5/4/2027,Activo,729181
3892,SGA,Zaragoza,luis88@outlook.com,331259,27/6/2020,Act.,330806
3893,CRM,Zaragoza,ana33@hotmail.com,494691,19/11/2022,Activo,479092
3894,CRM,Barcelona,marta30@yahoo.com,594483,21/7/2022,Activo,824359
3895,POS,Barcelona,luis29@yahoo.com,820360,1/2/2025,Activo,683398
3896,SGA,Sevilla,,203792,25/12/2022,Activo,127086
3897,ERP,Valencia,,862082,2/7/2022,Activo,558415
5587,ERP,Zaragoza,sofia23@yahoo.com,566638,28/7/2020,Activo,921910
3899,ERP,Valencia,juan39@gmail.com,941924,28/6/2029,Activo,905074
3900,POS,Valencia,carlos62@hotmail.com,936598,20/1/2022,Activo,916055
3901,CRM,Valencia,marta98@gmail.com,661071,21/6/2023,Actvo,285950
3902,ERP,Madrid,diego68@outlook.com,924289,11/8/2024,Activo,333619
3903,POS,Zaragoza,juan66@hotmail.com,709149,7/8/2021,Activo,474147
3904,POS,Zaragoza,elena88@outlook.com,812172,19/2/2022,Activo,669552
3905,POS,Málaga,ana41@gmail.com,122519,16/5/2021,Activo,652762
3906,POS,Málaga,javier57@yahoo.com,713917,19/10/2028,Activo,208915
3907,POS,Barcelona,,130803,11/3/2024,Activo,303304
3908,POS,Madrid,pedro39@outlook.com,733926,24/7/2020,Act.,727705
3909,CRM,Barcelona,pedro40@gmail.com,526128,19/2/2030,Activo,414909
3910,CRM,Zaragoza,marta26@gmail.com,478233,14/5/2022,Activo,264258
3911,ERP,Zaragoza,carlos68@gmail.com,98177777,6/5/2021,Activo,796452
3912,SGA,Madrid,sofia12@gmail.com,298155,6/2/2025,Activo,873345
3913,CRM,Sevilla,pedro30@yahoo.com,826844,19/1/2025,Activo,532390
3914,SGA,Valencia,ana17@hotmail.com,997720,14/11/2023,Activo,477420
3915,ERP,Barcelona,marta62@outlook.com,911224,15/4/2024,Activo,576948
3916,CRM,Barcelona,luis69@gmail.com,352232,4/4/2021,Actvo,645176
3917,CRM,Málaga,elena92@hotmail.com,653323,1/10/2024,Activo,895021
3918,ERP,Barcelona,carlos62@gmail.com,689271,8/2/2022,Activo,
3919,ERP,Madrid,sofia33@outlook.com,881718,6/4/2020,Activo,677375
3920,SGA,Valencia,,952441,7/5/2021,Activo,861239
3921,SGA,Barcelona,luis39@hotmail.com,116353,24/3/2022,Activo,651902
3922,ERP,Málaga,javier70@yahoo.com,281110,21/3/2023,Activo,666065
3923,CRM,Sevilla,maria33@yahoo.com,698120,11/7/2024,Actvo,522703
3924,POS,Málaga,juan84@outlook.com,792863,13/7/2020,Activo,958600
3925,SGA,Málaga,luis46@outlook.com,844304,24/11/2024,Activo,467651
3926,ERP,Sevilla,marta28@yahoo.com,950710,2/1/2029,Activo,883468
3927,CRM,Zaragoza,javier34@hotmail.com,472663,18/10/2025,Activo,669310
3928,CRM,Málaga,maria33@gmail.com,742836,25/4/2022,Activo,
3929,SGA,Valencia,maria16@gmail.com,548524,16/6/2020,Activo,
3930,SGA,Zaragoza,luis15@yahoo.com,407949,3/6/2025,Activo,214160
3931,POS,Zaragoza,marta80@hotmail.com,188650,18/12/2022,Activo,
2721,SGA,Valencia,marta88@gmail.com,888081,15/9/2025,Activo,683069
3933,POS,Zaragoza,maria68@gmail.com,983498,2/8/2025,Activo,963710
3934,ERP,Valencia,elena47@gmail.com,470911,26/5/2025,Act.,723421
3935,SGA,Sevilla,lucia86@yahoo.com,236766,4/5/2024,Activo,372624
3936,POS,Valencia,sofia89@outlook.com,276743,28/2/2025,Activo,556384
3937,SGA,Barcelona,pedro86@outlook.com,112562,26/2/2022,Activo,
3938,ERP,Madrid,maria73@gmail.com,878552,14/7/2024,Activo,657203
3939,ERP,Sevilla,pedro73@hotmail.com,853349,22/10/2020,Activo,865327
3940,POS,Madrid,lucia38@hotmail.com,779855,15/2/2030,Activo,547499
3941,CRM,Sevilla,juan56@outlook.com,314636,12/7/2023,Activo,970397
3942,ERP,Barcelona,maria58@yahoo.com,583348,13/7/2022,Activo,764797
3943,ERP,Madrid,ana97@outlook.com,921198,10/6/2021,Act.,899847
3944,ERP,Málaga,javier58@yahoo.com,887754,25/11/2021,Activo,329908
3945,ERP,Barcelona,marta10@yahoo.com,293068,16/8/2022,Act.,956936
3946,CRM,Málaga,carlos47@outlook.com,806905,20/10/2024,Actvo,389933
3947,ERP,Barcelona,juan49@hotmail.com,529181,20/1/2021,Activo,528263
3948,CRM,Sevilla,sofia52@gmail.com,677558,9/5/2021,Activo,308281
3949,SGA,Zaragoza,juan31@gmail.com,270190,8/9/2023,Activo,705193
3950,CRM,Barcelona,sofia97@hotmail.com,867854,6/3/2022,Act.,255081
3951,POS,Barcelona,javier54@gmail.com,610041,17/5/2020,Activo,826028
3952,SGA,Sevilla,ana34@hotmail.com,820216,17/11/2022,Activo,278539
3953,CRM,Málaga,sofia99@yahoo.com,993640,13/3/2021,Activo,746060
3954,CRM,Valencia,javier94@yahoo.com,,13/4/2024,Activo,461683
3955,CRM,Málaga,sofia50@hotmail.com,,2/11/2021,Act.,
3956,CRM,Sevilla,pedro67@hotmail.com,,7/2/2020,Activo,404265
3957,CRM,Barcelona,pedro30@outlook.com,208464,21/4/2021,Activo,769848
3958,CRM,Sevilla,juan63@gmail.com,846693,12/7/2020,Activo,402303
3959,POS,Barcelona,ana79@gmail.com,767164,15/1/2024,Act.,152721
3960,POS,Madrid,sofia27@gmail.com,570256,10/8/2022,Act.,272584
3961,POS,Valencia,sofia30@yahoo.com,178530,15/10/2023,Activo,
3962,CRM,Madrid,maria19@outlook.com,351037,6/12/2024,Activo,435010
3963,SGA,Madrid,diego37@gmail.com,98177777,26/12/2023,Activo,104094
3964,POS,Valencia,ana50@hotmail.com,915987,3/10/2023,Activo,236906
3965,ERP,Madrid,lucia69@yahoo.com,693786,18/3/2022,Activo,127704
3966,ERP,Zaragoza,pedro89@outlook.com,395532,17/9/2024,Activo,772761
3967,CRM,Madrid,pedro15@hotmail.com,,27/5/2020,Activo,271804
3968,SGA,Barcelona,ana94@outlook.com,402429,7/11/2022,Activo,382781
3969,POS,Valencia,juan92@outlook.com,839889,23/11/2022,Activo,716036
3970,CRM,Sevilla,lucia23@yahoo.com,988991,1/9/2023,Activo,347718
3971,SGA,Barcelona,juan15@outlook.com,357135,9/1/2021,Act.,529590
3972,ERP,Málaga,lucia30@gmail.com,467635,20/8/2025,Activo,699932
3973,POS,Zaragoza,maria32@yahoo.com,925413,14/2/2022,Activo,877501
3520,CRM,Valencia,pedro19@outlook.com,953092,14/6/2024,Act.,708803
3975,CRM,Madrid,luis94@gmail.com,311805,19/1/2024,Act.,
3976,SGA,Madrid,luis29@hotmail.com,606874,8/12/2021,Activo,560412
3977,CRM,Barcelona,luis73@hotmail.com,660857,11/2/2020,Act.,608233
3978,CRM,Barcelona,juan23@gmail.com,847573,20/6/2022,Actvo,343108
3979,POS,Valencia,carlos81@gmail.com,525075,3/10/2025,Activo,482561
3980,ERP,Barcelona,carlos27@gmail.com,701650,5/5/2021,Act.,562653
3981,ERP,Barcelona,,230751,17/7/2024,Activo,652760
3982,SGA,Valencia,sofia74@hotmail.com,150622,9/1/2023,Activo,572279
3983,ERP,Málaga,luis71@yahoo.com,534693,28/2/2020,Activo,630542
4534,SGA,Barcelona,luis51@hotmail.com,496736,27/11/2022,Act.,816198
3985,POS,Valencia,carlos61@outlook.com,578512,20/2/2022,Activo,786376
3986,SGA,Zaragoza,maria86@hotmail.com,595298,7/4/2022,Activo,574672
3987,ERP,Barcelona,lucia47@yahoo.com,98177777,27/3/2029,Activo,
1327,CRM,Barcelona,pedro65@yahoo.com,,13/10/2023,Activo,
2333,POS,Barcelona,lucia33@gmail.com,236204,22/2/2022,Activo,661218
3990,ERP,Madrid,maria15@outlook.com,864357,3/6/2021,Act.,375192
3991,POS,Barcelona,carlos78@yahoo.com,976391,7/8/2024,Activo,931149
3992,SGA,Valencia,maria46@hotmail.com,591513,9/1/2020,Activo,509262
3993,ERP,Madrid,sofia99@gmail.com,807931,7/5/2023,Activo,
3994,CRM,Madrid,sofia67@yahoo.com,928790,17/2/2027,Activo,985265
3995,CRM,Málaga,diego85@outlook.com,176529,16/2/2023,Activo,289887
3996,CRM,Barcelona,luis22@yahoo.com,102127,21/2/2022,Activo,363165
3997,CRM,Sevilla,lucia24@gmail.com,704879,12/2/2022,Actvo,606852
3998,POS,Málaga,,536754,4/5/2025,Activo,559893
3999,ERP,Madrid,diego62@gmail.com,415303,21/6/2021,Activo,183213
4000,CRM,Valencia,marta31@gmail.com,370317,18/8/2023,Activo,632245
4001,CRM,Barcelona,,847177,18/1/2023,Activo,577209
4002,CRM,Valencia,lucia30@outlook.com,208077,6/10/2025,Activo,502116
4003,SGA,Sevilla,diego34@gmail.com,997852,3/9/2029,Activo,176239
4004,ERP,Barcelona,,163282,8/9/2020,Activo,751001
4005,POS,Valencia,ana32@outlook.com,579698,13/9/2021,Act.,
4006,SGA,Valencia,luis40@gmail.com,418170,28/8/2021,Activo,690123
4007,SGA,Málaga,luis98@yahoo.com,904725,21/1/2024,Activo,591860
4008,POS,Barcelona,sofia31@gmail.com,613249,2/8/2022,Activo,616713
4009,CRM,Zaragoza,,867210,24/7/2022,Activo,801301
4010,CRM,Zaragoza,marta65@yahoo.com,803084,1/4/2027,Activo,331674
4011,ERP,Sevilla,diego41@yahoo.com,673172,13/11/2029,Activo,296502
4012,CRM,Málaga,luis36@hotmail.com,902574,23/12/2024,Activo,142457
4013,SGA,Madrid,lucia37@hotmail.com,844959,20/1/2024,Activo,129850
4014,SGA,Madrid,marta20@outlook.com,621185,16/4/2020,Activo,439410
4015,SGA,Barcelona,javier79@hotmail.com,801607,6/8/2023,Activo,435218
4016,POS,Barcelona,elena23@yahoo.com,406595,8/12/2023,Activo,875357
4017,CRM,Barcelona,carlos23@gmail.com,979527,6/3/2023,Activo,
4018,CRM,Barcelona,lucia29@yahoo.com,619650,8/7/2022,Activo,437730
4019,CRM,Zaragoza,lucia87@yahoo.com,159250,2/5/2021,Activo,398196
4020,CRM,Sevilla,luis75@yahoo.com,687736,21/7/2022,Activo,
4021,ERP,Málaga,pedro69@gmail.com,763248,19/1/2021,Act.,170419
4022,ERP,Valencia,ana99@gmail.com,354018,12/4/2021,Activo,390716
4023,SGA,Valencia,elena73@hotmail.com,199412,6/7/2025,Activo,293886
4024,SGA,Zaragoza,juan64@outlook.com,887443,12/5/2020,Activo,231790
5772,POS,Sevilla,pedro10@gmail.com,908341,26/6/2024,Activo,875300
4026,SGA,Málaga,carlos41@gmail.com,132290,15/4/2022,Activo,208159
4027,CRM,Barcelona,elena87@hotmail.com,271363,4/4/2022,Activo,297597
4028,SGA,Madrid,maria68@gmail.com,525909,26/10/2022,Activo,358959
4029,SGA,Zaragoza,sofia63@yahoo.com,713999,5/7/2023,Activo,158012
4030,ERP,Zaragoza,carlos54@hotmail.com,98177777,27/1/2024,Activo,900066
4031,CRM,Barcelona,javier12@yahoo.com,525581,18/10/2021,Activo,348245
4032,POS,Zaragoza,diego57@hotmail.com,120477,15/5/2025,Activo,929878
3911,POS,Valencia,pedro88@outlook.com,551283,11/2/2025,Activo,848348
4034,POS,Barcelona,maria27@outlook.com,853846,8/2/2023,Activo,595247
4035,SGA,Valencia,carlos88@yahoo.com,675997,10/2/2024,Activo,961047
4036,POS,Barcelona,lucia87@outlook.com,969211,20/2/2023,Activo,668015
4037,POS,Madrid,javier91@gmail.com,478543,12/7/2020,Activo,
4038,POS,Málaga,marta48@yahoo.com,529776,21/3/2022,Activo,949925
4039,ERP,Valencia,sofia12@hotmail.com,894800,27/3/2020,Activo,294934
4040,CRM,Barcelona,elena28@hotmail.com,655332,14/3/2025,Activo,225869
4041,ERP,Zaragoza,carlos18@hotmail.com,213683,19/11/2021,Activo,100097
4042,CRM,Zaragoza,diego72@gmail.com,101220,17/5/2023,Activo,687349
4043,ERP,Sevilla,luis86@hotmail.com,298088,20/10/2025,Activo,759770
4044,CRM,Barcelona,javier73@outlook.com,881214,20/6/2022,Activo,593553
4045,POS,Málaga,javier89@outlook.com,972380,12/9/2021,Activo,678845
4046,POS,Madrid,maria75@yahoo.com,722568,11/2/2022,Act.,835638
4047,POS,Sevilla,luis48@gmail.com,122203,28/8/2024,Activo,299591
4048,ERP,Málaga,lucia46@hotmail.com,950125,9/10/2022,Activo,545564
4049,POS,Zaragoza,javier53@yahoo.com,645455,13/6/2021,Activo,716551
4050,SGA,Madrid,sofia78@gmail.com,653364,17/9/2024,Activo,577790
4051,CRM,Barcelona,carlos84@gmail.com,888334,22/6/2021,Actvo,772374
4052,ERP,Zaragoza,ana11@yahoo.com,848257,18/4/2023,Activo,859939
4053,POS,Sevilla,luis60@gmail.com,555756,14/6/2020,Act.,558589
4054,POS,Málaga,pedro25@gmail.com,708216,7/2/2020,Act.,531924
4055,CRM,Zaragoza,pedro68@gmail.com,138361,6/3/2021,Activo,
4056,POS,Valencia,carlos80@gmail.com,981488,8/11/2025,Activo,697041
4057,POS,Sevilla,,840610,17/8/2021,Activo,627690
4058,CRM,Zaragoza,carlos78@outlook.com,,21/11/2021,Act.,451248
4059,CRM,Sevilla,maria38@gmail.com,639858,3/5/2024,Activo,929385
4060,SGA,Barcelona,luis83@yahoo.com,629118,7/6/2022,Activo,157932
4061,SGA,Valencia,juan52@hotmail.com,262058,25/8/2024,Activo,406536
4062,CRM,Málaga,luis80@yahoo.com,825157,17/12/2024,Activo,481471
4063,ERP,Valencia,marta70@outlook.com,857634,14/9/2024,Activo,565243
2324,SGA,Zaragoza,marta23@outlook.com,561644,23/3/2022,Activo,729776
4065,CRM,Málaga,lucia11@yahoo.com,817346,28/5/2024,Activo,739418
4066,POS,Sevilla,elena57@gmail.com,529754,28/4/2025,Activo,864761
4067,ERP,Málaga,,993829,8/6/2020,Activo,910959
4068,POS,Sevilla,javier54@hotmail.com,400309,12/2/2025,Activo,819604
4069,SGA,Sevilla,diego23@outlook.com,382089,10/7/2020,Activo,
4070,POS,Valencia,juan55@hotmail.com,514153,26/7/2025,Activo,741889
4071,ERP,Zaragoza,luis43@yahoo.com,239703,19/11/2025,Activo,290805
4072,CRM,Sevilla,luis95@outlook.com,514362,24/3/2022,Act.,254733
4073,CRM,Málaga,sofia16@hotmail.com,389592,16/2/2023,Activo,254891
4074,ERP,Zaragoza,juan93@gmail.com,98177777,25/6/2020,Activo,266030
4075,POS,Málaga,pedro63@gmail.com,267939,1/9/2027,Activo,504552
4076,POS,Madrid,,568449,2/4/2021,Activo,448721
4077,ERP,Barcelona,lucia64@outlook.com,384632,6/2/2021,Activo,803291
4078,CRM,Barcelona,maria16@yahoo.com,705442,19/6/2020,Activo,
4079,POS,Barcelona,carlos48@outlook.com,945640,6/2/2023,Activo,624157
4080,SGA,Sevilla,sofia15@hotmail.com,98177777,20/9/2021,Activo,581100
4081,ERP,Barcelona,javier53@hotmail.com,901860,5/9/2022,Activo,313172
4082,SGA,Sevilla,diego57@yahoo.com,256411,4/5/2021,Activo,980978
4083,SGA,Barcelona,juan58@yahoo.com,98177777,14/4/2023,Activo,860312
4084,CRM,Valencia,pedro24@outlook.com,288273,24/12/2022,Activo,563786
4085,ERP,Sevilla,sofia86@hotmail.com,336735,9/6/2023,Activo,940482
4086,POS,Sevilla,pedro50@hotmail.com,98177777,4/6/2022,Act.,680508
4087,POS,Zaragoza,pedro33@gmail.com,879292,11/2/2023,Act.,
4088,ERP,Barcelona,ana40@yahoo.com,368109,16/9/2023,Activo,924730
4089,CRM,Valencia,javier94@outlook.com,489249,18/9/2020,Activo,679933
4090,POS,Valencia,juan43@hotmail.com,333497,22/2/2024,Activo,135965
4091,POS,Zaragoza,diego48@outlook.com,741505,4/4/2024,Activo,803863
4092,POS,Madrid,ana57@yahoo.com,895802,10/3/2021,Activo,107493
4093,CRM,Barcelona,ana31@gmail.com,,23/11/2022,Activo,846418
4094,POS,Madrid,lucia78@yahoo.com,890087,12/5/2025,Activo,310220
4095,POS,Valencia,elena20@yahoo.com,370438,2/4/2023,Activo,945586
4096,SGA,Sevilla,marta54@yahoo.com,141127,27/12/2021,Activo,
4097,CRM,Zaragoza,marta86@gmail.com,338131,3/1/2022,Activo,510918
4098,POS,Valencia,,553698,15/2/2021,Activo,757096
4099,CRM,Barcelona,pedro94@yahoo.com,253760,6/4/2020,Act.,558624
4100,CRM,Zaragoza,maria70@yahoo.com,384964,12/5/2021,Activo,749292
4101,POS,Madrid,javier28@hotmail.com,880802,15/9/2023,Activo,134851
4102,POS,Sevilla,diego44@yahoo.com,228106,21/3/2020,Activo,876743
4103,CRM,Zaragoza,luis51@outlook.com,842486,6/4/2022,Activo,125202
4104,CRM,Zaragoza,pedro33@outlook.com,605610,1/11/2020,Activo,936243
4105,CRM,Valencia,ana27@outlook.com,702675,20/10/2024,Act.,147649
4106,SGA,Sevilla,maria74@outlook.com,125924,14/9/2020,Activo,535586
4107,ERP,Sevilla,sofia20@hotmail.com,98177777,20/12/2023,Activo,167974
4108,POS,Sevilla,,981393,23/9/2024,Activo,660704
4109,SGA,Sevilla,juan77@gmail.com,320139,13/10/2024,Activo,
4110,SGA,Sevilla,sofia21@outlook.com,904330,7/11/2020,Activo,354103
4111,CRM,Valencia,carlos44@hotmail.com,319011,19/11/2025,Activo,919344
4112,ERP,Sevilla,ana91@yahoo.com,616493,19/5/2025,Activo,
4113,POS,Valencia,pedro48@hotmail.com,327645,15/5/2021,Activo,606991
4114,SGA,Valencia,marta47@gmail.com,235809,8/11/2025,Activo,645986
4115,POS,Sevilla,elena25@outlook.com,472194,22/1/2029,Activo,335294
4116,SGA,Madrid,marta83@hotmail.com,267081,3/6/2023,Activo,953773
4117,POS,Barcelona,carlos87@yahoo.com,908219,28/6/2023,Activo,263150
4118,CRM,Sevilla,,587958,7/8/2021,Activo,
4119,CRM,Barcelona,luis78@gmail.com,924729,7/3/2020,Activo,860265
4120,ERP,Valencia,maria77@yahoo.com,953217,5/9/2024,Activo,425247
4121,CRM,Málaga,maria98@yahoo.com,806917,20/7/2023,Activo,
4122,SGA,Madrid,javier76@yahoo.com,453389,17/7/2024,Act.,602732
4123,SGA,Valencia,juan75@hotmail.com,317996,12/9/2022,Activo,546802
4124,SGA,Madrid,pedro81@gmail.com,344399,7/2/2021,Activo,693869
4125,SGA,Valencia,pedro71@hotmail.com,852312,3/1/2025,Activo,
4126,CRM,Zaragoza,carlos81@hotmail.com,904071,13/6/2020,Activo,490048
4127,CRM,Zaragoza,javier18@outlook.com,849082,10/12/2023,Activo,134958
4128,ERP,Zaragoza,elena98@outlook.com,107241,7/10/2025,Act.,373473
4129,POS,Málaga,javier37@outlook.com,712439,12/11/2025,Activo,626238
4130,ERP,Madrid,elena75@gmail.com,786796,7/2/2029,Activo,545699
4131,POS,Valencia,sofia23@outlook.com,135682,15/8/2020,Activo,900020
4132,CRM,Barcelona,elena34@outlook.com,567424,7/11/2025,Activo,229627
4133,SGA,Madrid,diego73@gmail.com,98177777,25/3/2024,Act.,269746
1318,ERP,Madrid,elena58@yahoo.com,344550,14/1/2025,Activo,513837
4135,ERP,Madrid,diego85@gmail.com,306205,18/10/2024,Activo,799094
4136,CRM,Valencia,lucia36@hotmail.com,762968,13/10/2021,Activo,518476
4137,POS,Madrid,sofia83@outlook.com,950078,11/9/2022,Activo,489434
4138,ERP,Zaragoza,javier65@outlook.com,659284,6/4/2024,Activo,466892
4139,POS,Barcelona,ana16@gmail.com,517987,9/6/2020,Activo,570708
4140,ERP,Valencia,maria16@outlook.com,186496,6/6/2024,Activo,870717
4141,SGA,Barcelona,sofia12@yahoo.com,777033,14/1/2025,Act.,929165
4142,CRM,Málaga,javier53@yahoo.com,674016,25/1/2024,Activo,205364
4143,POS,Valencia,maria79@hotmail.com,113255,4/9/2029,Activo,433920
4144,CRM,Valencia,carlos46@yahoo.com,329764,2/11/2025,Activo,893997
4145,CRM,Valencia,diego45@outlook.com,721220,24/12/2024,Actvo,563385
4146,POS,Málaga,javier88@hotmail.com,845395,4/6/2022,Activo,790948
4147,POS,Málaga,elena31@outlook.com,489739,24/2/2022,Activo,112518
4148,ERP,Valencia,elena52@outlook.com,820459,26/1/2020,Activo,287522
4149,POS,Barcelona,pedro76@gmail.com,600714,22/2/2025,Activo,965159
4150,CRM,Málaga,juan32@yahoo.com,699121,9/8/2025,Activo,659093
4151,CRM,Zaragoza,,666601,6/10/2021,Activo,873207
4152,POS,Barcelona,elena78@gmail.com,98177777,26/7/2021,Activo,167834
4127,POS,Málaga,carlos77@yahoo.com,758331,6/7/2021,Act.,
4154,ERP,Málaga,elena20@hotmail.com,487479,11/12/2021,Activo,435708
4155,ERP,Zaragoza,,473861,23/10/2021,Act.,654275
5724,ERP,Valencia,sofia77@outlook.com,863265,10/6/2025,Activo,321490
4157,CRM,Madrid,carlos52@gmail.com,251078,13/1/2021,Activo,628325
4158,POS,Valencia,lucia64@hotmail.com,98177777,9/1/2020,Activo,477266
4159,SGA,Valencia,pedro76@hotmail.com,830572,15/5/2022,Activo,759851
4160,POS,Valencia,maria20@yahoo.com,333263,5/6/2024,Activo,651965
4161,POS,Sevilla,javier13@yahoo.com,801200,23/12/2023,Activo,
4162,ERP,Sevilla,ana65@gmail.com,403421,17/11/2025,Activo,219685
4163,SGA,Zaragoza,sofia41@hotmail.com,98177777,6/8/2023,Activo,
4164,POS,Málaga,maria45@outlook.com,252535,17/3/2027,Activo,487814
4165,SGA,Madrid,juan89@yahoo.com,572176,18/11/2021,Activo,
4166,SGA,Sevilla,elena69@gmail.com,731803,5/5/2023,Activo,899775
4167,POS,Málaga,pedro81@hotmail.com,655031,13/2/2021,Activo,356581
4168,ERP,Zaragoza,sofia36@yahoo.com,314096,25/9/2030,Activo,
4169,ERP,Barcelona,ana21@outlook.com,239236,1/3/2030,Activo,648402
4170,POS,Sevilla,luis12@hotmail.com,683105,19/12/2030,Activo,548918
4171,SGA,Barcelona,juan95@outlook.com,941785,22/4/2020,Activo,962073
4172,SGA,Barcelona,javier60@gmail.com,331681,27/11/2020,Activo,
4173,ERP,Málaga,maria25@yahoo.com,743415,3/8/2021,Act.,484538
4174,ERP,Málaga,maria11@yahoo.com,591519,8/2/2021,Activo,557940
4175,ERP,Barcelona,luis26@hotmail.com,809821,22/6/2021,Activo,
4176,SGA,Sevilla,javier50@outlook.com,328267,16/10/2024,Activo,117454
4177,SGA,Barcelona,marta64@gmail.com,184203,13/1/2025,Activo,561845
4178,ERP,Zaragoza,marta77@outlook.com,123967,8/8/2022,Activo,473601
4179,ERP,Zaragoza,maria74@gmail.com,199198,18/8/2022,Activo,
4180,SGA,Zaragoza,,492304,7/8/2021,Activo,
4181,CRM,Sevilla,pedro48@yahoo.com,964314,2/11/2021,Activo,452022
4182,SGA,Málaga,lucia61@gmail.com,462225,8/4/2028,Activo,135564
4183,POS,Sevilla,marta77@hotmail.com,917236,28/3/2023,Activo,680628
4184,POS,Valencia,diego27@hotmail.com,98177777,19/7/2022,Act.,236443
4185,SGA,Madrid,,131303,3/4/2021,Act.,124226
4186,POS,Valencia,luis86@hotmail.com,112250,3/2/2024,Activo,698400
4187,CRM,Barcelona,lucia55@yahoo.com,555503,14/9/2022,Activo,138941
4188,CRM,Sevilla,juan10@outlook.com,872214,18/12/2021,Activo,503100
4189,CRM,Málaga,diego21@outlook.com,524449,14/11/2020,Act.,927990
4190,POS,Sevilla,carlos67@yahoo.com,904691,12/5/2020,Activo,353751
4191,ERP,Barcelona,ana59@hotmail.com,98177777,19/10/2028,Activo,780656
4192,CRM,Sevilla,elena82@yahoo.com,333993,21/11/2025,Activo,829821
4193,CRM,Sevilla,maria22@hotmail.com,618219,19/2/2022,Activo,781025
4194,ERP,Zaragoza,diego96@gmail.com,198168,27/7/2021,Activo,142698
4195,SGA,Madrid,luis40@hotmail.com,969099,28/12/2023,Activo,336206
4196,ERP,Valencia,elena13@yahoo.com,811500,3/4/2023,Activo,512867
4197,SGA,Barcelona,diego93@hotmail.com,358592,23/4/2025,Activo,328101
4198,SGA,Zaragoza,ana41@outlook.com,711922,10/6/2024,Act.,610906
4199,ERP,Barcelona,maria58@outlook.com,745543,25/11/2021,Activo,272745
4200,CRM,Valencia,marta97@hotmail.com,,11/11/2022,Activo,441004
4201,SGA,Málaga,,342337,17/11/2021,Act.,879931
4202,ERP,Madrid,sofia99@hotmail.com,294194,27/12/2024,Activo,
4203,CRM,Sevilla,ana91@yahoo.com,998122,19/4/2024,Actvo,
4204,SGA,Málaga,javier48@hotmail.com,277100,28/7/2023,Act.,347162
4205,POS,Valencia,juan57@gmail.com,441053,15/6/2025,Activo,920351
4206,CRM,Valencia,,896259,8/6/2025,Activo,411203
4207,ERP,Barcelona,luis10@yahoo.com,809890,20/8/2030,Activo,800325
4208,POS,Sevilla,lucia11@outlook.com,315899,10/1/2022,Activo,385366
4209,ERP,Sevilla,diego36@hotmail.com,534773,3/3/2025,Act.,921483
4210,SGA,Málaga,luis23@outlook.com,733043,26/12/2022,Activo,970110
4211,CRM,Sevilla,javier44@hotmail.com,453178,9/1/2022,Activo,520874
4212,POS,Málaga,sofia39@outlook.com,403070,15/9/2023,Activo,803797
4213,POS,Zaragoza,juan83@hotmail.com,98177777,11/1/2021,Activo,907837
4214,POS,Valencia,juan63@hotmail.com,464764,5/8/2021,Activo,
4215,SGA,Valencia,marta94@gmail.com,880244,21/5/2022,Act.,
4216,CRM,Zaragoza,pedro74@outlook.com,479892,4/1/2021,Activo,720440
4217,CRM,Madrid,luis68@outlook.com,794705,13/10/2021,Activo,844546
4218,SGA,Zaragoza,ana24@yahoo.com,308023,27/7/2021,Activo,386497
4219,ERP,Madrid,ana78@hotmail.com,98177777,15/3/2021,Activo,859455
4220,POS,Barcelona,elena25@hotmail.com,98177777,28/7/2022,Activo,897551
4221,ERP,Barcelona,lucia12@hotmail.com,132832,22/6/2021,Activo,872426
4222,SGA,Valencia,luis25@gmail.com,98177777,13/8/2025,Activo,762664
4223,ERP,Zaragoza,carlos14@yahoo.com,195462,25/8/2023,Activo,431536
4224,ERP,Málaga,lucia85@gmail.com,98177777,16/11/2023,Activo,
4225,SGA,Zaragoza,lucia80@hotmail.com,945849,21/3/2024,Activo,
4226,POS,Zaragoza,marta55@yahoo.com,313934,14/12/2020,Act.,214808
4227,ERP,Zaragoza,lucia61@outlook.com,494309,23/4/2021,Activo,153403
4228,CRM,Sevilla,elena11@outlook.com,878992,16/10/2025,Actvo,626345
4229,ERP,Sevilla,marta11@gmail.com,467970,26/12/2021,Activo,320994
4230,ERP,Barcelona,maria54@yahoo.com,788717,26/2/2020,Activo,
4231,CRM,Sevilla,javier63@gmail.com,314840,6/11/2025,Activo,718645
4232,POS,Madrid,pedro60@yahoo.com,966993,28/8/2024,Activo,221326
4233,CRM,Zaragoza,pedro15@outlook.com,865160,13/2/2024,Activo,526021
4234,POS,Sevilla,,629522,10/10/2024,Activo,688199
4235,SGA,Barcelona,lucia20@gmail.com,691690,12/2/2023,Activo,
4236,SGA,Sevilla,ana67@hotmail.com,168484,12/7/2023,Activo,340986
4237,ERP,Madrid,carlos45@gmail.com,510451,24/1/2024,Activo,672075
4238,ERP,Valencia,,98177777,10/10/2025,Activo,732016
4239,SGA,Zaragoza,elena98@outlook.com,98177777,5/7/2030,Activo,
4240,CRM,Sevilla,lucia30@outlook.com,732509,17/3/2024,Activo,200590
4241,SGA,Málaga,lucia80@gmail.com,98177777,15/10/2023,Activo,206061
4759,POS,Valencia,,551717,3/5/2020,Activo,441327
2073,ERP,Madrid,sofia49@gmail.com,862584,19/7/2025,Activo,528714
4244,CRM,Barcelona,pedro28@outlook.com,,12/10/2021,Activo,260919
4245,ERP,Madrid,elena13@hotmail.com,882116,6/12/2023,Activo,342886
4246,SGA,Málaga,diego42@hotmail.com,424578,17/10/2029,Activo,
4247,CRM,Zaragoza,pedro57@gmail.com,892151,26/1/2020,Activo,329675
4248,SGA,Barcelona,carlos28@yahoo.com,906138,7/1/2021,Act.,233411
4249,POS,Madrid,carlos98@yahoo.com,698757,10/12/2023,Activo,722333
4250,SGA,Málaga,maria23@gmail.com,307305,24/12/2025,Activo,513833
4251,CRM,Zaragoza,,639070,3/2/2021,Actvo,269659
4252,SGA,Sevilla,luis65@gmail.com,480703,16/4/2028,Activo,712371
4253,ERP,Madrid,lucia16@hotmail.com,392964,8/9/2022,Activo,622370
4254,ERP,Barcelona,,98177777,21/10/2025,Activo,769909
4255,CRM,Barcelona,elena98@yahoo.com,933575,28/2/2021,Act.,424093
4256,ERP,Madrid,,98177777,19/11/2020,Activo,481534
4257,POS,Sevilla,juan14@outlook.com,803484,15/3/2020,Activo,
4258,POS,Valencia,lucia60@hotmail.com,98177777,26/4/2025,Activo,
4259,CRM,Barcelona,maria83@outlook.com,201426,18/3/2024,Act.,630172
4260,SGA,Barcelona,luis84@gmail.com,406850,18/10/2020,Activo,573277
4261,ERP,Valencia,,908623,4/12/2021,Act.,
4262,ERP,Málaga,sofia50@gmail.com,794006,21/10/2025,Activo,783701
4263,SGA,Zaragoza,,686392,16/4/2025,Activo,895286
4264,SGA,Madrid,pedro52@gmail.com,399435,15/10/2024,Activo,620131
3690,SGA,Sevilla,,614685,15/7/2024,Activo,
4266,SGA,Madrid,sofia69@gmail.com,850541,27/3/2020,Activo,391236
4267,ERP,Valencia,juan93@hotmail.com,556475,21/9/2021,Activo,967149
4268,POS,Zaragoza,maria23@yahoo.com,975971,5/10/2023,Act.,
4060,CRM,Madrid,diego82@gmail.com,617742,11/2/2025,Activo,907400
4270,CRM,Barcelona,elena19@hotmail.com,822118,9/9/2023,Activo,191816
4271,SGA,Valencia,pedro25@gmail.com,345166,9/4/2030,Activo,449142
3966,POS,Sevilla,carlos50@outlook.com,905425,5/1/2020,Act.,
4273,ERP,Sevilla,maria73@gmail.com,159726,10/11/2024,Activo,903273
4274,ERP,Barcelona,luis18@hotmail.com,924578,21/5/2024,Activo,
4275,CRM,Madrid,elena42@outlook.com,846103,21/2/2025,Activo,373925
4276,SGA,Barcelona,juan28@yahoo.com,625518,15/3/2024,Activo,461760
4277,POS,Zaragoza,carlos26@yahoo.com,131451,17/2/2020,Act.,624524
4278,CRM,Sevilla,maria92@hotmail.com,507886,25/1/2021,Activo,250401
4279,POS,Sevilla,,192144,21/4/2022,Activo,930002
4280,SGA,Málaga,lucia85@outlook.com,563997,3/10/2020,Activo,725023
4281,SGA,Madrid,pedro95@gmail.com,417658,25/2/2025,Activo,487040
4282,CRM,Sevilla,carlos67@hotmail.com,564039,15/10/2021,Activo,791913
4283,SGA,Barcelona,diego88@gmail.com,98177777,1/11/2020,Activo,701208
4284,POS,Barcelona,pedro63@outlook.com,890260,15/5/2022,Activo,220065
4285,POS,Barcelona,lucia26@hotmail.com,347872,2/5/2021,Activo,865768
1481,CRM,Valencia,javier69@outlook.com,386721,15/2/2024,Activo,684795
3194,SGA,Sevilla,juan96@yahoo.com,376848,6/10/2025,Activo,
4288,ERP,Málaga,ana98@outlook.com,735678,1/3/2022,Act.,608670
4289,SGA,Málaga,ana24@hotmail.com,632793,21/5/2020,Act.,241596
4290,CRM,Sevilla,,324732,26/7/2023,Activo,
4291,CRM,Barcelona,sofia95@gmail.com,514262,19/4/2023,Actvo,674180
4292,ERP,Zaragoza,luis84@gmail.com,439078,26/3/2020,Act.,565823
4293,CRM,Zaragoza,diego79@hotmail.com,,17/12/2022,Activo,511227
4294,CRM,Valencia,marta46@hotmail.com,636350,28/2/2025,Activo,871691
4295,ERP,Zaragoza,luis64@hotmail.com,776252,21/7/2021,Activo,282052
4296,ERP,Barcelona,elena58@gmail.com,805761,17/2/2020,Activo,802669
4297,POS,Zaragoza,luis77@outlook.com,512385,24/6/2025,Activo,839281
4298,CRM,Málaga,carlos13@yahoo.com,770858,10/2/2030,Activo,394983
3780,ERP,Málaga,javier81@gmail.com,333089,14/3/2025,Activo,226946
4300,POS,Sevilla,maria83@gmail.com,343473,11/10/2025,Activo,374233
4301,CRM,Valencia,sofia82@yahoo.com,654056,11/3/2024,Act.,383388
4302,ERP,Barcelona,carlos15@gmail.com,446005,7/9/2023,Activo,
4303,CRM,Madrid,marta77@yahoo.com,217543,8/6/2020,Activo,827492
4304,POS,Barcelona,marta90@yahoo.com,207083,26/2/2022,Activo,469417
4305,SGA,Sevilla,ana39@outlook.com,507765,23/7/2024,Activo,262447
4306,CRM,Madrid,luis65@outlook.com,,9/8/2021,Activo,458074
4307,CRM,Sevilla,juan74@yahoo.com,573823,6/11/2020,Actvo,684042
1983,CRM,Zaragoza,sofia77@hotmail.com,,26/2/2021,Activo,956954
4309,CRM,Barcelona,diego33@yahoo.com,147193,27/10/2022,Act.,854840
4310,ERP,Zaragoza,juan31@gmail.com,425416,17/11/2025,Activo,192573
4311,SGA,Valencia,lucia72@yahoo.com,404860,4/2/2024,Activo,368258
4312,CRM,Zaragoza,ana52@gmail.com,100725,3/2/2020,Actvo,821347
4313,ERP,Sevilla,lucia10@gmail.com,715939,4/5/2021,Activo,175910
4314,SGA,Sevilla,,322232,7/12/2022,Activo,703601
4315,POS,Sevilla,diego41@outlook.com,372165,21/10/2024,Activo,386439
4316,POS,Zaragoza,diego68@yahoo.com,581879,6/9/2020,Activo,758956
4317,POS,Madrid,sofia10@gmail.com,711150,26/5/2024,Activo,248229
4318,POS,Málaga,sofia82@gmail.com,877705,4/3/2022,Activo,455748
4319,POS,Madrid,maria61@gmail.com,546724,14/4/2023,Activo,
4320,SGA,Valencia,,98177777,16/7/2021,Activo,667455
4321,CRM,Málaga,maria59@yahoo.com,951957,15/2/2024,Actvo,164758
4322,POS,Sevilla,pedro97@hotmail.com,891212,6/8/2025,Activo,387173
4323,CRM,Valencia,elena84@hotmail.com,702462,18/9/2023,Activo,651122
4324,CRM,Málaga,sofia15@hotmail.com,524736,17/11/2020,Activo,830987
4325,CRM,Málaga,,468205,18/2/2021,Activo,
4326,CRM,Valencia,ana48@gmail.com,528631,28/9/2023,Activo,175309
4327,CRM,Sevilla,luis64@hotmail.com,845492,22/8/2022,Activo,297286
4328,SGA,Zaragoza,diego41@gmail.com,173536,3/1/2025,Activo,134203
4329,CRM,Barcelona,,769862,23/5/2020,Act.,293284
2267,SGA,Sevilla,sofia75@outlook.com,98177777,21/9/2028,Activo,322184
4331,SGA,Barcelona,lucia65@gmail.com,417401,4/4/2020,Activo,210436
4332,CRM,Barcelona,marta41@hotmail.com,646448,23/5/2021,Activo,360288
4333,SGA,Zaragoza,maria76@gmail.com,325294,10/11/2020,Activo,592686
4334,POS,Málaga,javier87@outlook.com,237386,27/12/2021,Activo,359478
2560,POS,Sevilla,ana74@yahoo.com,536190,1/5/2022,Activo,529314
4336,POS,Sevilla,carlos29@gmail.com,793641,13/10/2025,Activo,568877
4337,CRM,Sevilla,carlos95@gmail.com,205295,19/5/2022,Activo,550410
4338,POS,Málaga,,640671,19/7/2024,Activo,555519
4339,ERP,Barcelona,lucia45@hotmail.com,885601,27/1/2020,Act.,452052
4340,ERP,Málaga,elena51@hotmail.com,98177777,19/8/2025,Activo,932037
4341,ERP,Zaragoza,sofia86@outlook.com,275479,24/10/2022,Activo,229626
4342,POS,Madrid,marta44@hotmail.com,923556,12/1/2020,Act.,985547
4343,SGA,Sevilla,pedro16@gmail.com,302399,20/6/2020,Activo,503495
4344,ERP,Málaga,,112123,7/11/2027,Activo,568030
4345,SGA,Madrid,javier12@yahoo.com,132680,15/7/2020,Activo,580042
4346,SGA,Barcelona,luis21@yahoo.com,98177777,16/1/2020,Activo,711917
4347,CRM,Barcelona,javier38@hotmail.com,950024,13/11/2024,Activo,703117
4348,ERP,Valencia,carlos10@yahoo.com,588319,24/5/2022,Act.,736587
4349,CRM,Málaga,diego28@gmail.com,,26/12/2021,Activo,925612
4350,CRM,Zaragoza,luis18@hotmail.com,492987,26/11/2024,Activo,
4351,CRM,Valencia,ana27@hotmail.com,503457,17/8/2022,Act.,463413
4352,POS,Málaga,ana91@yahoo.com,785847,25/9/2020,Activo,618945
4353,CRM,Madrid,pedro38@outlook.com,726773,17/2/2024,Activo,969535
4354,SGA,Málaga,juan11@outlook.com,695805,13/10/2022,Activo,522876
4355,ERP,Málaga,sofia22@yahoo.com,221567,9/5/2022,Activo,373294
4356,SGA,Málaga,ana23@gmail.com,520659,15/3/2022,Act.,732855
4357,ERP,Barcelona,maria90@yahoo.com,859193,16/8/2021,Activo,104799
4358,POS,Sevilla,ana54@gmail.com,473546,25/10/2021,Activo,446380
4359,ERP,Sevilla,diego24@gmail.com,703546,21/7/2025,Activo,780667
4360,ERP,Zaragoza,,98177777,19/2/2025,Activo,560471
4361,ERP,Madrid,lucia17@outlook.com,949933,9/10/2022,Activo,319401
4362,ERP,Valencia,juan16@gmail.com,973793,4/8/2021,Activo,133290
4363,SGA,Madrid,lucia76@yahoo.com,531787,28/4/2024,Activo,516109
4364,ERP,Madrid,juan21@yahoo.com,185442,1/2/2025,Activo,847807
4365,CRM,Zaragoza,pedro82@hotmail.com,933569,26/7/2024,Activo,316418
4366,ERP,Valencia,,180533,13/4/2021,Activo,607157
4367,CRM,Sevilla,juan93@outlook.com,662317,4/12/2022,Act.,115533
4368,POS,Sevilla,marta57@gmail.com,98177777,26/9/2022,Activo,417096
4369,CRM,Barcelona,diego65@outlook.com,254773,17/5/2025,Activo,
4370,SGA,Valencia,marta43@outlook.com,313917,2/5/2022,Activo,813648
4371,CRM,Barcelona,juan49@yahoo.com,887704,23/8/2021,Actvo,298612
4372,SGA,Zaragoza,elena63@yahoo.com,990880,27/7/2022,Act.,785962
4373,CRM,Madrid,carlos59@gmail.com,850139,13/12/2025,Act.,797037
4374,ERP,Sevilla,maria52@yahoo.com,988639,14/6/2023,Activo,863455
4375,POS,Madrid,,483401,15/2/2020,Activo,
4376,SGA,Madrid,marta90@yahoo.com,98177777,3/2/2023,Activo,
4377,SGA,Málaga,carlos72@yahoo.com,836094,1/2/2025,Activo,393126
4378,ERP,Málaga,ana81@hotmail.com,543090,1/12/2024,Activo,111881
4379,ERP,Málaga,diego78@yahoo.com,98177777,25/10/2022,Activo,543940
4380,CRM,Málaga,ana22@yahoo.com,330690,19/7/2024,Activo,161154
4381,SGA,Sevilla,javier33@hotmail.com,247321,26/3/2023,Activo,725991
4382,CRM,Sevilla,juan75@hotmail.com,,6/6/2022,Activo,654178
4383,ERP,Valencia,marta59@outlook.com,704490,5/6/2020,Activo,873432
4384,SGA,Málaga,diego29@yahoo.com,241315,12/1/2021,Activo,775755
4385,POS,Sevilla,maria89@hotmail.com,98177777,7/6/2024,Activo,303368
4386,POS,Barcelona,diego79@hotmail.com,909153,26/11/2022,Activo,
4387,SGA,Sevilla,carlos89@outlook.com,143357,18/1/2023,Activo,912534
4388,SGA,Madrid,maria94@yahoo.com,967008,3/9/2025,Activo,352674
4389,ERP,Madrid,javier36@outlook.com,809070,23/11/2021,Activo,670611
4390,SGA,Valencia,,98177777,25/1/2021,Act.,476941
4391,SGA,Madrid,maria75@outlook.com,620121,9/3/2024,Activo,372724
4392,POS,Málaga,elena48@yahoo.com,682663,28/11/2024,Activo,432944
4393,ERP,Barcelona,ana44@yahoo.com,262004,12/4/2020,Activo,188562
4394,CRM,Valencia,carlos63@hotmail.com,367267,23/12/2028,Activo,
4395,SGA,Málaga,maria29@gmail.com,507539,8/10/2021,Activo,547015
4396,ERP,Málaga,javier65@outlook.com,171610,1/10/2027,Activo,
4397,ERP,Sevilla,ana30@outlook.com,290120,2/4/2023,Activo,292256
4398,POS,Sevilla,pedro12@hotmail.com,927319,12/9/2025,Activo,498517
4399,SGA,Sevilla,carlos46@gmail.com,237686,22/10/2020,Act.,403776
4400,SGA,Madrid,maria95@hotmail.com,781224,4/5/2029,Activo,248004
4401,ERP,Madrid,luis80@gmail.com,162438,14/6/2021,Activo,784742
4402,SGA,Zaragoza,elena41@gmail.com,720661,27/6/2023,Act.,250524
4403,POS,Málaga,diego39@outlook.com,488600,2/11/2024,Act.,618475
4404,POS,Barcelona,javier85@outlook.com,550181,2/10/2020,Activo,734519
4405,POS,Málaga,luis32@gmail.com,806503,5/11/2025,Activo,453255
4406,SGA,Sevilla,carlos85@hotmail.com,98177777,20/10/2030,Activo,
4407,SGA,Barcelona,diego61@outlook.com,681296,7/7/2020,Activo,830134
4408,POS,Sevilla,juan54@gmail.com,971851,25/10/2020,Activo,546967
4409,CRM,Valencia,juan33@gmail.com,668372,17/4/2023,Activo,204122
4410,ERP,Barcelona,ana49@yahoo.com,98177777,9/9/2021,Activo,914061
4411,CRM,Barcelona,carlos20@yahoo.com,865318,13/3/2023,Actvo,145206
4412,SGA,Madrid,juan25@hotmail.com,800631,3/7/2023,Activo,231462
4413,ERP,Zaragoza,,917798,15/11/2020,Activo,
4414,ERP,Madrid,luis64@gmail.com,812556,15/12/2021,Activo,134776
4415,SGA,Barcelona,lucia73@yahoo.com,738268,20/7/2025,Activo,
4416,CRM,Valencia,marta92@hotmail.com,305171,19/12/2025,Activo,985367
4417,CRM,Madrid,,,26/3/2024,Activo,710202
4418,CRM,Zaragoza,,712071,4/6/2025,Activo,783263
4419,CRM,Málaga,marta35@gmail.com,632643,18/11/2024,Actvo,
4420,POS,Sevilla,luis85@gmail.com,709022,18/12/2025,Activo,745008
4421,ERP,Barcelona,carlos14@gmail.com,242247,9/2/2022,Act.,167418
4422,CRM,Madrid,elena24@yahoo.com,,11/3/2023,Activo,
4423,SGA,Málaga,marta73@gmail.com,331904,2/6/2030,Activo,600814
4424,POS,Madrid,elena93@hotmail.com,398308,11/6/2030,Act.,292870
4425,ERP,Málaga,,457400,6/5/2024,Activo,543182
4426,SGA,Valencia,javier59@yahoo.com,681929,3/9/2025,Activo,538723
4427,POS,Barcelona,ana97@gmail.com,629421,28/12/2024,Activo,152027
4428,ERP,Sevilla,carlos22@outlook.com,987409,22/7/2024,Activo,324839
4429,SGA,Valencia,javier69@outlook.com,986904,23/6/2020,Activo,197457
4430,ERP,Barcelona,juan90@gmail.com,98177777,8/10/2024,Activo,684217
4431,POS,Barcelona,,505697,7/9/2023,Act.,806338
4432,CRM,Málaga,ana38@outlook.com,698443,9/12/2021,Activo,219234
4433,POS,Madrid,marta25@gmail.com,674171,1/2/2024,Activo,564020
4434,SGA,Málaga,pedro81@hotmail.com,98177777,27/11/2022,Activo,593925
5782,CRM,Zaragoza,juan70@yahoo.com,132339,7/9/2025,Activo,156535
4436,ERP,Barcelona,sofia17@yahoo.com,193379,6/9/2020,Activo,575400
2806,ERP,Sevilla,diego23@hotmail.com,98177777,10/1/2021,Act.,
4438,ERP,Málaga,,983476,10/8/2025,Activo,307285
4439,POS,Madrid,maria88@hotmail.com,542700,24/4/2023,Act.,304483
4440,ERP,Málaga,pedro26@yahoo.com,98177777,25/3/2025,Activo,732052
4441,ERP,Zaragoza,sofia91@hotmail.com,924205,6/8/2021,Activo,262585
4442,ERP,Málaga,elena25@yahoo.com,208232,2/9/2020,Activo,
4443,POS,Málaga,lucia15@hotmail.com,683844,8/5/2022,Activo,
4444,SGA,Málaga,luis23@gmail.com,365470,10/7/2022,Act.,874825
4106,CRM,Málaga,carlos80@gmail.com,934924,26/4/2021,Actvo,285684
4446,ERP,Madrid,marta80@outlook.com,980630,27/2/2020,Activo,141484
4447,POS,Sevilla,elena74@gmail.com,98177777,28/10/2024,Act.,763215
4448,ERP,Málaga,,179038,13/9/2023,Act.,783641
4449,CRM,Valencia,javier47@yahoo.com,623829,15/12/2020,Activo,616358
4450,SGA,Sevilla,pedro37@hotmail.com,369121,26/8/2020,Activo,965415
4451,SGA,Madrid,pedro25@hotmail.com,98177777,19/10/2025,Activo,785010
4452,ERP,Zaragoza,diego87@hotmail.com,981621,19/10/2025,Activo,648862
4453,CRM,Madrid,elena43@hotmail.com,545489,21/9/2022,Act.,984071
4454,ERP,Madrid,juan59@hotmail.com,376417,13/8/2023,Activo,280128
4455,SGA,Sevilla,ana18@hotmail.com,469514,1/10/2020,Activo,
4456,POS,Barcelona,maria41@outlook.com,98177777,3/1/2022,Activo,339507
1261,POS,Barcelona,pedro21@outlook.com,719312,13/12/2022,Act.,446213
4458,POS,Valencia,,990916,16/12/2020,Activo,260092
4459,CRM,Barcelona,diego48@yahoo.com,968886,2/12/2020,Act.,966311
4460,CRM,Barcelona,juan71@gmail.com,625863,5/9/2030,Activo,241750
4461,SGA,Madrid,ana15@outlook.com,98177777,25/10/2022,Activo,803197
4462,CRM,Madrid,pedro46@yahoo.com,825940,12/1/2027,Activo,908299
4463,SGA,Sevilla,marta24@yahoo.com,375016,25/5/2020,Activo,138978
4464,SGA,Madrid,carlos79@outlook.com,553192,12/7/2023,Activo,
4465,ERP,Madrid,lucia13@gmail.com,331146,22/4/2029,Activo,994950
4466,POS,Valencia,maria64@gmail.com,768653,24/8/2023,Activo,677416
4467,POS,Barcelona,ana39@gmail.com,973558,12/7/2021,Act.,986840
4468,SGA,Málaga,ana19@hotmail.com,785623,1/3/2022,Activo,613071
4469,CRM,Málaga,ana80@hotmail.com,,18/10/2024,Activo,485695
3267,SGA,Madrid,diego41@yahoo.com,737941,7/10/2022,Activo,772015
4471,POS,Barcelona,sofia52@yahoo.com,181971,7/8/2028,Activo,
4472,ERP,Madrid,maria21@gmail.com,797466,21/8/2025,Activo,925660
4473,POS,Málaga,maria45@hotmail.com,116857,24/1/2025,Activo,729307
4474,SGA,Barcelona,pedro72@hotmail.com,476529,15/3/2028,Activo,672604
4475,SGA,Málaga,maria50@hotmail.com,782143,5/12/2024,Activo,
4476,POS,Barcelona,ana51@gmail.com,552018,7/3/2023,Activo,759736
4477,POS,Madrid,maria67@hotmail.com,989163,16/6/2023,Activo,701871
4478,CRM,Sevilla,maria27@yahoo.com,898066,20/5/2023,Activo,382692
4479,ERP,Zaragoza,sofia73@gmail.com,401627,28/9/2021,Activo,327210
4480,POS,Madrid,carlos29@hotmail.com,889314,9/2/2022,Activo,727733
4481,ERP,Valencia,javier15@hotmail.com,189732,17/5/2025,Activo,353946
4482,ERP,Valencia,marta59@gmail.com,945594,18/10/2024,Activo,467406
4483,CRM,Zaragoza,carlos65@outlook.com,147077,24/1/2023,Activo,769542
4484,SGA,Málaga,diego69@hotmail.com,98177777,12/8/2022,Activo,779816
4485,ERP,Barcelona,ana18@hotmail.com,399568,14/6/2025,Activo,
4486,ERP,Zaragoza,elena36@gmail.com,649911,24/8/2023,Activo,452512
4487,ERP,Barcelona,elena25@outlook.com,520326,27/5/2025,Activo,665877
4488,ERP,Zaragoza,carlos93@hotmail.com,407749,19/3/2023,Activo,140571
4489,SGA,Sevilla,javier39@hotmail.com,493556,19/4/2024,Activo,
4490,CRM,Sevilla,juan37@gmail.com,435721,22/3/2024,Activo,883996
4491,ERP,Madrid,carlos39@gmail.com,115019,22/9/2020,Activo,132871
4492,POS,Barcelona,elena47@gmail.com,920319,13/6/2025,Activo,156845
4493,SGA,Barcelona,luis51@hotmail.com,506239,17/8/2021,Activo,221183
4494,CRM,Madrid,diego16@yahoo.com,945821,11/2/2023,Act.,251844
4495,POS,Valencia,ana43@hotmail.com,506936,16/9/2022,Activo,
4496,POS,Valencia,diego28@hotmail.com,98177777,21/2/2024,Activo,932149
4497,POS,Barcelona,luis48@gmail.com,505742,16/11/2022,Act.,480181
4498,ERP,Madrid,diego42@yahoo.com,854094,15/7/2024,Act.,840937
4499,ERP,Sevilla,,556535,15/11/2020,Activo,396487
4500,POS,Málaga,diego97@yahoo.com,98177777,7/2/2023,Act.,347963
4501,CRM,Valencia,maria36@outlook.com,725752,28/3/2024,Activo,
4502,ERP,Madrid,luis61@hotmail.com,383187,14/1/2025,Act.,806037
4503,CRM,Sevilla,pedro55@yahoo.com,519452,18/9/2025,Act.,540951
5595,ERP,Barcelona,luis65@hotmail.com,723374,13/8/2022,Activo,221143
4505,ERP,Sevilla,diego95@gmail.com,924286,24/3/2022,Activo,
4506,ERP,Barcelona,luis76@hotmail.com,606584,22/12/2029,Activo,132499
4507,CRM,Madrid,lucia32@gmail.com,231004,16/9/2023,Activo,
4508,ERP,Málaga,ana40@outlook.com,496863,6/3/2023,Act.,309606
4509,CRM,Valencia,,621809,7/5/2022,Activo,318943
5781,ERP,Málaga,javier77@yahoo.com,961426,3/9/2022,Activo,107481
4511,SGA,Zaragoza,sofia63@gmail.com,146981,25/2/2020,Activo,555898
4512,ERP,Valencia,ana86@hotmail.com,481600,5/2/2020,Activo,282608
4513,POS,Madrid,carlos11@outlook.com,621394,22/4/2021,Activo,501832
4514,CRM,Madrid,javier51@hotmail.com,316302,21/10/2023,Activo,
4515,SGA,Barcelona,marta70@hotmail.com,98177777,20/1/2025,Activo,181014
4516,CRM,Sevilla,ana54@outlook.com,437944,14/11/2022,Actvo,879344
4517,ERP,Valencia,maria85@gmail.com,288021,26/2/2022,Activo,897476
4518,POS,Zaragoza,luis43@yahoo.com,456728,14/7/2020,Activo,978580
4519,POS,Sevilla,elena36@hotmail.com,968015,16/1/2025,Activo,342328
4520,POS,Madrid,pedro68@yahoo.com,971515,12/10/2023,Activo,
2045,ERP,Málaga,marta32@yahoo.com,98177777,15/1/2025,Act.,
4522,ERP,Zaragoza,pedro71@gmail.com,881320,11/6/2021,Activo,
4523,POS,Zaragoza,maria69@outlook.com,978377,6/7/2025,Activo,263749
4524,ERP,Barcelona,elena64@gmail.com,729358,5/5/2022,Act.,108180
4525,ERP,Valencia,maria64@yahoo.com,165555,11/3/2025,Activo,
4526,SGA,Madrid,,213246,20/6/2024,Activo,
4527,ERP,Zaragoza,sofia79@outlook.com,990476,15/4/2020,Act.,731311
4528,SGA,Valencia,carlos80@hotmail.com,98177777,13/9/2020,Activo,409438
4529,POS,Málaga,lucia14@outlook.com,108655,27/3/2023,Activo,874343
4530,CRM,Málaga,maria64@gmail.com,867715,23/2/2025,Activo,450695
4531,ERP,Sevilla,pedro33@gmail.com,446510,3/9/2021,Activo,733049
3903,POS,Málaga,marta62@gmail.com,191914,3/12/2024,Activo,700474
4533,POS,Málaga,carlos33@hotmail.com,224808,2/1/2024,Activo,680994
4534,ERP,Barcelona,maria17@hotmail.com,489511,9/8/2022,Activo,
4535,CRM,Valencia,maria67@hotmail.com,117467,27/6/2025,Activo,112178
4536,CRM,Barcelona,juan37@gmail.com,969606,16/4/2025,Activo,
4537,ERP,Málaga,lucia67@gmail.com,402152,7/3/2021,Activo,953410
4538,POS,Málaga,javier11@gmail.com,353965,20/2/2025,Activo,908822
4539,ERP,Valencia,lucia36@yahoo.com,860848,23/2/2025,Activo,947872
4540,CRM,Málaga,elena33@outlook.com,229582,8/7/2025,Activo,475506
4541,ERP,Sevilla,diego83@yahoo.com,98177777,9/10/2022,Activo,537461
4542,POS,Madrid,elena30@outlook.com,98177777,19/9/2024,Activo,482522
4543,CRM,Valencia,diego40@gmail.com,706760,9/7/2023,Activo,191255
4544,CRM,Madrid,sofia14@hotmail.com,370682,7/3/2023,Activo,553192
4545,CRM,Zaragoza,ana43@gmail.com,337209,11/9/2022,Activo,290965
4546,POS,Zaragoza,ana88@outlook.com,931342,14/3/2025,Activo,351457
4547,ERP,Sevilla,sofia38@yahoo.com,832272,7/8/2021,Activo,129497
4548,CRM,Sevilla,marta30@hotmail.com,178753,9/5/2024,Act.,294741
4549,POS,Zaragoza,maria30@gmail.com,132473,17/5/2024,Activo,652868
4550,POS,Málaga,lucia54@gmail.com,664394,20/12/2027,Activo,494655
4551,SGA,Málaga,sofia64@gmail.com,609060,13/7/2020,Activo,202566
4552,CRM,Barcelona,diego63@hotmail.com,378123,19/5/2021,Activo,
4553,POS,Zaragoza,ana31@hotmail.com,939236,2/7/2023,Activo,878558
4554,ERP,Zaragoza,luis92@outlook.com,813989,10/7/2022,Activo,276718
4555,POS,Málaga,lucia85@hotmail.com,588192,17/9/2024,Activo,275751
4556,POS,Madrid,marta90@outlook.com,605113,18/8/2022,Activo,484127
4557,SGA,Barcelona,,670416,9/5/2021,Act.,561688
4558,CRM,Madrid,luis79@hotmail.com,418491,3/3/2025,Activo,185095
4559,POS,Zaragoza,juan63@hotmail.com,98177777,9/3/2020,Activo,708149
4560,ERP,Madrid,diego12@yahoo.com,220331,19/3/2024,Act.,
4561,SGA,Valencia,,656692,8/11/2020,Act.,622584
2296,POS,Barcelona,,197233,19/9/2020,Act.,258501
4563,ERP,Málaga,maria82@yahoo.com,752957,5/3/2027,Activo,620083
4564,CRM,Sevilla,pedro33@gmail.com,814558,11/11/2021,Activo,754358
4565,SGA,Barcelona,carlos40@gmail.com,642160,21/11/2020,Activo,988185
4566,POS,Zaragoza,luis83@gmail.com,98177777,7/7/2020,Activo,827814
4567,SGA,Madrid,pedro30@outlook.com,116245,11/5/2025,Activo,905761
4568,ERP,Madrid,lucia36@yahoo.com,943074,13/11/2021,Activo,512892
4569,CRM,Barcelona,,501464,16/1/2030,Activo,431254
4570,CRM,Valencia,ana18@gmail.com,425826,16/8/2024,Activo,648026
4571,CRM,Sevilla,ana93@outlook.com,528238,2/1/2021,Activo,984953
4572,CRM,Valencia,juan24@yahoo.com,585662,24/7/2028,Actvo,723667
4573,POS,Barcelona,carlos52@gmail.com,746501,10/8/2022,Activo,220949
4574,ERP,Barcelona,diego84@outlook.com,556360,8/3/2022,Activo,864093
5967,SGA,Sevilla,lucia89@yahoo.com,812279,18/5/2025,Activo,361383
4576,POS,Barcelona,lucia34@yahoo.com,628413,8/2/2021,Activo,
4577,SGA,Málaga,lucia60@yahoo.com,395950,5/4/2024,Activo,432659
4578,CRM,Madrid,pedro10@gmail.com,463674,22/6/2021,Activo,218830
4579,ERP,Barcelona,marta78@yahoo.com,537268,15/12/2023,Activo,
4580,POS,Málaga,carlos44@gmail.com,836385,8/1/2024,Activo,858454
4581,SGA,Zaragoza,sofia17@hotmail.com,648068,11/9/2024,Activo,264850
4582,SGA,Sevilla,sofia60@outlook.com,250686,14/12/2022,Activo,945116
4583,POS,Málaga,sofia86@yahoo.com,893976,20/10/2021,Activo,481955
4584,SGA,Valencia,maria28@yahoo.com,963989,5/5/2021,Act.,536699
4585,SGA,Barcelona,diego35@gmail.com,429847,22/11/2021,Activo,177975
4586,POS,Valencia,carlos85@outlook.com,884179,12/6/2024,Act.,313795
4587,ERP,Valencia,maria11@hotmail.com,770453,20/9/2024,Act.,877070
4588,POS,Málaga,carlos92@gmail.com,442816,6/12/2023,Activo,982434
5240,POS,Madrid,elena53@gmail.com,588574,18/2/2021,Activo,376507
5451,ERP,Zaragoza,pedro60@hotmail.com,812573,25/6/2025,Activo,
4591,SGA,Sevilla,,295628,14/8/2023,Activo,100572
4592,POS,Málaga,elena57@yahoo.com,447203,16/10/2025,Activo,521828
4593,SGA,Valencia,pedro64@outlook.com,98177777,24/11/2021,Activo,425336
4594,SGA,Madrid,pedro95@hotmail.com,452750,27/5/2025,Activo,432901
4595,SGA,Barcelona,maria28@gmail.com,680930,27/6/2023,Act.,669113
4596,POS,Málaga,diego25@hotmail.com,295756,11/11/2023,Act.,876236
4597,ERP,Valencia,lucia13@gmail.com,594641,3/2/2020,Activo,301385
4598,CRM,Valencia,pedro94@outlook.com,374722,12/12/2024,Act.,228184
4599,ERP,Barcelona,pedro44@gmail.com,595782,27/8/2025,Activo,933666
4600,POS,Barcelona,marta23@gmail.com,497267,2/3/2023,Activo,
4601,ERP,Zaragoza,lucia52@outlook.com,658132,26/5/2025,Activo,193674
4602,CRM,Madrid,,672503,26/7/2024,Act.,505749
4603,ERP,Málaga,lucia27@gmail.com,413763,9/7/2022,Activo,
4604,POS,Barcelona,maria48@yahoo.com,830120,17/4/2020,Activo,138557
4605,SGA,Málaga,juan76@hotmail.com,568447,26/10/2029,Activo,
4606,CRM,Málaga,sofia69@yahoo.com,,18/11/2025,Act.,573888
4607,ERP,Málaga,sofia26@outlook.com,158317,16/3/2025,Activo,332423
4608,POS,Barcelona,carlos26@yahoo.com,428629,6/12/2022,Activo,796953
4609,CRM,Zaragoza,luis79@yahoo.com,817241,2/3/2020,Activo,762139
4610,CRM,Sevilla,carlos90@outlook.com,325599,20/3/2021,Activo,192115
4611,ERP,Zaragoza,luis24@yahoo.com,508971,4/12/2028,Act.,131051
4612,POS,Valencia,juan48@hotmail.com,733525,18/8/2024,Activo,433343
4613,POS,Barcelona,diego73@hotmail.com,489459,27/9/2028,Activo,499172
4614,CRM,Sevilla,lucia36@yahoo.com,843805,14/7/2025,Activo,979316
4615,CRM,Málaga,sofia85@hotmail.com,234631,21/5/2023,Activo,112808
4616,SGA,Madrid,ana89@gmail.com,98177777,2/7/2022,Activo,
4617,ERP,Madrid,elena79@outlook.com,604118,19/12/2025,Activo,798041
4618,SGA,Sevilla,carlos17@outlook.com,846452,24/11/2024,Act.,781532
4619,CRM,Madrid,ana77@yahoo.com,186192,27/7/2022,Activo,432600
4623,CRM,Barcelona,luis31@outlook.com,376119,8/12/2025,Activo,236189
4621,POS,Madrid,marta71@yahoo.com,766443,8/6/2021,Activo,857908
4622,POS,Málaga,pedro12@outlook.com,115964,19/6/2021,Activo,
4623,SGA,Barcelona,pedro94@yahoo.com,185584,3/2/2024,Activo,558948
4624,CRM,Barcelona,lucia91@outlook.com,400056,16/1/2020,Activo,255768
4625,ERP,Barcelona,maria84@hotmail.com,719583,2/9/2021,Activo,178769
4626,POS,Madrid,pedro32@yahoo.com,726526,5/1/2021,Activo,393768
4627,POS,Barcelona,juan23@yahoo.com,420750,24/3/2028,Act.,899331
4628,CRM,Zaragoza,javier91@hotmail.com,583771,19/12/2020,Act.,417673
4629,ERP,Zaragoza,carlos67@yahoo.com,314687,17/10/2022,Activo,841724
4630,SGA,Barcelona,lucia85@outlook.com,724069,14/7/2023,Act.,173103
4631,ERP,Barcelona,javier11@gmail.com,991503,4/1/2022,Activo,365791
4632,CRM,Zaragoza,pedro30@yahoo.com,950158,16/9/2023,Activo,596004
4633,ERP,Madrid,maria46@yahoo.com,992645,27/6/2024,Activo,405808
4634,ERP,Sevilla,juan87@hotmail.com,338112,24/2/2023,Activo,557701
4635,CRM,Málaga,marta66@gmail.com,390064,7/10/2030,Activo,889466
4636,SGA,Sevilla,diego10@outlook.com,572827,14/6/2023,Activo,233095
4637,ERP,Valencia,ana16@outlook.com,553127,17/9/2024,Activo,983906
4638,CRM,Barcelona,pedro18@hotmail.com,590107,12/8/2020,Act.,
4639,ERP,Málaga,javier15@gmail.com,98177777,6/8/2021,Activo,408126
4640,CRM,Barcelona,sofia19@gmail.com,,4/7/2029,Actvo,176846
4641,SGA,Barcelona,maria83@yahoo.com,98177777,2/3/2022,Activo,543263
4642,POS,Sevilla,lucia78@yahoo.com,763938,1/7/2021,Activo,374424
4643,SGA,Barcelona,carlos69@gmail.com,408798,5/12/2020,Act.,335212
4644,POS,Zaragoza,sofia38@hotmail.com,728778,23/12/2021,Act.,726626
4645,POS,Barcelona,marta15@hotmail.com,874785,28/5/2025,Activo,202546
4646,ERP,Valencia,luis28@hotmail.com,835068,14/10/2025,Activo,454355
4647,CRM,Valencia,juan51@hotmail.com,678340,24/6/2022,Activo,349630
4648,CRM,Zaragoza,maria97@hotmail.com,757351,13/9/2023,Act.,822935
4649,CRM,Sevilla,juan70@hotmail.com,,13/11/2025,Activo,434078
4650,SGA,Málaga,diego46@yahoo.com,631196,23/5/2020,Activo,986572
4651,SGA,Barcelona,marta55@gmail.com,98177777,9/3/2022,Activo,400547
4652,SGA,Valencia,,636593,1/1/2027,Act.,440526
4653,SGA,Sevilla,elena32@yahoo.com,845070,27/12/2023,Activo,344968
4654,ERP,Madrid,maria66@hotmail.com,948295,9/4/2022,Activo,
4655,ERP,Valencia,lucia96@gmail.com,221219,16/12/2023,Activo,383468
4656,POS,Sevilla,lucia62@gmail.com,719460,8/9/2021,Activo,429749
4657,POS,Sevilla,,736490,6/3/2025,Activo,
4658,CRM,Barcelona,sofia43@outlook.com,578511,22/11/2021,Act.,
4659,SGA,Sevilla,diego48@yahoo.com,330257,8/8/2021,Activo,961433
4660,ERP,Sevilla,marta22@hotmail.com,614897,21/12/2021,Act.,200797
4661,POS,Sevilla,carlos24@yahoo.com,711709,24/4/2020,Activo,323550
4662,CRM,Zaragoza,elena70@hotmail.com,320888,4/6/2023,Activo,784997
4663,CRM,Zaragoza,elena63@gmail.com,267958,16/7/2024,Act.,
4664,SGA,Málaga,marta36@outlook.com,340241,14/7/2025,Activo,807052
4665,SGA,Sevilla,pedro89@gmail.com,437109,21/1/2029,Activo,545950
4666,CRM,Barcelona,diego18@hotmail.com,142946,20/2/2020,Activo,928118
4667,SGA,Sevilla,ana22@hotmail.com,560295,17/7/2025,Activo,210295
4668,SGA,Madrid,,98177777,9/8/2021,Act.,112458
4669,POS,Sevilla,elena89@yahoo.com,819073,20/4/2021,Activo,669714
4670,POS,Sevilla,marta33@gmail.com,427362,10/9/2020,Activo,817164
4671,POS,Madrid,carlos81@yahoo.com,873644,10/1/2024,Activo,
4672,ERP,Valencia,carlos44@gmail.com,650880,21/11/2021,Activo,549037
4673,SGA,Zaragoza,pedro38@outlook.com,515595,3/6/2022,Activo,817750
4674,POS,Zaragoza,ana35@hotmail.com,424695,21/6/2020,Activo,574867
4675,POS,Barcelona,elena82@gmail.com,858180,21/1/2022,Activo,156112
4676,CRM,Zaragoza,carlos78@outlook.com,368265,16/6/2020,Activo,
4677,POS,Málaga,diego27@hotmail.com,98177777,23/4/2021,Activo,652482
4678,CRM,Barcelona,juan45@hotmail.com,,24/12/2021,Activo,114355
4679,SGA,Valencia,luis65@outlook.com,531101,16/1/2024,Activo,829284
5828,CRM,Sevilla,,899350,9/5/2024,Activo,764795
4681,POS,Sevilla,,113129,21/6/2028,Activo,391829
4682,ERP,Valencia,sofia53@yahoo.com,98177777,21/9/2024,Activo,612180
4683,ERP,Sevilla,ana90@outlook.com,495968,12/12/2025,Activo,622515
4684,SGA,Valencia,carlos32@gmail.com,246013,10/2/2022,Activo,380457
4685,POS,Sevilla,carlos40@outlook.com,676322,6/10/2023,Activo,489146
4686,SGA,Zaragoza,sofia12@gmail.com,225982,24/5/2023,Activo,970087
4687,CRM,Zaragoza,lucia71@gmail.com,289776,2/2/2023,Activo,738274
4688,SGA,Sevilla,diego16@outlook.com,776351,8/4/2023,Activo,553004
4689,ERP,Madrid,javier91@hotmail.com,226796,22/1/2023,Activo,601025
4690,SGA,Valencia,carlos38@hotmail.com,322850,12/4/2022,Activo,
4691,CRM,Barcelona,luis43@outlook.com,627900,10/12/2023,Actvo,626346
4692,POS,Málaga,juan60@hotmail.com,663279,3/3/2021,Activo,263826
4693,SGA,Sevilla,elena93@outlook.com,682585,3/11/2028,Act.,480436
4694,CRM,Barcelona,carlos63@hotmail.com,899599,13/3/2023,Activo,180219
4695,ERP,Barcelona,diego39@hotmail.com,547387,15/6/2025,Activo,982620
4696,POS,Barcelona,maria57@outlook.com,928840,20/10/2025,Activo,935734
4697,SGA,Madrid,maria76@outlook.com,315996,1/7/2022,Act.,151151
4698,SGA,Madrid,marta87@gmail.com,111632,4/9/2023,Activo,104296
1992,ERP,Zaragoza,pedro67@hotmail.com,856990,1/10/2023,Activo,324674
4700,SGA,Málaga,pedro83@gmail.com,775122,13/2/2025,Activo,186619
4701,ERP,Málaga,,979259,28/9/2024,Activo,221189
4702,ERP,Valencia,ana15@hotmail.com,274168,5/2/2023,Activo,751562
4703,POS,Sevilla,luis59@gmail.com,138465,11/9/2021,Activo,700098
4704,ERP,Sevilla,lucia56@hotmail.com,520360,12/9/2020,Activo,381716
4705,ERP,Sevilla,diego14@outlook.com,516381,19/8/2021,Activo,873588
4706,ERP,Sevilla,lucia41@hotmail.com,98177777,23/7/2022,Activo,277368
4707,SGA,Málaga,diego85@yahoo.com,469428,19/3/2024,Activo,443461
4708,ERP,Valencia,diego71@hotmail.com,199091,14/10/2025,Activo,789126
4709,ERP,Sevilla,juan61@hotmail.com,364633,13/2/2022,Activo,134088
4710,ERP,Sevilla,maria80@yahoo.com,377478,21/7/2021,Activo,606559
4711,ERP,Valencia,pedro63@hotmail.com,456570,9/6/2024,Activo,260601
4712,SGA,Málaga,elena83@outlook.com,862319,13/5/2021,Act.,656413
4713,ERP,Zaragoza,sofia12@hotmail.com,689741,6/1/2024,Activo,865378
4714,CRM,Madrid,luis65@outlook.com,,25/10/2022,Actvo,517564
4715,CRM,Sevilla,ana96@gmail.com,789778,25/6/2021,Actvo,515999
4716,CRM,Madrid,lucia83@hotmail.com,937117,2/1/2022,Activo,877005
1027,POS,Madrid,javier31@hotmail.com,202842,18/1/2025,Activo,735021
4718,CRM,Sevilla,juan50@outlook.com,374085,18/8/2025,Act.,280261
4719,CRM,Zaragoza,javier91@outlook.com,130502,8/5/2024,Activo,546715
4720,POS,Barcelona,pedro25@hotmail.com,885762,4/12/2020,Activo,199456
4721,SGA,Barcelona,,684403,17/9/2021,Activo,
4722,SGA,Sevilla,luis64@gmail.com,596856,10/9/2021,Activo,382495
4723,POS,Valencia,diego97@hotmail.com,119898,3/10/2021,Activo,
4724,SGA,Málaga,,844825,15/12/2023,Activo,858828
4725,POS,Valencia,pedro17@gmail.com,336479,28/8/2021,Activo,767164
4726,ERP,Zaragoza,pedro83@gmail.com,364681,10/1/2025,Activo,927579
4727,SGA,Málaga,sofia84@yahoo.com,654725,21/4/2024,Activo,875603
4728,POS,Sevilla,luis88@gmail.com,98177777,3/9/2025,Activo,777464
4729,ERP,Málaga,sofia78@yahoo.com,861907,16/2/2023,Activo,741114
4730,ERP,Málaga,luis29@hotmail.com,466595,15/11/2020,Activo,
4731,CRM,Valencia,lucia39@hotmail.com,873967,8/5/2027,Activo,871444
4732,POS,Málaga,marta10@hotmail.com,679322,16/4/2023,Activo,156544
4733,POS,Madrid,carlos88@outlook.com,844226,10/6/2022,Activo,937874
4734,CRM,Málaga,sofia47@yahoo.com,370542,4/8/2020,Activo,899159
4735,SGA,Sevilla,,752911,17/5/2020,Activo,800178
4736,POS,Sevilla,sofia78@yahoo.com,701681,1/1/2027,Activo,582711
4737,ERP,Málaga,maria96@yahoo.com,209472,27/2/2020,Activo,448375
4738,POS,Barcelona,carlos97@gmail.com,994616,27/11/2025,Activo,681341
4739,CRM,Barcelona,ana82@hotmail.com,822833,4/5/2024,Activo,966122
4740,POS,Sevilla,diego86@yahoo.com,704190,1/5/2020,Activo,319852
4741,SGA,Madrid,,612608,3/12/2021,Activo,185260
4742,CRM,Valencia,luis66@yahoo.com,548444,27/11/2020,Activo,509127
4743,CRM,Málaga,,599374,12/11/2025,Activo,243658
4744,ERP,Málaga,sofia77@yahoo.com,695545,3/10/2023,Activo,964618
4745,POS,Málaga,carlos39@outlook.com,926606,5/5/2025,Activo,973705
4746,CRM,Madrid,lucia16@yahoo.com,175395,15/12/2022,Activo,992665
4747,SGA,Málaga,marta96@gmail.com,913231,11/7/2025,Activo,893424
4748,SGA,Málaga,luis24@hotmail.com,609111,24/5/2024,Activo,229275
4749,SGA,Málaga,juan59@hotmail.com,724547,4/6/2025,Act.,822538
4750,ERP,Barcelona,carlos94@yahoo.com,98177777,18/12/2021,Activo,221768
4751,SGA,Valencia,ana92@gmail.com,912048,13/6/2023,Activo,373893
4752,ERP,Zaragoza,javier42@yahoo.com,682376,10/8/2025,Activo,
4753,SGA,Sevilla,javier75@gmail.com,98177777,19/2/2023,Activo,282943
4754,POS,Málaga,lucia67@gmail.com,670865,24/12/2021,Activo,842803
4755,SGA,Barcelona,juan86@yahoo.com,287858,23/11/2020,Activo,250967
4756,SGA,Valencia,carlos15@hotmail.com,615258,28/9/2021,Activo,782159
4757,ERP,Barcelona,lucia13@gmail.com,301314,17/3/2023,Activo,833518
4758,POS,Zaragoza,maria68@yahoo.com,736414,12/7/2023,Activo,366737
4759,POS,Zaragoza,luis31@hotmail.com,98177777,18/11/2024,Activo,922460
4760,ERP,Málaga,javier47@outlook.com,990791,13/9/2021,Activo,
4761,POS,Barcelona,ana13@gmail.com,480968,13/7/2024,Activo,857522
4762,SGA,Madrid,luis74@outlook.com,134768,19/2/2024,Activo,738794
4763,SGA,Madrid,pedro92@hotmail.com,98177777,28/10/2025,Activo,136371
5393,POS,Madrid,maria19@hotmail.com,98177777,23/8/2025,Activo,350043
4765,SGA,Málaga,diego85@gmail.com,450551,1/11/2025,Activo,373577
4766,POS,Málaga,diego24@yahoo.com,100233,14/12/2022,Act.,
4767,ERP,Sevilla,diego60@yahoo.com,292338,15/5/2025,Activo,577462
4768,ERP,Sevilla,,532745,14/6/2023,Activo,
4769,ERP,Málaga,,623649,15/11/2024,Act.,401453
4770,CRM,Zaragoza,juan40@gmail.com,894968,15/8/2021,Activo,152863
4771,SGA,Madrid,javier32@hotmail.com,98177777,23/11/2025,Activo,794693
4772,ERP,Zaragoza,carlos45@outlook.com,733034,17/1/2030,Activo,694096
4773,POS,Barcelona,sofia58@yahoo.com,98177777,11/1/2023,Activo,988054
4774,POS,Sevilla,ana76@hotmail.com,98177777,17/3/2025,Activo,337214
4775,ERP,Barcelona,maria32@gmail.com,512908,8/8/2021,Activo,772133
4776,ERP,Sevilla,carlos94@yahoo.com,98177777,19/4/2022,Activo,102291
4777,ERP,Valencia,javier57@yahoo.com,915097,23/2/2025,Activo,702593
4778,POS,Málaga,juan84@gmail.com,963307,6/7/2024,Activo,822560
4779,CRM,Valencia,pedro38@hotmail.com,582627,13/6/2023,Actvo,817094
4780,ERP,Zaragoza,juan33@outlook.com,119449,8/11/2022,Activo,618384
4781,POS,Zaragoza,diego17@yahoo.com,759387,9/7/2029,Activo,840434
4782,POS,Málaga,javier67@gmail.com,790669,5/2/2021,Activo,514587
4783,ERP,Sevilla,carlos41@hotmail.com,193913,5/2/2020,Activo,921771
4784,SGA,Zaragoza,marta49@gmail.com,604582,21/6/2023,Activo,321098
4785,POS,Valencia,lucia99@hotmail.com,793612,22/9/2025,Activo,465151
4786,SGA,Málaga,maria99@hotmail.com,499948,17/9/2021,Act.,333336
4109,SGA,Sevilla,carlos96@gmail.com,700095,23/11/2024,Act.,757287
4788,CRM,Málaga,diego99@outlook.com,798673,22/6/2023,Activo,
4789,POS,Madrid,luis79@yahoo.com,574051,13/10/2020,Activo,923001
3047,CRM,Madrid,marta82@hotmail.com,138345,17/9/2023,Actvo,233860
4791,ERP,Málaga,lucia76@outlook.com,513562,27/11/2027,Activo,189199
4792,CRM,Zaragoza,marta61@hotmail.com,939871,27/12/2025,Activo,208704
4793,ERP,Valencia,lucia26@yahoo.com,303079,1/7/2025,Activo,
4794,SGA,Barcelona,diego61@hotmail.com,553350,22/11/2025,Act.,177229
4795,POS,Valencia,sofia77@hotmail.com,807397,10/4/2022,Activo,317555
4796,CRM,Málaga,maria26@outlook.com,481506,20/2/2023,Activo,
4797,POS,Barcelona,sofia72@yahoo.com,505750,10/8/2029,Activo,
4798,SGA,Málaga,juan42@yahoo.com,560148,18/12/2020,Activo,491072
4799,SGA,Sevilla,diego33@yahoo.com,379925,4/12/2021,Activo,809253
4800,SGA,Málaga,sofia89@yahoo.com,750588,10/10/2022,Activo,
4801,SGA,Valencia,,208588,27/10/2022,Activo,524679
4802,SGA,Madrid,maria68@hotmail.com,889495,7/7/2025,Activo,392468
4803,SGA,Barcelona,ana58@yahoo.com,479492,28/1/2022,Activo,972714
4804,CRM,Sevilla,marta87@yahoo.com,565495,4/7/2025,Activo,402353
4805,POS,Madrid,luis71@hotmail.com,264580,23/12/2023,Act.,208619
4806,CRM,Madrid,elena73@hotmail.com,612641,6/5/2030,Activo,246207
4807,SGA,Madrid,ana65@gmail.com,224303,6/9/2020,Activo,232227
4808,ERP,Málaga,lucia42@yahoo.com,451947,3/12/2020,Activo,997688
4809,ERP,Sevilla,,748624,12/7/2020,Activo,135001
4810,SGA,Zaragoza,carlos87@yahoo.com,98177777,3/11/2020,Activo,923501
4811,SGA,Sevilla,lucia87@yahoo.com,808761,17/8/2020,Activo,889167
4812,SGA,Málaga,sofia20@yahoo.com,755727,1/5/2025,Activo,838063
4813,POS,Valencia,diego11@gmail.com,865625,20/10/2021,Act.,597561
4814,POS,Málaga,,533805,23/1/2020,Act.,
4815,CRM,Sevilla,,,17/10/2025,Act.,901247
4816,POS,Barcelona,javier94@hotmail.com,544607,1/3/2021,Act.,419193
4817,SGA,Barcelona,pedro88@gmail.com,526037,4/9/2023,Activo,971331
4818,POS,Valencia,carlos93@yahoo.com,821273,2/6/2029,Activo,360625
4819,ERP,Barcelona,carlos82@gmail.com,771980,13/2/2025,Activo,652381
4820,ERP,Málaga,maria12@yahoo.com,540507,3/8/2020,Activo,689149
4821,SGA,Barcelona,sofia73@outlook.com,136630,16/12/2020,Activo,644399
4822,POS,Barcelona,javier79@hotmail.com,649186,9/7/2022,Activo,747988
4823,POS,Sevilla,sofia88@hotmail.com,734336,12/5/2021,Activo,336130
4824,CRM,Barcelona,javier59@outlook.com,463613,8/4/2022,Act.,217027
4825,CRM,Zaragoza,javier99@yahoo.com,602109,12/10/2022,Act.,876578
1444,ERP,Madrid,juan52@yahoo.com,957586,24/10/2025,Activo,247386
4827,SGA,Sevilla,,719877,14/7/2025,Act.,156711
4828,ERP,Zaragoza,ana39@gmail.com,322862,7/7/2024,Act.,747255
4829,SGA,Barcelona,elena64@hotmail.com,303997,14/12/2023,Activo,725011
4830,SGA,Barcelona,maria89@outlook.com,530673,11/1/2022,Activo,170890
4831,SGA,Barcelona,sofia61@yahoo.com,620286,9/4/2022,Activo,754935
4832,SGA,Madrid,sofia79@gmail.com,98177777,28/11/2027,Activo,570956
4833,POS,Málaga,ana61@yahoo.com,257685,14/6/2022,Activo,416246
4834,SGA,Barcelona,maria70@outlook.com,980444,15/1/2025,Activo,727644
4835,POS,Barcelona,juan67@hotmail.com,544907,14/10/2025,Activo,924955
4836,SGA,Valencia,luis65@outlook.com,902386,25/11/2024,Activo,358319
4837,POS,Sevilla,pedro93@outlook.com,723407,21/2/2021,Activo,306928
4838,POS,Sevilla,juan49@yahoo.com,937283,9/2/2022,Activo,391825
4839,ERP,Málaga,carlos72@outlook.com,451040,5/5/2022,Act.,558931
4840,ERP,Zaragoza,pedro50@yahoo.com,787679,18/7/2024,Activo,943001
4841,CRM,Madrid,javier34@hotmail.com,503713,3/11/2021,Activo,229290
4842,ERP,Málaga,ana61@gmail.com,959061,12/1/2025,Activo,
4843,ERP,Barcelona,,377954,9/4/2025,Activo,567022
4844,SGA,Madrid,elena35@yahoo.com,880750,25/2/2022,Activo,
4845,CRM,Valencia,,,2/7/2024,Activo,379532
4846,ERP,Madrid,ana17@yahoo.com,758880,5/10/2025,Activo,421072
4847,ERP,Sevilla,sofia94@yahoo.com,350204,24/7/2021,Activo,428371
4848,POS,Madrid,pedro98@outlook.com,564888,5/8/2020,Act.,560976
4849,CRM,Valencia,marta84@gmail.com,435246,10/10/2020,Activo,115996
4850,CRM,Madrid,luis71@yahoo.com,851725,28/3/2022,Act.,
4851,CRM,Valencia,juan34@outlook.com,365486,25/4/2022,Activo,473373
4852,POS,Madrid,carlos49@outlook.com,98177777,25/8/2025,Activo,632367
4853,CRM,Zaragoza,carlos80@gmail.com,564187,20/9/2021,Activo,995542
4854,CRM,Barcelona,elena65@gmail.com,729686,21/1/2024,Actvo,376615
4855,POS,Sevilla,luis63@yahoo.com,686319,4/7/2021,Activo,206029
2823,CRM,Sevilla,ana18@gmail.com,812220,19/11/2021,Activo,916898
4857,CRM,Málaga,elena62@outlook.com,649682,22/4/2023,Act.,800186
4858,SGA,Madrid,,430113,5/6/2021,Activo,287903
4859,ERP,Madrid,maria70@gmail.com,772853,5/9/2023,Activo,882271
4860,CRM,Madrid,marta81@outlook.com,448930,24/2/2025,Activo,437653
4861,POS,Valencia,marta40@yahoo.com,348537,28/10/2022,Act.,
4862,SGA,Madrid,sofia54@gmail.com,954318,19/12/2024,Act.,864579
4863,ERP,Málaga,diego34@outlook.com,680875,25/12/2021,Act.,393949
4864,ERP,Zaragoza,,134118,1/1/2021,Activo,720294
4865,SGA,Madrid,luis55@gmail.com,605454,25/9/2021,Activo,900867
4866,POS,Madrid,luis20@gmail.com,492793,21/10/2022,Activo,457156
4867,ERP,Barcelona,elena43@outlook.com,326400,4/7/2020,Activo,872088
4868,ERP,Zaragoza,sofia60@outlook.com,659601,16/8/2025,Activo,587060
4869,ERP,Madrid,javier24@hotmail.com,522485,23/10/2023,Activo,
4870,CRM,Sevilla,,295590,20/2/2021,Activo,907555
4871,CRM,Zaragoza,elena10@gmail.com,226736,20/3/2025,Activo,436726
4872,SGA,Zaragoza,sofia41@gmail.com,730021,11/10/2025,Activo,946054
4873,SGA,Valencia,ana49@gmail.com,876295,7/6/2022,Activo,326874
4874,POS,Sevilla,juan41@yahoo.com,830466,8/6/2025,Activo,567925
4875,POS,Sevilla,luis13@yahoo.com,950838,25/9/2025,Activo,499848
4876,SGA,Valencia,diego30@gmail.com,597778,5/12/2022,Activo,814146
2391,POS,Zaragoza,ana79@hotmail.com,319185,23/11/2029,Activo,163809
4878,ERP,Sevilla,carlos90@gmail.com,98177777,23/12/2029,Activo,794682
4879,ERP,Valencia,luis79@gmail.com,388186,4/5/2025,Activo,323519
4880,POS,Valencia,ana30@outlook.com,98177777,16/2/2023,Act.,344242
4881,POS,Málaga,diego46@hotmail.com,98177777,18/3/2024,Activo,
4882,SGA,Valencia,lucia36@yahoo.com,329033,18/3/2025,Activo,172444
4883,SGA,Valencia,diego26@yahoo.com,840843,5/5/2024,Activo,830817
4884,POS,Barcelona,,130738,6/2/2023,Activo,
4885,ERP,Valencia,elena48@outlook.com,148118,5/10/2021,Activo,
4886,CRM,Málaga,luis74@gmail.com,248008,17/7/2022,Activo,448535
4887,POS,Sevilla,diego72@gmail.com,641616,21/12/2025,Activo,330915
4888,SGA,Sevilla,sofia81@hotmail.com,658852,21/11/2021,Activo,
4889,SGA,Zaragoza,juan86@yahoo.com,709669,5/12/2021,Activo,315546
4890,POS,Madrid,,311907,5/5/2023,Activo,981877
4891,SGA,Valencia,maria86@gmail.com,513734,7/8/2024,Activo,818462
4892,ERP,Valencia,marta98@outlook.com,779182,24/4/2025,Activo,
4893,SGA,Madrid,maria21@yahoo.com,825254,3/3/2020,Activo,753020
4894,CRM,Madrid,pedro59@hotmail.com,926993,10/6/2024,Activo,
4895,CRM,Sevilla,ana78@outlook.com,513239,25/8/2024,Activo,911552
4896,ERP,Málaga,luis16@outlook.com,881783,9/8/2020,Activo,609236
4897,SGA,Sevilla,diego40@yahoo.com,98177777,9/5/2025,Act.,783808
4898,SGA,Málaga,maria86@hotmail.com,998746,3/8/2021,Activo,534287
4899,POS,Barcelona,,609285,9/5/2022,Activo,
4900,CRM,Madrid,javier96@yahoo.com,921863,15/10/2025,Activo,243787
4901,POS,Zaragoza,ana38@hotmail.com,597588,2/7/2021,Activo,115275
4902,POS,Madrid,elena71@outlook.com,451980,25/6/2024,Activo,489093
4903,SGA,Zaragoza,carlos47@hotmail.com,920573,8/11/2022,Activo,147273
4904,CRM,Valencia,juan78@yahoo.com,,27/5/2021,Activo,945625
4905,POS,Málaga,lucia20@hotmail.com,703524,9/12/2024,Activo,
5120,SGA,Barcelona,carlos59@gmail.com,955340,19/6/2020,Act.,383431
4907,ERP,Valencia,sofia53@yahoo.com,98177777,25/9/2024,Activo,826424
4908,CRM,Sevilla,diego72@hotmail.com,122175,15/8/2022,Activo,413056
4909,SGA,Zaragoza,pedro62@yahoo.com,612998,16/3/2020,Activo,383132
4910,ERP,Málaga,marta83@hotmail.com,606397,24/6/2020,Activo,355678
4911,POS,Málaga,ana39@gmail.com,215526,14/7/2025,Act.,927683
4912,POS,Sevilla,diego19@outlook.com,725291,1/2/2021,Activo,163564
4913,POS,Zaragoza,,510769,6/1/2025,Activo,444431
4914,ERP,Sevilla,luis67@gmail.com,642898,27/8/2020,Activo,703490
4915,ERP,Málaga,diego76@hotmail.com,583900,9/10/2024,Activo,125247
4916,POS,Barcelona,,764637,16/3/2022,Activo,329473
4917,POS,Madrid,juan60@yahoo.com,643549,19/3/2022,Activo,562586
4918,ERP,Málaga,,347525,6/9/2025,Activo,225459
4919,SGA,Valencia,diego11@outlook.com,122783,22/4/2030,Activo,954007
4920,CRM,Madrid,,376389,18/3/2024,Activo,266625
4921,POS,Málaga,javier21@hotmail.com,437045,28/1/2020,Act.,884374
4922,ERP,Valencia,juan89@gmail.com,787132,24/8/2020,Activo,751583
4923,SGA,Madrid,,840100,20/9/2021,Act.,675388
4924,SGA,Málaga,juan85@gmail.com,653758,6/1/2021,Act.,734744
4925,SGA,Valencia,juan40@gmail.com,996546,12/3/2020,Activo,
4926,POS,Málaga,pedro12@outlook.com,947838,21/12/2022,Activo,829099
4927,ERP,Sevilla,marta35@hotmail.com,801163,25/3/2022,Activo,436405
4928,CRM,Barcelona,sofia69@outlook.com,772480,22/5/2020,Act.,
4929,ERP,Zaragoza,maria83@yahoo.com,529805,7/1/2023,Activo,203511
4930,ERP,Sevilla,juan16@hotmail.com,98177777,28/10/2024,Activo,890132
4931,SGA,Sevilla,,130401,1/3/2020,Act.,991115
4932,CRM,Málaga,elena54@hotmail.com,653498,1/11/2021,Activo,939628
4933,POS,Zaragoza,javier51@outlook.com,553732,16/10/2021,Act.,883767
4934,POS,Madrid,javier85@yahoo.com,163399,28/6/2024,Activo,437466
4935,SGA,Valencia,,767427,26/10/2024,Activo,838243
4936,POS,Sevilla,luis87@outlook.com,833581,8/6/2025,Activo,880263
4937,ERP,Sevilla,ana38@gmail.com,225567,26/12/2021,Activo,664793
4938,SGA,Málaga,juan90@gmail.com,728845,6/7/2021,Activo,964416
4939,CRM,Málaga,sofia59@outlook.com,853694,6/3/2024,Activo,376341
4940,ERP,Madrid,luis37@outlook.com,199460,1/11/2025,Activo,294458
4941,CRM,Málaga,carlos52@hotmail.com,697672,2/1/2024,Actvo,
4942,CRM,Sevilla,pedro31@outlook.com,296716,4/8/2022,Activo,158229
4943,ERP,Valencia,elena88@hotmail.com,365870,2/7/2021,Activo,766728
2752,CRM,Zaragoza,,775920,10/7/2029,Activo,189045
4945,SGA,Barcelona,diego11@yahoo.com,412051,27/10/2025,Activo,487872
4946,SGA,Málaga,diego23@hotmail.com,207430,2/9/2022,Act.,798331
4947,ERP,Barcelona,carlos79@hotmail.com,317161,3/3/2024,Activo,607872
4948,POS,Zaragoza,,360529,14/7/2020,Activo,394238
4949,CRM,Zaragoza,,624863,19/10/2023,Activo,
4950,ERP,Málaga,javier29@hotmail.com,450713,23/5/2020,Activo,150859
4951,CRM,Zaragoza,diego12@yahoo.com,629556,4/8/2024,Activo,
4952,ERP,Madrid,maria56@outlook.com,112276,2/4/2024,Activo,622625
4953,CRM,Barcelona,,169350,24/8/2021,Activo,730632
4954,POS,Sevilla,lucia97@gmail.com,758472,23/6/2025,Activo,812563
4955,ERP,Madrid,,524109,25/1/2021,Activo,125204
4956,SGA,Valencia,marta91@gmail.com,481016,11/10/2024,Act.,
4957,POS,Málaga,maria50@hotmail.com,131417,9/9/2022,Activo,758160
4958,SGA,Zaragoza,,380313,25/4/2024,Activo,
4959,POS,Sevilla,sofia17@outlook.com,98177777,22/12/2025,Activo,466073
4960,SGA,Barcelona,carlos48@gmail.com,98177777,14/11/2022,Activo,665019
4961,POS,Sevilla,sofia51@outlook.com,314942,10/11/2025,Activo,
4962,CRM,Madrid,carlos17@hotmail.com,813797,27/10/2022,Activo,120032
4963,SGA,Sevilla,marta56@yahoo.com,562807,22/10/2024,Activo,983848
4964,CRM,Málaga,ana98@hotmail.com,381966,25/6/2020,Activo,923338
4965,ERP,Zaragoza,ana68@gmail.com,305812,26/10/2025,Activo,554445
4966,CRM,Barcelona,marta20@hotmail.com,339073,28/11/2020,Activo,644365
4967,SGA,Barcelona,marta48@hotmail.com,982298,15/2/2020,Activo,151405
4968,POS,Barcelona,diego52@hotmail.com,584903,24/11/2020,Activo,
4969,CRM,Barcelona,luis40@yahoo.com,444523,8/6/2023,Activo,139227
4970,POS,Málaga,marta87@hotmail.com,823622,27/4/2024,Act.,
4971,ERP,Málaga,javier81@hotmail.com,405192,5/2/2023,Activo,367250
4972,ERP,Madrid,juan57@hotmail.com,750317,6/4/2022,Activo,364156
4973,SGA,Madrid,,293674,25/11/2022,Activo,503747
4974,POS,Sevilla,lucia98@hotmail.com,744181,18/12/2025,Activo,321308
4975,CRM,Málaga,marta21@outlook.com,,14/7/2020,Activo,661501
4976,CRM,Madrid,juan92@gmail.com,573627,22/11/2021,Activo,468057
4977,ERP,Barcelona,pedro13@outlook.com,958959,18/8/2020,Activo,526023
4978,POS,Valencia,lucia37@yahoo.com,930326,3/6/2020,Activo,
4979,POS,Sevilla,pedro98@hotmail.com,508903,4/12/2024,Activo,678391
4980,ERP,Valencia,javier27@yahoo.com,368780,20/6/2024,Activo,248865
4981,CRM,Barcelona,diego47@outlook.com,186724,23/2/2025,Activo,515566
1567,ERP,Málaga,,880356,23/7/2024,Activo,431618
4983,POS,Valencia,pedro51@yahoo.com,882355,11/2/2021,Activo,163458
4984,CRM,Málaga,diego68@hotmail.com,968881,13/11/2022,Activo,
4985,ERP,Sevilla,sofia93@yahoo.com,373775,18/2/2020,Activo,141442
4986,POS,Málaga,elena70@yahoo.com,143669,7/8/2020,Activo,731702
4987,POS,Madrid,marta30@yahoo.com,791000,25/12/2027,Activo,182963
4988,SGA,Málaga,ana93@yahoo.com,430774,19/9/2020,Activo,
4989,SGA,Barcelona,,716168,27/2/2030,Activo,278927
4990,ERP,Zaragoza,pedro12@gmail.com,309613,8/9/2022,Act.,211953
4991,CRM,Málaga,juan18@hotmail.com,756006,27/5/2023,Activo,502712
4992,CRM,Málaga,lucia32@outlook.com,,12/5/2024,Activo,814357
4993,SGA,Sevilla,lucia48@hotmail.com,489800,27/12/2025,Activo,162786
4994,POS,Madrid,sofia85@yahoo.com,985775,17/10/2024,Activo,223209
4995,SGA,Málaga,juan96@hotmail.com,458904,4/11/2024,Activo,445926
4996,ERP,Valencia,ana20@outlook.com,749397,21/11/2022,Activo,423250
4997,SGA,Barcelona,marta53@yahoo.com,156712,3/8/2022,Activo,454626
4998,CRM,Zaragoza,juan66@outlook.com,479168,10/4/2024,Activo,560526
4999,ERP,Zaragoza,marta87@gmail.com,973888,26/1/2021,Activo,991616
5000,CRM,Madrid,lucia25@gmail.com,139598,9/6/2022,Activo,
5001,ERP,Málaga,,736539,18/10/2022,Activo,174612
5002,POS,Valencia,carlos41@yahoo.com,790378,20/5/2027,Activo,816977
3058,SGA,Sevilla,pedro65@yahoo.com,499609,20/2/2027,Act.,943006
5004,CRM,Málaga,elena67@hotmail.com,122366,14/10/2024,Activo,903461
5005,ERP,Málaga,lucia19@hotmail.com,962475,18/2/2025,Activo,793427
5006,SGA,Málaga,luis99@gmail.com,357831,7/4/2021,Activo,297856
5007,CRM,Málaga,diego48@hotmail.com,518959,3/7/2021,Activo,973623
5008,POS,Sevilla,,103373,13/7/2025,Activo,756244
5009,ERP,Málaga,juan36@outlook.com,130777,8/12/2029,Act.,
5010,CRM,Málaga,,773885,1/6/2024,Activo,339808
5011,CRM,Zaragoza,juan52@outlook.com,942264,19/1/2023,Actvo,263902
5012,POS,Sevilla,luis48@yahoo.com,944202,9/1/2020,Act.,227548
5013,ERP,Barcelona,maria14@hotmail.com,163041,13/8/2024,Activo,521528
5014,SGA,Barcelona,carlos16@yahoo.com,815776,4/8/2022,Activo,270038
5015,CRM,Valencia,carlos12@hotmail.com,271287,4/1/2022,Activo,494005
5016,ERP,Madrid,ana74@yahoo.com,98177777,20/3/2020,Activo,
5017,ERP,Valencia,diego27@outlook.com,758459,18/7/2025,Activo,406733
5018,POS,Madrid,juan65@yahoo.com,325445,16/5/2022,Activo,722554
5019,CRM,Madrid,,,23/6/2021,Act.,483226
5020,SGA,Madrid,,442211,20/4/2022,Act.,774897
5021,CRM,Valencia,lucia75@outlook.com,,28/12/2025,Act.,895980
5022,CRM,Málaga,diego43@hotmail.com,310216,23/6/2024,Act.,816370
5023,SGA,Zaragoza,carlos83@hotmail.com,98177777,8/5/2024,Activo,796544
5024,ERP,Barcelona,sofia72@yahoo.com,246833,4/3/2023,Activo,294217
5025,CRM,Málaga,lucia85@hotmail.com,894887,17/9/2020,Activo,910176
5026,ERP,Madrid,luis45@gmail.com,995823,1/8/2025,Activo,
5027,POS,Zaragoza,marta74@hotmail.com,642301,24/9/2025,Activo,
5028,ERP,Valencia,,158160,21/11/2020,Activo,353838
5029,SGA,Barcelona,ana50@gmail.com,230490,3/10/2025,Activo,763449
5030,SGA,Valencia,sofia99@yahoo.com,134112,27/4/2027,Activo,882112
5031,POS,Sevilla,diego65@outlook.com,158631,15/12/2021,Activo,392600
5032,ERP,Zaragoza,pedro38@outlook.com,463426,23/3/2024,Activo,846985
5033,CRM,Málaga,maria26@gmail.com,401869,18/2/2025,Actvo,844741
5034,POS,Madrid,luis84@gmail.com,328080,23/10/2021,Act.,706366
5035,SGA,Valencia,maria52@outlook.com,476350,24/8/2020,Activo,851870
5036,ERP,Madrid,ana39@outlook.com,964608,12/2/2023,Activo,702611
5037,SGA,Zaragoza,,568787,17/5/2022,Activo,
5038,CRM,Zaragoza,pedro97@hotmail.com,715422,13/8/2025,Actvo,974955
5039,POS,Barcelona,marta30@yahoo.com,884826,26/1/2025,Activo,656031
5040,POS,Sevilla,sofia77@outlook.com,971395,5/6/2023,Activo,703197
5041,SGA,Sevilla,carlos32@yahoo.com,769080,11/8/2022,Activo,120987
5042,POS,Valencia,marta69@hotmail.com,348200,9/5/2024,Activo,702336
5043,ERP,Valencia,,210077,10/8/2022,Activo,503165
5044,ERP,Málaga,luis77@yahoo.com,188757,3/10/2022,Activo,897694
5045,SGA,Barcelona,pedro36@hotmail.com,609628,19/10/2027,Activo,367458
5046,SGA,Zaragoza,luis93@hotmail.com,811449,27/11/2020,Act.,346024
5047,POS,Málaga,,640247,23/10/2022,Activo,934202
5048,SGA,Zaragoza,carlos18@hotmail.com,557798,10/11/2024,Activo,775661
5049,ERP,Zaragoza,diego99@gmail.com,993336,14/3/2022,Activo,687569
5050,CRM,Barcelona,lucia99@outlook.com,472282,5/2/2021,Activo,939438
5051,ERP,Madrid,ana61@outlook.com,203249,18/10/2025,Activo,687359
5052,POS,Sevilla,sofia86@outlook.com,293636,7/10/2025,Activo,
5053,SGA,Madrid,javier51@hotmail.com,482866,2/8/2023,Activo,888470
5054,SGA,Zaragoza,sofia44@hotmail.com,818862,24/7/2025,Activo,516596
5055,SGA,Sevilla,javier79@yahoo.com,653508,5/5/2021,Act.,806292
5056,POS,Valencia,sofia66@yahoo.com,793510,1/4/2022,Activo,538369
5057,CRM,Barcelona,maria16@gmail.com,452891,16/10/2020,Activo,995169
5058,POS,Valencia,pedro63@gmail.com,720493,13/6/2020,Activo,315773
5059,ERP,Barcelona,pedro10@gmail.com,98177777,4/3/2020,Activo,147486
5060,CRM,Sevilla,ana50@hotmail.com,,26/8/2021,Activo,387504
5061,SGA,Málaga,diego45@outlook.com,703127,14/4/2025,Activo,467642
5062,ERP,Sevilla,luis61@outlook.com,862020,26/10/2024,Activo,
5063,SGA,Barcelona,ana73@outlook.com,750720,2/2/2021,Activo,
5064,CRM,Zaragoza,pedro42@hotmail.com,418066,15/2/2023,Activo,228575
5065,POS,Valencia,juan10@gmail.com,626183,14/3/2024,Activo,987808
5066,ERP,Barcelona,elena53@hotmail.com,208332,21/4/2023,Activo,568049
5067,POS,Málaga,pedro47@gmail.com,455031,1/2/2025,Activo,556358
5068,ERP,Málaga,diego58@outlook.com,98177777,15/3/2022,Activo,553541
5069,SGA,Málaga,maria29@yahoo.com,408460,11/9/2021,Activo,519721
5070,SGA,Madrid,carlos43@gmail.com,395409,5/7/2022,Activo,825690
5071,POS,Zaragoza,sofia88@hotmail.com,220721,21/5/2023,Activo,716906
5072,SGA,Valencia,juan28@yahoo.com,986368,28/1/2024,Activo,298942
5073,CRM,Valencia,diego78@hotmail.com,131928,5/4/2021,Activo,271632
5074,CRM,Zaragoza,,242847,21/11/2020,Actvo,365413
5075,CRM,Málaga,ana70@gmail.com,402101,6/6/2025,Activo,704887
5076,CRM,Madrid,elena12@yahoo.com,404591,8/1/2025,Activo,740904
5077,ERP,Valencia,juan89@outlook.com,98177777,13/8/2020,Activo,570102
5078,ERP,Málaga,carlos29@yahoo.com,128062,25/8/2025,Activo,707514
5079,CRM,Zaragoza,diego17@yahoo.com,991996,26/6/2020,Act.,987967
5080,ERP,Sevilla,,478653,25/2/2022,Activo,
5081,CRM,Málaga,marta16@yahoo.com,469409,23/9/2023,Activo,540884
5082,POS,Barcelona,,938780,6/12/2023,Activo,569237
5083,ERP,Sevilla,carlos18@yahoo.com,320547,11/4/2024,Activo,222448
5084,CRM,Valencia,sofia11@hotmail.com,448799,9/9/2021,Activo,
5085,CRM,Málaga,sofia70@hotmail.com,181582,8/7/2021,Actvo,784302
5086,POS,Sevilla,sofia72@yahoo.com,632455,4/6/2025,Activo,924426
5087,POS,Madrid,ana29@outlook.com,240618,28/10/2022,Act.,869324
5088,SGA,Valencia,ana59@outlook.com,568332,17/8/2023,Activo,803497
5089,CRM,Barcelona,carlos50@gmail.com,445752,13/4/2021,Act.,535861
5090,SGA,Málaga,ana58@hotmail.com,904927,23/1/2021,Activo,793710
5091,ERP,Barcelona,luis11@outlook.com,758071,6/2/2024,Activo,390951
5092,CRM,Málaga,javier38@outlook.com,617115,23/9/2027,Activo,600661
5093,CRM,Barcelona,ana84@gmail.com,702327,4/9/2020,Activo,964952
5094,ERP,Málaga,diego10@yahoo.com,487907,27/12/2022,Activo,384889
5095,POS,Málaga,carlos44@yahoo.com,842433,11/8/2025,Activo,
5096,CRM,Madrid,juan39@gmail.com,327357,3/3/2022,Activo,986959
5097,POS,Barcelona,luis86@yahoo.com,255592,4/3/2024,Activo,158096
5098,CRM,Sevilla,carlos88@gmail.com,872444,7/12/2020,Activo,482929
5099,SGA,Málaga,carlos29@gmail.com,950835,28/11/2024,Activo,886293
5100,POS,Sevilla,sofia66@hotmail.com,725092,23/2/2022,Activo,
5101,SGA,Valencia,luis65@hotmail.com,140409,9/12/2025,Activo,
5102,CRM,Málaga,ana24@outlook.com,,12/8/2025,Actvo,395802
5103,SGA,Barcelona,,98177777,13/10/2023,Activo,395881
5104,CRM,Madrid,marta44@yahoo.com,447009,5/6/2023,Act.,
5105,CRM,Zaragoza,luis76@yahoo.com,728983,27/2/2020,Activo,751071
5106,SGA,Sevilla,ana92@hotmail.com,674010,24/3/2029,Activo,664372
5107,CRM,Valencia,carlos23@hotmail.com,696839,12/12/2025,Activo,951697
5108,ERP,Sevilla,javier38@yahoo.com,536264,9/2/2023,Activo,488185
5109,CRM,Málaga,diego13@outlook.com,378031,11/7/2024,Act.,760529
5110,CRM,Sevilla,diego89@outlook.com,986520,24/3/2020,Act.,370885
5111,ERP,Valencia,diego71@outlook.com,557574,2/3/2021,Act.,380091
5112,POS,Sevilla,lucia22@hotmail.com,307070,5/4/2023,Activo,676270
5113,ERP,Sevilla,juan59@hotmail.com,457479,3/7/2022,Activo,452984
5114,ERP,Madrid,sofia37@gmail.com,791002,8/4/2021,Activo,843984
5115,ERP,Zaragoza,luis21@hotmail.com,223116,24/12/2020,Activo,596395
5116,ERP,Málaga,pedro47@yahoo.com,481696,26/10/2023,Activo,973931
5117,POS,Valencia,ana53@outlook.com,460192,21/12/2020,Act.,805808
5118,CRM,Valencia,luis85@gmail.com,276953,3/2/2024,Act.,353782
5119,SGA,Málaga,pedro40@yahoo.com,551858,6/8/2020,Act.,823358
5120,POS,Barcelona,pedro38@hotmail.com,754379,27/10/2024,Activo,292669
5121,POS,Málaga,sofia74@gmail.com,121833,7/12/2023,Activo,
5122,CRM,Zaragoza,pedro39@hotmail.com,229944,14/11/2020,Activo,450187
5123,ERP,Sevilla,sofia17@gmail.com,913493,21/12/2020,Activo,
5124,ERP,Madrid,diego50@outlook.com,614661,24/2/2025,Activo,458048
5125,POS,Barcelona,marta79@hotmail.com,606121,28/4/2020,Activo,918253
5126,SGA,Valencia,,306930,2/10/2020,Activo,
5127,ERP,Zaragoza,carlos69@hotmail.com,396775,22/5/2020,Activo,593272
5128,POS,Madrid,marta43@gmail.com,218673,27/6/2020,Activo,592987
5129,SGA,Málaga,elena63@hotmail.com,311768,10/10/2023,Activo,755388
5130,SGA,Valencia,lucia85@gmail.com,620551,14/9/2025,Activo,912269
5131,SGA,Sevilla,luis79@gmail.com,767910,12/2/2029,Activo,507973
5132,SGA,Málaga,marta36@hotmail.com,158596,7/8/2021,Act.,804906
5133,POS,Barcelona,ana84@gmail.com,482244,5/8/2024,Activo,683333
5134,POS,Zaragoza,sofia17@outlook.com,352349,8/10/2025,Activo,852236
5135,SGA,Barcelona,sofia90@hotmail.com,470348,20/1/2021,Activo,385949
5136,ERP,Sevilla,luis36@outlook.com,452543,6/5/2024,Activo,265246
5137,ERP,Málaga,elena62@yahoo.com,481189,18/1/2023,Activo,776451
5138,POS,Sevilla,pedro12@hotmail.com,940349,20/12/2022,Activo,956588
5139,SGA,Valencia,pedro40@hotmail.com,229002,15/8/2022,Activo,346158
5932,SGA,Barcelona,pedro24@gmail.com,685360,10/4/2024,Activo,544249
5141,POS,Barcelona,ana21@gmail.com,795795,6/9/2022,Activo,666552
5142,POS,Barcelona,sofia92@hotmail.com,491131,14/4/2021,Activo,
5143,POS,Málaga,maria75@yahoo.com,789991,28/11/2022,Activo,915653
5144,CRM,Barcelona,juan93@hotmail.com,901415,22/4/2022,Activo,814440
5145,CRM,Málaga,,633698,19/12/2020,Actvo,377036
5146,SGA,Málaga,marta86@gmail.com,98177777,3/7/2029,Activo,772582
5147,CRM,Madrid,juan68@yahoo.com,742526,22/8/2020,Actvo,729214
5148,ERP,Valencia,pedro85@yahoo.com,108156,18/3/2021,Activo,943030
5149,SGA,Málaga,sofia39@yahoo.com,942565,21/12/2022,Act.,306093
5150,CRM,Zaragoza,marta75@hotmail.com,196110,21/10/2022,Actvo,148426
5151,SGA,Madrid,sofia68@gmail.com,98177777,15/11/2024,Activo,
5152,ERP,Málaga,ana15@hotmail.com,852394,10/9/2025,Activo,971412
5153,ERP,Barcelona,elena75@hotmail.com,98177777,13/10/2025,Act.,207594
5154,SGA,Sevilla,marta38@yahoo.com,596657,10/5/2020,Activo,334812
5155,CRM,Sevilla,marta67@gmail.com,,23/5/2025,Act.,918863
5156,SGA,Málaga,elena40@gmail.com,813548,12/8/2025,Act.,651029
5157,ERP,Barcelona,javier37@gmail.com,436655,19/2/2023,Activo,391707
5158,CRM,Madrid,ana90@gmail.com,198031,23/1/2021,Activo,540480
5989,CRM,Madrid,ana66@gmail.com,707214,7/10/2021,Activo,691660
5160,POS,Valencia,javier21@hotmail.com,342759,18/3/2022,Activo,714904
5161,SGA,Sevilla,javier38@outlook.com,682995,22/7/2021,Activo,
5162,ERP,Barcelona,carlos43@gmail.com,148471,7/12/2022,Activo,813402
5163,ERP,Madrid,luis78@yahoo.com,745988,9/6/2025,Activo,449881
5164,SGA,Madrid,maria49@gmail.com,354352,5/6/2020,Activo,
5165,SGA,Zaragoza,elena16@gmail.com,800689,27/4/2020,Activo,593602
5166,ERP,Málaga,lucia92@outlook.com,137797,27/7/2023,Activo,459774
5167,ERP,Valencia,lucia61@hotmail.com,642798,21/11/2024,Act.,460991
5168,SGA,Zaragoza,javier60@gmail.com,672859,22/8/2021,Activo,
5169,SGA,Sevilla,sofia91@hotmail.com,812210,28/10/2021,Activo,177550
5170,CRM,Barcelona,elena89@hotmail.com,,9/7/2021,Activo,742828
5171,POS,Málaga,pedro39@outlook.com,98177777,2/12/2021,Activo,164989
5172,ERP,Málaga,javier44@outlook.com,928433,19/2/2020,Activo,634380
5173,CRM,Sevilla,carlos43@hotmail.com,306468,25/11/2024,Activo,156068
4275,SGA,Barcelona,sofia47@gmail.com,197344,7/9/2024,Activo,148319
5043,POS,Madrid,lucia64@hotmail.com,982082,22/10/2024,Activo,
5176,ERP,Madrid,juan18@hotmail.com,145833,27/12/2025,Activo,
5177,POS,Barcelona,pedro88@outlook.com,398881,11/1/2024,Activo,991255
5178,CRM,Sevilla,elena74@yahoo.com,,17/5/2022,Activo,964894
5179,SGA,Sevilla,ana84@hotmail.com,299082,11/1/2023,Activo,119275
5180,CRM,Valencia,marta30@yahoo.com,869201,17/2/2025,Activo,908229
5181,POS,Málaga,lucia23@hotmail.com,327680,3/5/2023,Activo,342953
5182,CRM,Zaragoza,marta36@gmail.com,554483,17/6/2025,Act.,553190
5183,CRM,Barcelona,maria52@outlook.com,715970,14/3/2025,Actvo,850894
5184,SGA,Málaga,javier48@yahoo.com,98177777,25/7/2025,Activo,917929
5185,SGA,Málaga,lucia39@yahoo.com,798025,15/12/2021,Activo,395076
5186,POS,Sevilla,diego57@gmail.com,347677,27/9/2022,Activo,
5187,POS,Málaga,javier42@yahoo.com,767189,9/6/2022,Activo,
5188,CRM,Málaga,diego13@hotmail.com,277796,3/12/2022,Act.,805419
5189,ERP,Málaga,carlos47@hotmail.com,165833,19/10/2021,Act.,469579
1948,CRM,Madrid,marta42@hotmail.com,744809,21/1/2022,Activo,742958
5191,POS,Sevilla,maria54@outlook.com,411588,13/12/2024,Activo,
5192,CRM,Málaga,javier20@hotmail.com,571643,9/6/2022,Activo,283022
5193,SGA,Sevilla,sofia24@hotmail.com,889253,26/1/2025,Act.,415125
5194,CRM,Valencia,,910470,5/3/2024,Activo,375610
5195,SGA,Málaga,,523814,22/9/2024,Activo,
5196,ERP,Málaga,,386228,10/9/2020,Activo,
5197,SGA,Sevilla,pedro19@gmail.com,943458,5/1/2024,Activo,
5198,ERP,Valencia,luis19@outlook.com,108285,8/1/2024,Activo,584596
5199,ERP,Madrid,maria39@outlook.com,413500,20/12/2024,Activo,199019
5200,CRM,Madrid,javier71@hotmail.com,197208,23/3/2021,Act.,474580
5201,POS,Madrid,juan85@outlook.com,295399,5/12/2029,Activo,200546
5202,POS,Madrid,lucia98@hotmail.com,524419,3/8/2024,Act.,785270
5203,CRM,Madrid,carlos13@yahoo.com,604086,15/1/2025,Activo,949053
5204,ERP,Sevilla,marta26@hotmail.com,863290,13/9/2024,Activo,341684
5205,POS,Málaga,javier40@yahoo.com,421864,6/9/2025,Activo,885746
5206,SGA,Málaga,juan29@hotmail.com,131442,14/8/2025,Activo,485288
5207,POS,Zaragoza,javier54@gmail.com,779733,1/11/2030,Activo,503462
5208,ERP,Barcelona,javier84@hotmail.com,903729,16/4/2022,Act.,813006
5209,ERP,Madrid,pedro24@yahoo.com,274539,19/11/2022,Activo,707822
5210,SGA,Zaragoza,elena68@gmail.com,728381,22/10/2020,Activo,327376
5211,CRM,Zaragoza,diego63@hotmail.com,526209,24/2/2021,Activo,404172
2950,POS,Zaragoza,maria10@yahoo.com,722731,12/6/2020,Activo,684711
5213,CRM,Sevilla,marta60@yahoo.com,443158,4/3/2022,Actvo,856034
5214,POS,Valencia,juan27@yahoo.com,816281,22/4/2022,Activo,808769
5215,SGA,Málaga,marta38@outlook.com,597414,13/7/2023,Act.,400933
5216,CRM,Málaga,luis15@gmail.com,996257,2/7/2022,Activo,655641
5217,POS,Madrid,lucia66@hotmail.com,738985,14/5/2021,Activo,503604
5218,POS,Zaragoza,diego72@outlook.com,426212,21/2/2021,Activo,854456
5219,ERP,Barcelona,juan22@hotmail.com,567522,6/2/2025,Activo,421379
5220,ERP,Sevilla,sofia19@outlook.com,420817,9/6/2025,Activo,760516
5221,POS,Sevilla,carlos45@hotmail.com,369739,16/3/2029,Activo,156319
5222,ERP,Málaga,carlos13@yahoo.com,739484,12/6/2021,Activo,110201
3746,POS,Málaga,ana18@hotmail.com,931698,4/7/2025,Activo,866540
5224,POS,Sevilla,diego56@hotmail.com,837293,24/11/2024,Activo,570341
5225,ERP,Valencia,pedro58@gmail.com,196313,27/6/2022,Act.,243279
5226,ERP,Zaragoza,diego41@hotmail.com,446324,11/1/2024,Activo,183174
5227,ERP,Barcelona,diego37@gmail.com,522969,10/6/2028,Act.,703408
5228,CRM,Madrid,ana92@hotmail.com,251176,24/7/2021,Activo,178244
5229,SGA,Valencia,javier52@outlook.com,392708,5/9/2024,Activo,475128
5230,POS,Madrid,pedro91@yahoo.com,98177777,19/4/2024,Activo,
5231,SGA,Málaga,elena58@outlook.com,497257,5/12/2025,Activo,469623
5232,CRM,Zaragoza,carlos87@gmail.com,711672,18/12/2023,Activo,545140
5233,CRM,Barcelona,,988029,13/9/2020,Activo,735777
5234,POS,Sevilla,luis51@gmail.com,692808,4/1/2025,Activo,982796
5235,POS,Málaga,marta52@outlook.com,381300,11/12/2022,Activo,420059
5236,SGA,Madrid,,717768,10/5/2020,Act.,837099
5237,SGA,Sevilla,lucia44@outlook.com,538618,11/3/2025,Activo,824538
5238,ERP,Zaragoza,carlos80@hotmail.com,947061,14/2/2020,Activo,513741
5239,SGA,Zaragoza,pedro78@yahoo.com,227648,14/4/2020,Act.,853607
5240,SGA,Zaragoza,carlos70@yahoo.com,663897,15/11/2022,Act.,841763
5241,CRM,Sevilla,maria42@outlook.com,245862,23/3/2020,Act.,352279
5242,SGA,Madrid,marta99@gmail.com,929078,28/11/2025,Activo,798360
5243,ERP,Zaragoza,elena47@yahoo.com,797291,28/6/2025,Act.,972535
5244,SGA,Zaragoza,maria24@outlook.com,760754,20/5/2020,Activo,723392
5245,POS,Zaragoza,sofia68@hotmail.com,776962,15/10/2021,Activo,
5246,ERP,Málaga,ana37@gmail.com,502347,20/8/2024,Act.,652146
5247,POS,Málaga,marta11@outlook.com,244043,17/2/2029,Activo,563935
5248,CRM,Madrid,,155000,17/6/2022,Activo,611278
5249,ERP,Barcelona,lucia66@hotmail.com,317882,25/10/2029,Activo,622047
5250,ERP,Málaga,diego22@yahoo.com,841345,28/5/2022,Activo,502181
5251,SGA,Madrid,,382949,18/8/2025,Activo,187519
5252,ERP,Barcelona,ana74@gmail.com,98177777,2/5/2022,Activo,
5253,CRM,Zaragoza,,846899,16/2/2025,Activo,
5254,CRM,Málaga,luis71@yahoo.com,,17/9/2024,Activo,998556
5255,CRM,Barcelona,lucia84@gmail.com,615836,25/6/2020,Activo,725798
5256,ERP,Madrid,maria42@yahoo.com,841179,11/12/2024,Act.,750566
5257,ERP,Zaragoza,luis62@yahoo.com,646126,19/3/2020,Activo,499400
5258,SGA,Sevilla,juan72@gmail.com,619855,21/4/2024,Activo,975404
5259,CRM,Valencia,maria15@hotmail.com,153957,2/11/2024,Act.,205205
5260,SGA,Madrid,ana64@outlook.com,925463,17/5/2022,Activo,609688
5261,CRM,Madrid,elena16@hotmail.com,712495,23/8/2025,Activo,798058
5262,SGA,Barcelona,javier10@yahoo.com,938947,8/4/2029,Activo,247561
5263,POS,Zaragoza,sofia94@yahoo.com,441365,16/11/2022,Activo,
5264,POS,Barcelona,marta19@outlook.com,571183,4/6/2024,Activo,
5265,CRM,Málaga,pedro35@gmail.com,783384,6/9/2023,Activo,
5266,SGA,Barcelona,juan33@yahoo.com,929218,13/8/2023,Activo,582546
5267,ERP,Madrid,,965782,9/2/2021,Activo,694310
5268,ERP,Zaragoza,diego52@outlook.com,626821,25/8/2023,Act.,
5269,ERP,Valencia,juan96@outlook.com,809887,24/7/2023,Activo,943551
5270,SGA,Madrid,pedro31@outlook.com,98177777,18/6/2021,Act.,924928
5271,POS,Madrid,maria47@yahoo.com,453710,22/8/2022,Activo,578560
5272,ERP,Madrid,,98177777,8/7/2025,Activo,
5273,CRM,Zaragoza,juan23@outlook.com,514815,4/2/2024,Actvo,542848
5274,POS,Valencia,,602244,12/10/2021,Activo,654810
5275,CRM,Valencia,sofia82@yahoo.com,373823,10/2/2020,Act.,405246
5276,SGA,Zaragoza,,730880,14/9/2023,Activo,332802
5277,ERP,Barcelona,diego64@yahoo.com,534352,18/3/2025,Act.,433290
5278,CRM,Sevilla,marta76@yahoo.com,273653,8/5/2021,Activo,
5279,SGA,Málaga,pedro45@gmail.com,485503,6/6/2020,Act.,488006
5280,ERP,Madrid,,367764,28/2/2028,Activo,166165
5281,SGA,Barcelona,sofia26@yahoo.com,472382,23/2/2024,Activo,131824
5282,CRM,Valencia,juan57@hotmail.com,363518,22/2/2020,Actvo,854215
5283,POS,Madrid,juan22@gmail.com,286197,3/2/2020,Activo,416819
5284,CRM,Zaragoza,maria36@outlook.com,,26/2/2022,Activo,564435
5285,CRM,Valencia,lucia38@gmail.com,192044,15/5/2020,Actvo,196079
5286,POS,Málaga,javier32@outlook.com,634880,11/11/2023,Activo,600327
5287,SGA,Zaragoza,diego24@yahoo.com,362206,4/10/2022,Activo,
5288,SGA,Sevilla,marta86@outlook.com,204597,5/4/2020,Act.,
5289,CRM,Barcelona,diego96@outlook.com,243956,6/12/2022,Activo,168791
5290,CRM,Zaragoza,lucia48@yahoo.com,,11/12/2022,Activo,826720
5291,SGA,Sevilla,carlos48@hotmail.com,762251,28/8/2024,Activo,694780
5292,POS,Málaga,juan32@outlook.com,699417,1/12/2024,Activo,572919
5293,ERP,Valencia,diego64@yahoo.com,464486,6/8/2022,Activo,129117
5294,POS,Zaragoza,marta16@outlook.com,789330,15/5/2023,Activo,344546
5295,CRM,Valencia,elena91@hotmail.com,,23/5/2022,Actvo,
5296,SGA,Zaragoza,lucia45@outlook.com,492236,6/11/2023,Activo,839920
5297,POS,Zaragoza,elena39@outlook.com,346868,2/3/2020,Activo,991243
5298,CRM,Zaragoza,maria52@yahoo.com,993614,21/6/2025,Activo,323462
5299,ERP,Barcelona,diego57@outlook.com,152074,10/7/2024,Act.,347514
5300,ERP,Málaga,maria44@hotmail.com,756312,21/3/2020,Activo,604442
5301,POS,Madrid,diego30@outlook.com,296646,16/12/2023,Activo,790975
5302,CRM,Málaga,javier75@gmail.com,973417,5/3/2021,Activo,
5303,CRM,Madrid,diego63@outlook.com,689986,23/2/2024,Actvo,105968
5304,ERP,Barcelona,elena57@yahoo.com,598905,21/8/2024,Activo,
5305,SGA,Madrid,sofia99@outlook.com,530709,14/12/2022,Activo,403483
5306,SGA,Barcelona,elena44@hotmail.com,314760,25/12/2021,Activo,533828
5307,POS,Barcelona,ana95@yahoo.com,613769,19/8/2020,Activo,967262
5308,POS,Valencia,luis84@hotmail.com,825445,18/3/2025,Activo,678398
5309,ERP,Barcelona,javier83@outlook.com,917276,1/12/2024,Activo,265741
5310,CRM,Barcelona,pedro47@yahoo.com,317272,24/6/2024,Activo,267029
5311,SGA,Zaragoza,marta59@hotmail.com,200441,17/1/2024,Activo,810166
5312,SGA,Zaragoza,pedro48@gmail.com,98177777,10/5/2028,Activo,116305
5313,SGA,Barcelona,maria30@hotmail.com,98177777,15/9/2025,Activo,536132
5314,SGA,Zaragoza,marta63@yahoo.com,939280,5/11/2025,Act.,
5315,ERP,Valencia,luis38@outlook.com,181181,9/10/2020,Activo,450894
5316,SGA,Valencia,javier46@hotmail.com,614919,22/11/2023,Activo,826098
5317,CRM,Barcelona,luis64@yahoo.com,,20/1/2023,Activo,522429
5318,SGA,Málaga,juan62@gmail.com,233074,11/2/2023,Activo,
5319,POS,Zaragoza,luis28@outlook.com,654429,21/10/2025,Activo,428301
5320,CRM,Sevilla,sofia91@yahoo.com,581430,1/7/2028,Act.,384002
5321,SGA,Madrid,luis94@gmail.com,786097,8/11/2020,Activo,668837
5322,ERP,Zaragoza,ana38@gmail.com,409824,22/1/2028,Act.,975078
5323,ERP,Valencia,luis93@yahoo.com,903861,20/8/2023,Activo,593838
5324,SGA,Valencia,maria13@yahoo.com,748161,21/8/2024,Activo,
5325,POS,Sevilla,,449964,5/11/2022,Activo,845768
5326,ERP,Málaga,elena26@hotmail.com,596061,21/6/2024,Activo,924365
5327,CRM,Barcelona,,,5/3/2021,Activo,
5328,POS,Sevilla,juan22@outlook.com,746364,4/3/2020,Act.,155146
5329,ERP,Sevilla,diego71@gmail.com,200330,13/10/2029,Activo,
5330,POS,Madrid,pedro59@outlook.com,940720,27/9/2021,Activo,354199
5331,ERP,Valencia,maria26@gmail.com,431905,23/3/2023,Activo,842110
5332,ERP,Málaga,diego35@outlook.com,628272,5/4/2021,Activo,
5333,POS,Sevilla,elena60@yahoo.com,146920,9/2/2023,Activo,740939
5334,SGA,Málaga,carlos28@yahoo.com,106542,28/1/2024,Activo,952177
3060,SGA,Barcelona,marta47@outlook.com,602409,17/11/2022,Activo,160941
5336,POS,Zaragoza,lucia34@gmail.com,878056,25/9/2024,Activo,258442
5337,ERP,Barcelona,marta84@outlook.com,229501,9/9/2021,Activo,729591
5338,ERP,Madrid,,548902,22/3/2021,Activo,937641
5339,ERP,Málaga,sofia43@gmail.com,98177777,5/3/2025,Activo,387341
5340,ERP,Málaga,maria33@hotmail.com,260581,10/7/2023,Activo,893346
5341,ERP,Valencia,diego47@hotmail.com,246731,4/10/2023,Activo,608281
5342,SGA,Málaga,diego67@gmail.com,676464,3/1/2020,Activo,537402
5343,ERP,Málaga,luis38@yahoo.com,401466,25/9/2021,Activo,
5344,POS,Málaga,sofia24@gmail.com,310938,4/4/2023,Activo,626830
5345,ERP,Barcelona,diego23@yahoo.com,215585,25/12/2025,Activo,448428
5346,ERP,Málaga,sofia13@gmail.com,568725,28/3/2022,Act.,432214
5347,SGA,Valencia,marta41@outlook.com,974903,12/11/2022,Activo,108629
5348,CRM,Zaragoza,juan20@yahoo.com,397185,9/8/2023,Activo,277357
5349,CRM,Málaga,carlos44@yahoo.com,739200,1/12/2022,Activo,520176
5350,ERP,Málaga,javier63@hotmail.com,395702,17/10/2025,Activo,893899
2290,SGA,Zaragoza,lucia97@outlook.com,191214,20/8/2022,Activo,
5352,ERP,Zaragoza,maria46@gmail.com,545629,6/3/2024,Activo,376249
5353,CRM,Barcelona,luis98@outlook.com,517483,22/8/2021,Activo,825875
5354,SGA,Sevilla,juan19@hotmail.com,284060,16/5/2022,Activo,893637
5355,POS,Barcelona,lucia14@gmail.com,521219,21/1/2023,Activo,
5356,POS,Valencia,luis21@gmail.com,98177777,27/5/2021,Activo,615927
5357,SGA,Sevilla,carlos84@gmail.com,473086,24/1/2020,Activo,370378
5358,POS,Sevilla,juan49@yahoo.com,123247,13/11/2028,Activo,874614
5359,SGA,Madrid,juan29@hotmail.com,252615,1/11/2023,Act.,622864
5360,ERP,Zaragoza,maria61@gmail.com,441692,8/7/2023,Activo,214682
5361,ERP,Barcelona,maria89@gmail.com,257067,16/6/2022,Activo,414687
5362,CRM,Madrid,pedro25@yahoo.com,245590,19/9/2023,Activo,967526
5363,ERP,Valencia,marta52@outlook.com,807214,3/12/2025,Act.,501271
2031,ERP,Madrid,pedro17@yahoo.com,759613,11/8/2021,Activo,
5365,CRM,Zaragoza,maria64@gmail.com,883694,8/6/2024,Activo,122084
5366,SGA,Madrid,sofia95@gmail.com,98177777,7/8/2024,Activo,695090
5367,ERP,Málaga,sofia22@yahoo.com,429342,2/3/2025,Activo,923839
5368,ERP,Zaragoza,diego17@gmail.com,108077,24/10/2022,Act.,471322
5369,ERP,Sevilla,elena22@gmail.com,473551,26/11/2023,Activo,144080
5370,CRM,Madrid,maria36@yahoo.com,986527,20/12/2023,Activo,520996
5371,SGA,Valencia,maria84@outlook.com,818468,13/2/2021,Activo,675041
5372,CRM,Málaga,juan27@outlook.com,676569,15/12/2020,Activo,441939
5373,POS,Madrid,javier10@yahoo.com,546972,5/12/2020,Act.,375411
5374,ERP,Valencia,luis81@gmail.com,434712,15/10/2021,Activo,403764
5375,POS,Valencia,maria26@hotmail.com,179707,9/9/2029,Activo,
5376,SGA,Valencia,carlos50@yahoo.com,286469,6/3/2021,Act.,392545
5377,ERP,Barcelona,marta19@yahoo.com,98177777,25/8/2020,Activo,754448
5378,POS,Barcelona,elena75@outlook.com,990652,28/8/2023,Act.,373234
5379,POS,Valencia,carlos64@yahoo.com,821583,5/1/2025,Activo,885089
5380,POS,Madrid,lucia80@gmail.com,949548,23/1/2023,Activo,929396
5381,ERP,Madrid,,352631,11/11/2025,Activo,655781
5382,ERP,Sevilla,carlos88@gmail.com,934394,13/8/2022,Activo,833979
5383,ERP,Barcelona,diego25@outlook.com,942491,16/4/2020,Activo,145746
5384,ERP,Sevilla,javier29@gmail.com,830083,14/8/2022,Activo,
5385,CRM,Madrid,juan19@yahoo.com,117509,9/12/2024,Actvo,338373
5386,POS,Madrid,ana37@outlook.com,488576,26/9/2020,Activo,636658
5387,CRM,Barcelona,,395568,26/12/2020,Activo,908355
5388,SGA,Zaragoza,diego94@yahoo.com,834908,23/7/2023,Activo,530657
5389,POS,Málaga,diego80@outlook.com,185879,17/12/2020,Activo,747415
5390,ERP,Valencia,ana31@outlook.com,538937,8/1/2022,Activo,565824
5391,ERP,Zaragoza,javier73@outlook.com,957420,25/10/2021,Activo,
5392,ERP,Sevilla,juan27@outlook.com,98177777,22/11/2020,Act.,165817
3713,CRM,Madrid,marta18@hotmail.com,411217,18/4/2020,Act.,690809
4676,ERP,Zaragoza,sofia88@outlook.com,213532,18/8/2020,Activo,222052
5395,POS,Valencia,ana64@hotmail.com,338238,25/6/2025,Activo,105848
5396,POS,Málaga,luis82@yahoo.com,98177777,1/4/2021,Activo,500715
5397,SGA,Zaragoza,juan57@gmail.com,515178,2/4/2020,Act.,182414
5398,POS,Valencia,javier99@outlook.com,532291,7/6/2020,Activo,111125
5399,ERP,Zaragoza,ana94@hotmail.com,922210,27/4/2021,Act.,
5400,POS,Valencia,ana74@outlook.com,817340,4/3/2024,Activo,377535
5401,POS,Zaragoza,pedro67@gmail.com,215730,12/12/2029,Activo,477432
5402,CRM,Madrid,diego61@yahoo.com,249615,18/9/2025,Activo,261650
5403,POS,Madrid,ana61@outlook.com,419382,18/2/2024,Activo,336591
5404,SGA,Barcelona,,98177777,16/12/2024,Activo,782158
5405,POS,Valencia,juan70@gmail.com,167940,15/4/2021,Activo,510448
5406,CRM,Sevilla,maria47@outlook.com,419586,21/10/2023,Activo,209861
5407,CRM,Barcelona,lucia10@hotmail.com,134369,17/1/2021,Activo,428087
5408,POS,Valencia,diego33@outlook.com,203312,17/4/2025,Activo,581285
5409,POS,Málaga,,98177777,22/10/2023,Activo,438109
5410,CRM,Málaga,elena23@gmail.com,398249,7/10/2020,Activo,
2615,ERP,Zaragoza,,482756,14/3/2030,Activo,553424
5412,POS,Zaragoza,diego62@gmail.com,335164,27/8/2021,Activo,
5413,CRM,Zaragoza,maria72@yahoo.com,312947,2/4/2023,Activo,579361
5414,POS,Sevilla,juan70@hotmail.com,106829,19/2/2022,Act.,216268
5415,CRM,Sevilla,luis24@gmail.com,843092,18/7/2023,Activo,662964
5416,ERP,Zaragoza,javier30@yahoo.com,833901,21/7/2024,Activo,105708
5417,SGA,Barcelona,luis28@yahoo.com,588072,24/7/2022,Activo,596240
5418,POS,Valencia,pedro46@gmail.com,155506,9/5/2020,Activo,287715
5345,POS,Madrid,elena51@yahoo.com,98177777,18/6/2020,Activo,485585
5420,SGA,Málaga,ana87@outlook.com,395497,11/5/2023,Activo,558018
5421,SGA,Zaragoza,,908524,25/3/2023,Activo,
5422,POS,Málaga,juan80@outlook.com,344619,8/1/2024,Activo,606664
5423,ERP,Barcelona,maria39@outlook.com,570782,24/1/2021,Act.,147962
5424,POS,Málaga,maria24@yahoo.com,98177777,11/9/2021,Activo,611814
5425,SGA,Barcelona,juan50@yahoo.com,200550,1/3/2025,Activo,196825
5426,CRM,Barcelona,elena28@yahoo.com,111244,16/3/2022,Activo,267061
5427,ERP,Sevilla,luis85@yahoo.com,882962,6/2/2021,Activo,285468
5428,POS,Zaragoza,juan65@outlook.com,164474,16/12/2025,Activo,343853
5429,POS,Málaga,marta95@outlook.com,292871,5/4/2020,Act.,223019
5430,CRM,Valencia,luis15@hotmail.com,834077,23/5/2020,Activo,111191
5431,CRM,Madrid,juan26@gmail.com,277856,24/7/2021,Activo,720620
5432,ERP,Málaga,juan48@gmail.com,812991,18/3/2023,Activo,216124
5433,ERP,Málaga,marta52@yahoo.com,334854,25/6/2023,Activo,574454
5434,POS,Valencia,sofia52@yahoo.com,758071,5/8/2020,Act.,881526
5435,POS,Málaga,luis22@outlook.com,881031,21/10/2022,Activo,608849
5436,SGA,Barcelona,luis62@hotmail.com,570895,14/1/2025,Activo,305813
5437,POS,Málaga,javier26@gmail.com,987986,10/7/2022,Act.,969010
5438,CRM,Zaragoza,javier75@yahoo.com,499174,21/8/2020,Activo,394008
5439,ERP,Sevilla,,576067,20/7/2021,Activo,157026
5440,POS,Málaga,ana73@gmail.com,566039,9/12/2023,Activo,810798
5441,ERP,Sevilla,lucia69@gmail.com,471831,26/11/2023,Activo,278863
1500,POS,Barcelona,maria38@hotmail.com,617556,4/7/2023,Activo,147121
5443,CRM,Sevilla,lucia61@gmail.com,348255,26/3/2024,Activo,712365
5444,SGA,Valencia,ana80@outlook.com,911839,3/8/2021,Activo,947389
5445,SGA,Sevilla,elena57@outlook.com,132009,13/1/2024,Activo,587927
5446,ERP,Zaragoza,juan79@outlook.com,172550,1/9/2020,Activo,910814
5447,CRM,Valencia,marta10@hotmail.com,818936,26/1/2030,Activo,870194
5448,CRM,Valencia,diego82@gmail.com,480720,28/12/2021,Activo,665706
5449,CRM,Sevilla,ana29@hotmail.com,718305,4/9/2021,Act.,
5450,POS,Zaragoza,,98177777,24/7/2025,Activo,911816
5451,SGA,Málaga,,906436,9/2/2023,Activo,892033
5452,CRM,Barcelona,,359363,22/12/2028,Act.,235321
5453,POS,Valencia,elena40@yahoo.com,177213,6/6/2024,Activo,
5454,ERP,Málaga,carlos57@hotmail.com,322174,3/10/2024,Activo,200701
5455,POS,Madrid,maria61@outlook.com,494047,22/3/2022,Activo,686523
5456,POS,Valencia,diego21@yahoo.com,623834,21/5/2022,Act.,255946
5457,CRM,Sevilla,luis18@outlook.com,,22/12/2022,Activo,963819
5458,ERP,Valencia,luis17@yahoo.com,956289,25/5/2021,Activo,930605
5459,SGA,Madrid,javier12@outlook.com,414549,15/9/2025,Activo,
5460,ERP,Málaga,marta61@yahoo.com,98177777,20/3/2023,Activo,780454
5461,ERP,Madrid,diego47@outlook.com,852222,27/11/2023,Activo,149561
5462,ERP,Madrid,elena33@outlook.com,410394,27/2/2020,Activo,517560
5463,ERP,Málaga,juan78@outlook.com,472184,14/7/2023,Activo,579911
5464,CRM,Barcelona,lucia28@outlook.com,875999,19/10/2021,Act.,
5465,POS,Madrid,carlos75@gmail.com,312474,28/1/2023,Activo,453423
5466,SGA,Barcelona,carlos20@hotmail.com,486513,4/4/2024,Activo,752998
5467,SGA,Zaragoza,carlos24@outlook.com,796198,18/3/2023,Activo,
5468,POS,Madrid,diego86@gmail.com,500763,3/9/2025,Activo,559393
5469,SGA,Madrid,ana50@hotmail.com,107032,20/4/2024,Activo,889868
1296,ERP,Málaga,sofia13@hotmail.com,510997,16/9/2023,Activo,
5471,CRM,Valencia,elena82@hotmail.com,112949,19/1/2021,Activo,259041
5472,ERP,Zaragoza,,779511,17/2/2020,Act.,525584
5473,ERP,Sevilla,ana67@gmail.com,254355,6/7/2025,Act.,464086
5474,CRM,Madrid,lucia38@yahoo.com,856273,26/9/2023,Activo,515831
5475,SGA,Sevilla,ana96@outlook.com,216034,16/2/2030,Activo,882458
5476,CRM,Málaga,lucia20@outlook.com,958548,6/3/2025,Activo,997456
5477,POS,Zaragoza,pedro77@hotmail.com,127335,4/10/2022,Activo,239202
5478,POS,Málaga,carlos12@yahoo.com,970522,14/3/2024,Activo,355296
5479,POS,Barcelona,diego33@gmail.com,501630,28/5/2023,Activo,493967
5480,CRM,Sevilla,maria72@outlook.com,958870,22/3/2021,Activo,297140
5481,POS,Sevilla,sofia27@yahoo.com,227172,17/5/2027,Activo,948701
5482,ERP,Zaragoza,,637429,28/3/2025,Act.,
5483,ERP,Málaga,elena79@yahoo.com,120937,5/1/2028,Activo,442073
5484,POS,Málaga,ana97@yahoo.com,127671,6/1/2020,Activo,477054
5485,POS,Zaragoza,diego58@yahoo.com,926222,18/3/2025,Activo,
5486,POS,Málaga,juan60@yahoo.com,979165,4/3/2024,Act.,120573
5487,POS,Madrid,ana14@yahoo.com,98177777,13/11/2025,Activo,381261
5488,CRM,Sevilla,lucia85@yahoo.com,718206,15/9/2021,Activo,
1004,CRM,Madrid,carlos78@outlook.com,699545,4/8/2025,Activo,939654
5490,ERP,Zaragoza,,98177777,9/1/2021,Activo,959182
5491,SGA,Barcelona,diego22@gmail.com,785433,16/6/2023,Act.,780991
5492,ERP,Málaga,lucia92@yahoo.com,151368,14/11/2022,Activo,622209
5493,CRM,Madrid,sofia38@hotmail.com,242537,17/2/2025,Activo,956921
5494,ERP,Málaga,maria87@gmail.com,525948,4/12/2023,Activo,309809
5495,ERP,Sevilla,,652999,16/10/2020,Activo,401473
5496,CRM,Málaga,pedro84@outlook.com,,18/5/2020,Actvo,891328
5497,SGA,Zaragoza,diego28@yahoo.com,941237,20/3/2029,Act.,
5498,CRM,Málaga,diego96@outlook.com,823847,20/12/2021,Activo,
5499,ERP,Valencia,maria75@outlook.com,587524,26/9/2024,Activo,
5500,CRM,Barcelona,sofia49@gmail.com,992482,9/1/2023,Actvo,666139
5501,SGA,Málaga,sofia89@yahoo.com,152169,18/5/2022,Activo,401147
5502,SGA,Málaga,carlos54@yahoo.com,98177777,21/10/2025,Activo,352546
5503,CRM,Zaragoza,lucia20@hotmail.com,586692,9/1/2020,Activo,891933
2353,CRM,Málaga,elena69@gmail.com,504432,2/8/2021,Activo,690941
5505,CRM,Zaragoza,diego47@hotmail.com,205441,18/8/2024,Activo,128647
5506,POS,Madrid,lucia66@gmail.com,452165,20/8/2022,Activo,390091
5507,ERP,Zaragoza,maria88@outlook.com,787905,16/12/2022,Activo,336081
5508,ERP,Sevilla,ana35@gmail.com,729038,2/3/2022,Activo,428393
1803,SGA,Barcelona,javier67@hotmail.com,420768,20/4/2020,Activo,849279
5510,ERP,Málaga,diego64@outlook.com,614700,22/3/2021,Activo,843356
5511,POS,Zaragoza,,766621,16/3/2022,Act.,830136
5512,SGA,Barcelona,elena92@hotmail.com,723510,22/10/2022,Act.,759256
5513,CRM,Barcelona,,829142,21/1/2020,Actvo,140004
5514,CRM,Madrid,,819162,15/10/2021,Activo,692689
5515,SGA,Valencia,luis21@outlook.com,721640,11/5/2023,Activo,816430
5516,SGA,Barcelona,juan62@gmail.com,256548,15/3/2023,Act.,491080
5517,SGA,Zaragoza,sofia17@yahoo.com,98177777,15/11/2021,Activo,105572
5518,POS,Valencia,maria96@gmail.com,985313,19/1/2022,Activo,590186
5519,CRM,Madrid,javier80@hotmail.com,314593,3/7/2020,Activo,153413
5520,POS,Sevilla,,351824,13/7/2023,Activo,430176
5521,CRM,Sevilla,elena90@hotmail.com,864760,20/5/2027,Activo,961337
5522,SGA,Sevilla,lucia27@yahoo.com,874402,15/4/2021,Activo,375570
5523,POS,Barcelona,elena25@outlook.com,935799,6/10/2020,Activo,232632
5524,ERP,Valencia,maria27@hotmail.com,656423,16/7/2020,Act.,655501
5525,CRM,Madrid,luis46@outlook.com,739433,7/7/2025,Act.,267568
5526,SGA,Valencia,elena20@gmail.com,147064,22/6/2020,Activo,546119
2214,SGA,Málaga,pedro87@outlook.com,98177777,22/12/2020,Activo,219099
5528,POS,Barcelona,juan13@yahoo.com,545032,20/6/2020,Activo,104595
5529,ERP,Zaragoza,ana41@yahoo.com,378589,22/6/2022,Activo,905245
5530,ERP,Madrid,marta99@gmail.com,857574,18/5/2025,Activo,
5531,CRM,Valencia,carlos65@outlook.com,770000,9/10/2021,Activo,933696
5532,CRM,Valencia,javier74@hotmail.com,480744,18/4/2025,Activo,
2764,CRM,Sevilla,lucia26@hotmail.com,677761,13/1/2021,Activo,753455
5534,POS,Valencia,luis43@gmail.com,218495,27/10/2022,Activo,443694
5535,SGA,Valencia,luis35@hotmail.com,620762,3/2/2022,Activo,444355
5536,POS,Barcelona,sofia19@outlook.com,571098,17/11/2023,Activo,319939
5537,SGA,Madrid,luis27@gmail.com,395858,20/4/2025,Activo,632616
2886,SGA,Málaga,carlos95@gmail.com,736708,2/6/2023,Activo,668264
5539,SGA,Málaga,ana30@hotmail.com,744055,2/8/2029,Activo,608260
5540,ERP,Zaragoza,pedro65@hotmail.com,799051,8/6/2020,Activo,501404
5541,POS,Sevilla,lucia57@gmail.com,449272,16/6/2020,Activo,272606
5542,POS,Barcelona,elena33@outlook.com,421802,15/3/2020,Activo,922143
5543,POS,Valencia,ana38@yahoo.com,346621,2/9/2022,Activo,
5544,ERP,Málaga,ana96@hotmail.com,733770,11/7/2025,Activo,430022
5545,ERP,Zaragoza,diego88@hotmail.com,592490,3/5/2024,Activo,113786
5546,SGA,Madrid,carlos77@hotmail.com,286063,13/2/2023,Act.,246837
5547,ERP,Sevilla,sofia64@yahoo.com,910571,11/1/2025,Activo,478251
5548,CRM,Zaragoza,sofia46@outlook.com,,20/10/2022,Activo,
5549,CRM,Sevilla,juan49@hotmail.com,,17/6/2023,Activo,158810
5550,CRM,Madrid,ana10@hotmail.com,830887,19/10/2024,Activo,
5551,POS,Valencia,sofia63@outlook.com,366519,17/2/2023,Activo,365176
5552,CRM,Madrid,ana24@yahoo.com,706003,17/11/2030,Actvo,196333
4987,ERP,Zaragoza,juan63@yahoo.com,500056,11/2/2024,Activo,679713
5554,POS,Sevilla,diego73@yahoo.com,217373,25/9/2022,Activo,805153
5555,POS,Valencia,lucia50@gmail.com,696217,21/5/2021,Activo,912303
5556,CRM,Valencia,sofia37@outlook.com,713698,26/3/2025,Activo,854506
5557,SGA,Valencia,carlos27@gmail.com,321059,15/9/2022,Activo,318380
5558,SGA,Madrid,maria48@hotmail.com,811190,11/8/2023,Activo,752593
5559,ERP,Madrid,javier57@gmail.com,98177777,22/8/2027,Activo,226210
5560,CRM,Valencia,lucia47@hotmail.com,357232,17/11/2025,Activo,765953
5561,ERP,Málaga,marta99@gmail.com,601628,11/9/2025,Activo,637795
5562,SGA,Barcelona,ana73@hotmail.com,141529,7/5/2022,Activo,
5563,SGA,Sevilla,pedro57@gmail.com,512420,28/7/2025,Activo,961633
5564,CRM,Valencia,carlos99@gmail.com,640645,8/3/2025,Activo,233353
5565,SGA,Madrid,lucia39@yahoo.com,858852,12/5/2020,Activo,
5566,SGA,Madrid,elena81@yahoo.com,492074,24/6/2021,Activo,964881
5567,SGA,Sevilla,lucia66@yahoo.com,445426,16/8/2020,Activo,
5568,CRM,Sevilla,sofia99@outlook.com,286579,21/6/2023,Activo,143740
5569,CRM,Barcelona,marta60@hotmail.com,280003,6/7/2024,Act.,870678
5570,SGA,Madrid,marta66@gmail.com,98177777,19/9/2020,Activo,171036
5571,SGA,Zaragoza,diego90@yahoo.com,390209,27/6/2024,Activo,708674
5572,POS,Zaragoza,luis64@yahoo.com,614808,5/1/2029,Activo,978558
5573,CRM,Barcelona,,628671,9/7/2020,Act.,941186
5574,ERP,Sevilla,,295346,14/12/2022,Activo,595789
5575,ERP,Madrid,pedro13@gmail.com,522818,23/7/2030,Act.,755325
5576,SGA,Sevilla,marta96@outlook.com,796729,21/5/2021,Activo,911914
5577,SGA,Madrid,carlos26@hotmail.com,404488,28/3/2022,Act.,699518
5578,POS,Barcelona,luis36@yahoo.com,228157,11/12/2021,Act.,712279
5579,POS,Málaga,lucia64@hotmail.com,698302,17/9/2021,Activo,337110
5580,CRM,Valencia,diego12@yahoo.com,939535,8/11/2024,Activo,978040
5581,ERP,Barcelona,marta79@hotmail.com,707135,8/11/2022,Activo,144084
5582,POS,Sevilla,marta91@gmail.com,561893,17/6/2025,Activo,258181
5583,ERP,Sevilla,diego11@outlook.com,635490,6/9/2025,Activo,286822
5584,POS,Valencia,carlos87@outlook.com,108467,6/12/2030,Activo,732008
5585,SGA,Valencia,sofia27@gmail.com,695232,14/7/2022,Act.,
5586,POS,Valencia,ana63@outlook.com,818966,16/10/2025,Activo,484793
5587,POS,Sevilla,juan24@yahoo.com,984990,25/2/2027,Act.,531455
5588,CRM,Barcelona,sofia57@gmail.com,977131,1/3/2020,Actvo,560259
5589,SGA,Zaragoza,lucia57@gmail.com,779867,1/1/2028,Activo,
5590,SGA,Valencia,juan19@gmail.com,98177777,24/7/2020,Activo,952509
5591,CRM,Madrid,carlos60@gmail.com,605786,15/9/2030,Activo,313475
5592,ERP,Sevilla,luis98@gmail.com,618991,26/5/2024,Activo,739362
5593,SGA,Málaga,juan37@gmail.com,918911,23/10/2023,Activo,745555
5594,SGA,Sevilla,javier18@gmail.com,182709,5/8/2023,Activo,
5595,CRM,Barcelona,carlos40@gmail.com,313741,12/1/2025,Activo,661200
5596,ERP,Barcelona,diego75@outlook.com,98177777,20/5/2021,Activo,172895
5597,SGA,Valencia,,415902,12/1/2021,Act.,551153
5598,CRM,Málaga,ana34@gmail.com,771863,5/10/2021,Act.,401113
5416,SGA,Sevilla,javier37@hotmail.com,466731,12/4/2024,Activo,551599
5600,POS,Madrid,ana55@gmail.com,829460,6/8/2024,Activo,548289
5601,ERP,Valencia,sofia91@gmail.com,98177777,15/7/2020,Activo,827021
5602,POS,Málaga,diego76@outlook.com,618996,13/3/2024,Activo,789739
5603,ERP,Barcelona,elena24@hotmail.com,998680,25/4/2020,Activo,875146
5604,CRM,Madrid,elena80@outlook.com,581744,4/11/2030,Activo,826646
5605,SGA,Barcelona,,748964,22/1/2023,Act.,930679
5606,SGA,Valencia,sofia14@yahoo.com,136322,25/5/2020,Activo,541149
5607,CRM,Madrid,javier23@hotmail.com,297232,18/4/2024,Actvo,223040
5608,SGA,Barcelona,luis98@yahoo.com,835921,13/5/2023,Activo,890781
5609,POS,Sevilla,maria65@gmail.com,572600,24/6/2028,Activo,435140
5610,CRM,Sevilla,luis59@hotmail.com,537995,4/3/2021,Act.,407805
5611,POS,Málaga,luis64@gmail.com,741530,4/6/2021,Activo,344014
5612,ERP,Valencia,sofia70@hotmail.com,309156,9/10/2021,Activo,213024
1820,SGA,Madrid,sofia76@yahoo.com,526704,4/8/2025,Activo,747358
5614,POS,Barcelona,pedro62@gmail.com,966945,1/11/2022,Activo,602187
5615,SGA,Málaga,juan51@gmail.com,104995,4/5/2022,Activo,918996
5616,ERP,Barcelona,luis36@outlook.com,663197,18/12/2025,Activo,806518
5617,SGA,Sevilla,ana92@gmail.com,117377,13/9/2024,Activo,234980
5618,ERP,Málaga,diego51@hotmail.com,895887,6/4/2023,Activo,394850
5619,CRM,Valencia,luis57@yahoo.com,911609,22/4/2021,Act.,964751
5620,SGA,Madrid,lucia41@yahoo.com,774461,15/9/2021,Activo,952425
5621,CRM,Sevilla,diego61@yahoo.com,378944,26/9/2024,Actvo,643315
5622,ERP,Sevilla,marta71@outlook.com,163379,27/7/2022,Act.,895765
5623,CRM,Zaragoza,maria97@outlook.com,170735,12/6/2020,Activo,793543
5624,POS,Sevilla,carlos64@hotmail.com,98177777,3/3/2024,Activo,104264
5625,CRM,Málaga,sofia36@gmail.com,610430,22/10/2022,Activo,440153
5626,POS,Málaga,lucia10@yahoo.com,721810,22/10/2022,Act.,
5627,ERP,Barcelona,ana36@yahoo.com,752459,5/6/2022,Act.,790972
5628,ERP,Valencia,elena32@hotmail.com,391928,19/6/2020,Activo,116939
5629,SGA,Sevilla,diego85@yahoo.com,257552,3/10/2022,Activo,125428
5630,POS,Zaragoza,maria91@outlook.com,101464,19/12/2022,Activo,357067
5283,SGA,Málaga,marta17@yahoo.com,650053,26/10/2022,Activo,672805
5632,SGA,Málaga,luis57@outlook.com,629457,12/11/2024,Activo,497970
5633,ERP,Sevilla,lucia10@hotmail.com,771481,4/5/2020,Activo,417941
5634,CRM,Barcelona,juan78@hotmail.com,740989,1/3/2028,Act.,951213
5635,ERP,Madrid,marta11@hotmail.com,752687,17/9/2020,Activo,260255
5636,ERP,Madrid,lucia81@yahoo.com,324529,21/8/2025,Activo,874081
5637,CRM,Madrid,elena70@hotmail.com,899707,21/7/2029,Activo,429754
5638,POS,Barcelona,maria25@outlook.com,758145,5/2/2020,Activo,630830
5639,POS,Barcelona,pedro98@hotmail.com,487670,26/1/2030,Activo,547344
5640,CRM,Valencia,diego35@gmail.com,436550,18/8/2022,Act.,627921
5641,CRM,Zaragoza,juan11@hotmail.com,421583,5/2/2027,Act.,
5642,SGA,Madrid,pedro19@gmail.com,764965,17/5/2022,Activo,609116
5643,CRM,Málaga,marta45@yahoo.com,,10/3/2022,Activo,160695
5644,CRM,Barcelona,javier47@hotmail.com,,23/7/2024,Activo,912257
5645,SGA,Madrid,javier16@outlook.com,139409,13/3/2024,Activo,254385
5646,POS,Málaga,elena98@hotmail.com,414119,2/12/2022,Activo,995950
3578,CRM,Valencia,maria89@hotmail.com,514839,10/2/2020,Actvo,
5648,CRM,Sevilla,javier84@hotmail.com,,12/7/2024,Activo,197903
5649,SGA,Zaragoza,ana88@hotmail.com,98177777,24/3/2025,Activo,709001
5650,CRM,Málaga,diego61@hotmail.com,532051,28/11/2024,Activo,408915
5651,SGA,Madrid,juan87@hotmail.com,820493,27/1/2020,Activo,152822
5652,ERP,Sevilla,lucia34@outlook.com,296478,27/7/2024,Activo,589383
5653,SGA,Sevilla,juan12@outlook.com,450563,21/8/2021,Activo,649074
5654,ERP,Valencia,carlos27@hotmail.com,397619,11/9/2025,Activo,515418
5655,ERP,Valencia,ana35@hotmail.com,270568,7/9/2024,Activo,103335
5656,SGA,Sevilla,marta33@yahoo.com,98177777,22/11/2020,Activo,792299
5657,SGA,Madrid,sofia19@outlook.com,229436,15/6/2020,Activo,934743
5658,SGA,Sevilla,sofia11@hotmail.com,458280,10/8/2020,Activo,534140
5659,POS,Barcelona,,931569,10/9/2020,Activo,523378
5660,CRM,Zaragoza,elena95@yahoo.com,843645,22/8/2023,Activo,818899
5661,SGA,Barcelona,maria52@hotmail.com,251085,8/3/2021,Activo,780438
5662,ERP,Málaga,sofia24@gmail.com,697285,18/3/2025,Activo,544195
5663,ERP,Zaragoza,ana14@gmail.com,614002,10/4/2021,Activo,701861
5664,SGA,Barcelona,,187409,23/7/2021,Activo,114440
5665,CRM,Barcelona,pedro63@gmail.com,358075,28/3/2023,Activo,518326
5666,CRM,Valencia,,340201,28/4/2021,Act.,628690
3017,CRM,Madrid,,501630,15/4/2025,Activo,649012
5668,ERP,Valencia,luis83@yahoo.com,940368,24/3/2021,Act.,
5669,SGA,Málaga,elena53@hotmail.com,457062,28/1/2023,Activo,609968
5670,SGA,Barcelona,lucia38@outlook.com,371778,9/7/2020,Act.,426713
5671,SGA,Málaga,luis36@outlook.com,151996,8/9/2024,Activo,271369
5672,ERP,Sevilla,maria86@yahoo.com,153096,11/12/2020,Activo,670738
5673,SGA,Barcelona,sofia61@hotmail.com,934777,18/6/2020,Activo,495766
5674,ERP,Sevilla,carlos59@yahoo.com,698401,7/10/2020,Activo,124366
5675,ERP,Málaga,marta74@hotmail.com,180731,27/2/2020,Act.,913949
5676,CRM,Madrid,diego46@yahoo.com,,9/5/2020,Actvo,
5677,SGA,Málaga,juan36@gmail.com,911378,12/1/2020,Activo,240681
5678,SGA,Málaga,elena98@yahoo.com,510185,27/10/2021,Activo,399352
5679,POS,Zaragoza,diego64@outlook.com,239944,27/5/2030,Activo,
5680,CRM,Zaragoza,luis28@outlook.com,,23/1/2024,Activo,924369
5681,ERP,Barcelona,ana43@yahoo.com,873995,16/7/2025,Activo,733868
5682,CRM,Barcelona,elena95@yahoo.com,,17/7/2024,Act.,327482
5683,POS,Zaragoza,juan14@yahoo.com,278737,22/5/2022,Activo,684696
5684,CRM,Málaga,,763861,6/8/2024,Act.,
5685,CRM,Málaga,juan21@outlook.com,454370,12/8/2025,Activo,685907
5686,POS,Barcelona,diego12@outlook.com,501572,14/5/2021,Act.,747811
5687,CRM,Barcelona,juan81@outlook.com,736876,19/3/2022,Activo,991525
5688,CRM,Madrid,pedro73@gmail.com,365387,1/2/2021,Act.,860666
5689,POS,Barcelona,javier35@gmail.com,190066,26/6/2023,Activo,656487
5690,POS,Sevilla,marta35@yahoo.com,452086,27/8/2022,Activo,677744
5691,ERP,Madrid,diego93@yahoo.com,301059,5/3/2021,Activo,959754
5692,POS,Valencia,marta35@gmail.com,306631,3/7/2024,Activo,384925
5693,SGA,Barcelona,juan17@gmail.com,477127,12/3/2020,Act.,659922
5694,SGA,Barcelona,luis86@yahoo.com,112932,9/10/2020,Activo,367363
5695,SGA,Sevilla,,457086,23/5/2020,Activo,934578
5696,ERP,Madrid,maria10@outlook.com,726295,24/12/2022,Activo,495466
5697,CRM,Zaragoza,luis15@yahoo.com,170608,15/8/2021,Activo,580110
5698,POS,Barcelona,lucia52@outlook.com,552035,4/3/2022,Activo,765218
5699,ERP,Madrid,,435014,19/4/2025,Activo,162788
5700,CRM,Madrid,sofia33@gmail.com,560581,7/7/2021,Activo,327070
5701,POS,Sevilla,lucia16@outlook.com,203708,3/8/2022,Activo,
5702,CRM,Sevilla,javier66@hotmail.com,862343,7/4/2021,Activo,821150
5703,POS,Zaragoza,lucia63@hotmail.com,278714,21/5/2023,Activo,
5704,SGA,Valencia,javier13@gmail.com,838082,21/7/2025,Activo,884014
5705,POS,Málaga,pedro96@hotmail.com,873560,14/6/2022,Act.,412102
5706,POS,Málaga,ana83@outlook.com,721437,17/3/2023,Activo,
5707,ERP,Barcelona,marta42@hotmail.com,189804,12/5/2025,Act.,735269
5708,ERP,Barcelona,ana38@gmail.com,221784,26/7/2024,Activo,599683
5709,ERP,Valencia,maria14@outlook.com,207630,19/2/2025,Act.,418444
5710,SGA,Sevilla,lucia96@yahoo.com,267806,18/10/2025,Activo,125476
5711,SGA,Sevilla,,737119,1/11/2023,Activo,860006
5712,POS,Madrid,elena35@hotmail.com,218387,25/9/2024,Activo,982758
5713,ERP,Zaragoza,carlos27@gmail.com,398051,4/5/2025,Activo,566754
5714,SGA,Sevilla,maria49@yahoo.com,98177777,23/11/2021,Act.,773621
5715,SGA,Málaga,sofia39@hotmail.com,98177777,19/9/2021,Activo,840335
5716,POS,Madrid,marta55@gmail.com,479392,14/9/2020,Activo,352927
5717,POS,Valencia,maria61@hotmail.com,516045,20/1/2020,Activo,232878
5718,CRM,Madrid,marta22@hotmail.com,709307,11/7/2025,Act.,651429
5719,CRM,Valencia,pedro94@yahoo.com,226874,12/6/2020,Activo,124247
5720,POS,Valencia,lucia65@outlook.com,276589,2/8/2024,Activo,184196
4873,CRM,Valencia,,261308,21/9/2024,Act.,435579
5722,SGA,Valencia,diego91@yahoo.com,98177777,13/10/2020,Activo,767527
5723,POS,Málaga,diego32@yahoo.com,270173,3/6/2024,Activo,
5724,POS,Sevilla,diego65@hotmail.com,132011,1/2/2025,Activo,560963
5725,ERP,Barcelona,marta75@gmail.com,416639,17/8/2024,Activo,181607
5726,SGA,Valencia,marta34@hotmail.com,259537,15/1/2025,Act.,275204
5727,SGA,Madrid,maria60@outlook.com,98177777,6/7/2025,Activo,225243
5728,ERP,Barcelona,luis92@gmail.com,778011,4/6/2021,Activo,801135
5729,CRM,Madrid,sofia84@yahoo.com,422147,21/5/2023,Activo,244205
2576,POS,Madrid,sofia78@gmail.com,627639,2/6/2020,Activo,723064
5731,CRM,Madrid,ana89@hotmail.com,645859,25/2/2023,Activo,857708
5732,SGA,Málaga,pedro65@outlook.com,481668,14/10/2029,Activo,305933
5733,CRM,Málaga,elena58@outlook.com,670172,8/6/2023,Actvo,620912
5734,SGA,Valencia,,98177777,18/3/2020,Activo,266775
5735,POS,Barcelona,luis57@gmail.com,585858,20/5/2020,Activo,857503
5736,POS,Valencia,maria47@gmail.com,938116,19/12/2028,Activo,468948
5737,POS,Sevilla,maria59@outlook.com,359305,22/4/2025,Activo,746615
5738,ERP,Valencia,sofia34@gmail.com,579264,4/1/2025,Activo,555816
5739,ERP,Zaragoza,pedro85@outlook.com,442830,16/4/2023,Activo,653519
5740,ERP,Madrid,ana21@hotmail.com,206725,12/10/2020,Activo,114715
5741,POS,Sevilla,maria49@hotmail.com,427335,6/4/2021,Activo,561930
5742,POS,Barcelona,,827553,28/5/2024,Activo,849713
5871,CRM,Valencia,ana15@gmail.com,229765,25/11/2023,Activo,365359
5744,SGA,Sevilla,pedro43@outlook.com,428576,23/5/2021,Activo,901084
5745,ERP,Valencia,javier33@hotmail.com,256797,3/8/2020,Act.,
5746,POS,Valencia,elena54@hotmail.com,686936,24/1/2022,Activo,408598
5747,POS,Valencia,javier39@gmail.com,199722,27/7/2020,Activo,504954
5748,SGA,Madrid,sofia35@gmail.com,98177777,26/2/2023,Activo,729039
5749,ERP,Madrid,marta29@outlook.com,98177777,25/12/2020,Activo,609376
5750,ERP,Málaga,maria92@hotmail.com,244068,21/2/2023,Activo,431991
5751,CRM,Madrid,juan73@outlook.com,476757,18/4/2025,Activo,459603
4467,POS,Málaga,juan61@outlook.com,659541,11/5/2022,Activo,431450
5753,CRM,Zaragoza,pedro30@yahoo.com,347277,20/4/2020,Activo,796242
5754,POS,Barcelona,diego87@yahoo.com,669528,8/2/2022,Activo,256960
5755,SGA,Valencia,javier81@gmail.com,850010,15/1/2024,Activo,689526
5756,CRM,Valencia,juan11@hotmail.com,862593,19/8/2020,Actvo,521423
3175,POS,Málaga,juan27@outlook.com,861819,8/6/2020,Activo,739770
5758,ERP,Valencia,diego93@hotmail.com,364029,11/5/2023,Activo,736592
5759,SGA,Málaga,marta83@hotmail.com,512159,28/7/2023,Activo,
5760,POS,Zaragoza,elena91@outlook.com,185640,4/11/2025,Activo,241841
5761,CRM,Zaragoza,marta51@hotmail.com,918265,13/12/2024,Activo,540426
5762,CRM,Zaragoza,marta21@outlook.com,246210,9/4/2025,Activo,384487
5763,POS,Valencia,javier86@outlook.com,975595,4/4/2022,Activo,
5764,SGA,Barcelona,javier73@outlook.com,365434,8/10/2025,Activo,203696
5765,POS,Málaga,,662976,1/8/2020,Act.,911090
5766,CRM,Valencia,elena36@outlook.com,938694,27/8/2022,Activo,338723
5767,CRM,Barcelona,carlos57@yahoo.com,,24/6/2024,Actvo,559583
5768,ERP,Zaragoza,marta18@outlook.com,503560,9/6/2020,Activo,344720
5769,ERP,Sevilla,diego80@hotmail.com,98177777,6/3/2025,Activo,803510
5770,CRM,Madrid,luis35@outlook.com,749151,16/7/2021,Activo,329251
5771,ERP,Madrid,carlos81@yahoo.com,307516,4/9/2023,Activo,746078
5772,ERP,Barcelona,ana93@hotmail.com,765301,25/7/2021,Activo,312744
5773,POS,Málaga,diego73@yahoo.com,792770,11/3/2021,Activo,798780
5774,SGA,Málaga,diego48@outlook.com,661263,25/12/2022,Activo,650226
5775,POS,Zaragoza,juan94@hotmail.com,840377,9/5/2020,Activo,262671
5776,POS,Madrid,luis70@gmail.com,547329,23/10/2030,Act.,365168
5777,ERP,Madrid,sofia47@yahoo.com,592585,16/5/2020,Activo,625329
5778,ERP,Zaragoza,javier62@yahoo.com,665267,24/1/2024,Activo,295785
5779,SGA,Málaga,javier42@outlook.com,623456,7/1/2025,Activo,551652
5780,SGA,Barcelona,marta65@outlook.com,240607,9/5/2025,Activo,163329
5781,SGA,Barcelona,juan55@gmail.com,98177777,16/2/2029,Activo,520944
5782,POS,Málaga,carlos50@gmail.com,454462,6/6/2025,Activo,381736
5783,SGA,Sevilla,marta14@yahoo.com,406302,12/5/2021,Activo,154322
5784,CRM,Madrid,diego69@yahoo.com,154273,15/4/2025,Activo,427319
5785,CRM,Madrid,juan16@hotmail.com,,9/10/2021,Activo,783486
5786,POS,Zaragoza,pedro87@yahoo.com,832910,10/9/2024,Activo,840329
5787,ERP,Zaragoza,marta69@hotmail.com,98177777,17/11/2021,Activo,909525
5788,SGA,Valencia,marta72@yahoo.com,995980,6/3/2021,Activo,530355
5789,CRM,Valencia,sofia50@outlook.com,,11/1/2021,Actvo,343075
5790,SGA,Málaga,ana95@gmail.com,953934,15/8/2023,Activo,104264
5791,CRM,Sevilla,juan18@hotmail.com,727411,21/10/2028,Actvo,132982
5792,CRM,Barcelona,luis54@gmail.com,616996,17/5/2020,Activo,
5793,SGA,Zaragoza,javier26@gmail.com,251666,8/8/2022,Activo,
5794,CRM,Málaga,ana12@yahoo.com,584391,17/8/2025,Act.,532632
5795,SGA,Barcelona,maria49@yahoo.com,244251,16/12/2021,Activo,996901
5796,CRM,Madrid,maria27@hotmail.com,291728,6/2/2025,Act.,968175
5797,ERP,Barcelona,javier97@yahoo.com,403394,22/3/2020,Activo,
5798,POS,Barcelona,elena89@outlook.com,558089,2/12/2025,Act.,179135
5799,POS,Sevilla,marta22@gmail.com,798798,5/4/2022,Activo,921232
5800,SGA,Zaragoza,javier55@gmail.com,721397,5/1/2025,Activo,
5801,POS,Málaga,pedro61@outlook.com,722359,27/9/2021,Activo,187647
5802,POS,Valencia,elena43@yahoo.com,985001,18/5/2021,Activo,
5803,POS,Zaragoza,javier58@yahoo.com,859083,12/1/2021,Activo,550562
5804,POS,Valencia,ana24@gmail.com,844045,4/6/2023,Activo,975069
5805,ERP,Valencia,elena38@yahoo.com,709149,8/9/2023,Activo,438768
5806,ERP,Sevilla,javier54@outlook.com,833286,14/10/2021,Activo,426088
5807,POS,Málaga,maria43@hotmail.com,682537,14/6/2025,Activo,360695
5808,ERP,Málaga,sofia90@gmail.com,944038,20/5/2024,Activo,
5809,ERP,Madrid,ana22@gmail.com,933655,19/8/2022,Activo,
5810,POS,Sevilla,carlos54@outlook.com,704565,28/12/2021,Activo,381821
5811,SGA,Madrid,javier38@hotmail.com,499850,23/11/2022,Activo,236622
5812,POS,Sevilla,diego27@hotmail.com,803193,26/6/2021,Activo,614761
5813,ERP,Sevilla,maria63@hotmail.com,914813,23/3/2023,Activo,896411
5814,SGA,Zaragoza,elena42@hotmail.com,675962,16/4/2022,Activo,263861
5815,ERP,Zaragoza,pedro21@outlook.com,641036,19/5/2021,Activo,104454
5816,ERP,Madrid,ana64@yahoo.com,98177777,18/4/2025,Activo,430082
5817,CRM,Barcelona,carlos22@yahoo.com,873423,18/9/2020,Actvo,848770
5818,CRM,Zaragoza,juan75@outlook.com,387516,13/7/2021,Activo,797527
5819,CRM,Valencia,luis93@hotmail.com,343530,27/5/2024,Activo,698329
5820,ERP,Málaga,juan85@gmail.com,578788,26/1/2020,Activo,579984
2805,POS,Barcelona,lucia20@hotmail.com,342205,11/5/2023,Activo,964582
5822,POS,Valencia,lucia89@outlook.com,98177777,17/3/2023,Activo,623317
5823,ERP,Madrid,diego73@gmail.com,485053,15/1/2025,Activo,307927
5824,CRM,Zaragoza,juan52@yahoo.com,174214,9/11/2020,Activo,531663
5825,ERP,Madrid,pedro96@hotmail.com,860707,22/11/2020,Activo,491660
5826,POS,Málaga,javier22@yahoo.com,706703,28/7/2022,Act.,519287
5827,POS,Barcelona,lucia45@yahoo.com,807224,16/7/2021,Activo,211136
5828,POS,Málaga,luis81@gmail.com,98177777,14/8/2025,Activo,
5829,ERP,Sevilla,ana21@outlook.com,361563,24/5/2020,Act.,757664
5830,POS,Sevilla,juan28@outlook.com,590292,15/6/2022,Activo,800275
5831,POS,Málaga,lucia61@outlook.com,462997,4/4/2022,Activo,168917
5832,POS,Zaragoza,javier28@yahoo.com,98177777,12/7/2024,Activo,953293
5833,POS,Zaragoza,lucia23@yahoo.com,996190,7/4/2024,Activo,323765
5834,SGA,Madrid,elena56@outlook.com,103456,11/7/2020,Activo,365108
5835,ERP,Barcelona,elena33@gmail.com,493170,11/12/2021,Act.,
5836,ERP,Sevilla,ana47@gmail.com,98177777,23/4/2024,Activo,135153
5837,POS,Zaragoza,javier43@yahoo.com,911940,27/5/2020,Activo,526923
5838,CRM,Sevilla,luis35@outlook.com,693853,11/10/2023,Activo,254869
5839,POS,Zaragoza,sofia57@yahoo.com,705939,24/6/2023,Activo,540954
5840,ERP,Sevilla,maria14@yahoo.com,930858,3/3/2024,Activo,369730
5841,SGA,Sevilla,sofia71@hotmail.com,307429,22/4/2022,Activo,972466
5842,POS,Zaragoza,javier23@outlook.com,578222,9/2/2023,Act.,421499
5843,SGA,Valencia,,536363,26/10/2024,Activo,534002
5844,CRM,Barcelona,sofia24@hotmail.com,534743,24/12/2024,Activo,551994
5845,CRM,Barcelona,diego53@gmail.com,174126,19/3/2021,Activo,473431
5846,POS,Madrid,lucia30@gmail.com,112042,28/10/2022,Activo,
5847,SGA,Barcelona,pedro97@gmail.com,706916,21/10/2023,Activo,301812
5848,CRM,Zaragoza,marta74@hotmail.com,740561,7/6/2025,Activo,614163
5849,POS,Barcelona,sofia29@yahoo.com,369698,6/10/2028,Act.,376177
5850,CRM,Zaragoza,luis41@hotmail.com,875786,3/12/2023,Actvo,
5851,ERP,Málaga,maria51@hotmail.com,884599,23/11/2023,Activo,115596
5852,SGA,Madrid,elena65@hotmail.com,488798,23/5/2022,Activo,492176
5853,POS,Zaragoza,juan55@yahoo.com,452999,25/8/2023,Act.,469472
5854,CRM,Sevilla,javier67@hotmail.com,956824,27/9/2021,Activo,979216
5855,CRM,Zaragoza,,298105,5/1/2024,Act.,676123
5856,ERP,Málaga,ana86@gmail.com,878563,3/2/2022,Activo,622749
5857,POS,Málaga,lucia17@outlook.com,170591,9/2/2021,Activo,728627
5858,CRM,Zaragoza,juan11@yahoo.com,200943,13/10/2025,Actvo,688188
5859,SGA,Valencia,,318281,3/9/2023,Activo,431798
5860,CRM,Valencia,diego76@yahoo.com,471601,22/1/2022,Act.,874662
5861,SGA,Barcelona,luis88@gmail.com,883977,8/12/2025,Activo,372975
5862,CRM,Valencia,marta49@outlook.com,204335,15/5/2020,Activo,805802
5863,POS,Málaga,pedro86@outlook.com,98177777,12/5/2020,Act.,438844
5864,POS,Valencia,elena60@gmail.com,423614,19/10/2025,Activo,927707
5865,POS,Zaragoza,juan44@gmail.com,805192,23/10/2022,Activo,873592
5866,SGA,Madrid,marta36@outlook.com,945872,22/2/2023,Act.,272689
5867,POS,Barcelona,marta68@outlook.com,340520,10/3/2022,Activo,152149
5868,SGA,Barcelona,maria78@yahoo.com,472749,5/3/2022,Activo,203777
5869,SGA,Madrid,diego79@gmail.com,110293,1/5/2021,Activo,387078
5870,SGA,Zaragoza,,451456,27/3/2022,Activo,121464
5871,ERP,Barcelona,luis95@yahoo.com,364040,28/9/2021,Act.,358052
5872,CRM,Valencia,maria16@outlook.com,,21/8/2027,Actvo,240403
5873,SGA,Madrid,lucia45@hotmail.com,249277,2/12/2023,Activo,619053
5874,SGA,Málaga,,373484,22/5/2020,Activo,392815
5875,CRM,Barcelona,pedro29@gmail.com,836165,18/10/2020,Activo,912161
5876,POS,Valencia,luis94@yahoo.com,626729,1/5/2024,Activo,338971
5877,ERP,Barcelona,lucia32@gmail.com,588764,6/5/2020,Act.,252546
5878,CRM,Valencia,marta35@gmail.com,141458,28/3/2022,Activo,424096
5879,SGA,Madrid,javier59@gmail.com,308375,9/11/2024,Act.,578726
5880,CRM,Málaga,javier62@yahoo.com,966185,24/11/2021,Activo,623120
5881,SGA,Barcelona,juan40@gmail.com,326995,13/4/2022,Activo,866992
4835,POS,Barcelona,marta71@yahoo.com,671466,2/9/2024,Activo,841729
5883,CRM,Zaragoza,sofia11@hotmail.com,641017,14/7/2020,Act.,
5884,ERP,Madrid,sofia49@hotmail.com,98177777,9/11/2025,Activo,595397
5885,CRM,Madrid,pedro15@gmail.com,,19/6/2023,Actvo,235768
1521,SGA,Málaga,,651894,20/1/2022,Act.,767374
5887,SGA,Valencia,carlos99@gmail.com,785602,9/11/2030,Activo,854315
4560,ERP,Málaga,elena11@hotmail.com,886554,9/3/2024,Activo,750490
5889,SGA,Zaragoza,lucia44@outlook.com,422130,6/4/2024,Activo,925331
5890,SGA,Valencia,juan93@outlook.com,877753,28/9/2024,Activo,874631
5891,SGA,Valencia,lucia68@gmail.com,885516,17/8/2024,Act.,321343
5892,CRM,Madrid,maria24@gmail.com,245781,22/2/2023,Activo,410188
5893,CRM,Málaga,javier48@outlook.com,225834,10/9/2022,Activo,
5894,ERP,Zaragoza,ana63@hotmail.com,98177777,3/3/2021,Activo,529991
5895,ERP,Valencia,diego54@outlook.com,885597,10/10/2022,Activo,930721
5896,POS,Málaga,maria86@yahoo.com,709583,20/11/2023,Activo,178094
5897,SGA,Barcelona,elena20@yahoo.com,894212,2/12/2023,Activo,
5898,ERP,Sevilla,marta97@gmail.com,956416,5/4/2023,Act.,563777
5899,SGA,Zaragoza,javier74@hotmail.com,191938,9/12/2021,Activo,405730
5900,ERP,Valencia,diego40@outlook.com,982127,13/2/2024,Activo,743415
5901,POS,Valencia,pedro61@hotmail.com,350196,26/9/2025,Activo,707062
5902,ERP,Madrid,elena79@yahoo.com,210263,11/8/2023,Activo,169235
5903,CRM,Málaga,ana56@hotmail.com,661029,6/10/2023,Activo,372287
5904,SGA,Madrid,maria35@hotmail.com,269841,24/6/2024,Activo,234927
5905,CRM,Valencia,juan31@yahoo.com,156453,16/1/2020,Activo,544251
5906,ERP,Barcelona,javier46@hotmail.com,867561,19/7/2020,Activo,465589
5907,ERP,Málaga,carlos48@hotmail.com,919430,9/7/2022,Activo,592656
5908,POS,Valencia,pedro73@hotmail.com,372017,17/4/2024,Activo,152756
5909,POS,Barcelona,lucia10@outlook.com,127626,28/11/2025,Activo,903738
5910,POS,Valencia,maria19@hotmail.com,98177777,2/2/2023,Activo,640769
5911,ERP,Madrid,maria97@outlook.com,658416,17/6/2023,Activo,101850
5912,POS,Zaragoza,javier23@outlook.com,98177777,15/8/2022,Activo,481395
5913,ERP,Málaga,luis39@gmail.com,355280,8/12/2024,Act.,700809
5914,ERP,Zaragoza,luis63@yahoo.com,412308,15/6/2024,Activo,479228
5915,SGA,Madrid,diego43@hotmail.com,490304,7/1/2023,Activo,969317
5916,CRM,Málaga,,810420,3/10/2021,Act.,373722
5917,SGA,Málaga,ana58@hotmail.com,98177777,5/7/2021,Activo,811507
5918,CRM,Málaga,elena12@yahoo.com,,26/9/2025,Act.,497310
5919,CRM,Sevilla,luis39@gmail.com,,24/7/2025,Actvo,222658
5920,ERP,Málaga,,179484,12/12/2025,Activo,908014
5921,POS,Valencia,elena97@yahoo.com,124888,26/5/2025,Activo,314512
5922,POS,Málaga,lucia98@gmail.com,569488,7/7/2023,Activo,388602
5923,POS,Málaga,sofia33@yahoo.com,98177777,24/9/2028,Activo,
5924,SGA,Zaragoza,marta86@gmail.com,543187,15/2/2024,Activo,825380
5925,POS,Zaragoza,pedro71@gmail.com,98177777,14/6/2024,Activo,
5926,ERP,Barcelona,sofia38@outlook.com,593441,1/8/2023,Activo,534534
5927,POS,Sevilla,,772692,26/2/2020,Activo,326969
5928,POS,Barcelona,juan58@yahoo.com,300865,9/7/2022,Activo,
5929,POS,Valencia,maria79@hotmail.com,167350,13/6/2021,Activo,719625
5930,SGA,Valencia,luis30@outlook.com,736047,23/7/2021,Activo,779967
5931,ERP,Barcelona,luis34@gmail.com,995521,13/4/2024,Activo,438352
5932,POS,Zaragoza,maria67@hotmail.com,98177777,22/2/2024,Activo,666101
5933,CRM,Málaga,elena52@hotmail.com,121600,5/11/2021,Activo,787679
5934,SGA,Sevilla,marta76@outlook.com,775521,7/1/2021,Activo,998506
5935,POS,Barcelona,elena46@hotmail.com,619648,4/1/2024,Activo,121548
5936,POS,Sevilla,juan50@yahoo.com,859417,24/10/2021,Activo,319436
5937,SGA,Barcelona,pedro23@hotmail.com,420272,1/5/2023,Activo,863609
5938,CRM,Málaga,carlos79@hotmail.com,145495,19/12/2023,Activo,263626
5939,CRM,Málaga,diego55@gmail.com,169566,24/1/2020,Activo,176886
5940,SGA,Sevilla,luis94@gmail.com,943883,6/4/2023,Act.,932724
5941,POS,Valencia,juan65@gmail.com,98177777,27/12/2025,Activo,
5942,SGA,Barcelona,javier97@outlook.com,102038,7/12/2023,Activo,768349
5943,SGA,Sevilla,lucia22@hotmail.com,98177777,23/12/2020,Activo,792067
5944,SGA,Madrid,maria31@hotmail.com,215893,3/3/2024,Activo,434848
5945,SGA,Sevilla,ana55@hotmail.com,345799,27/11/2024,Activo,905481
5946,CRM,Barcelona,marta63@gmail.com,450180,5/1/2021,Actvo,680518
5947,SGA,Sevilla,carlos87@hotmail.com,577327,15/1/2022,Activo,327970
5948,POS,Barcelona,luis74@gmail.com,239626,16/5/2025,Activo,766524
5949,POS,Barcelona,lucia77@gmail.com,98177777,18/6/2030,Activo,154367
5950,ERP,Barcelona,pedro99@gmail.com,253869,23/5/2020,Activo,487891
5951,ERP,Zaragoza,lucia92@gmail.com,234116,3/4/2024,Act.,565513
5952,SGA,Sevilla,diego73@outlook.com,725785,5/4/2023,Activo,
5953,ERP,Málaga,javier99@yahoo.com,543823,19/7/2024,Activo,776661
5954,SGA,Barcelona,lucia98@yahoo.com,826085,8/9/2023,Activo,769474
2726,CRM,Málaga,maria40@gmail.com,788847,18/4/2024,Activo,236467
5956,CRM,Valencia,luis52@outlook.com,,1/12/2028,Activo,327869
5957,CRM,Madrid,juan49@gmail.com,919046,8/9/2021,Activo,524321
5958,CRM,Valencia,javier30@outlook.com,,14/12/2021,Activo,367775
5959,POS,Barcelona,ana76@outlook.com,901398,23/7/2025,Activo,900046
5960,CRM,Barcelona,ana98@hotmail.com,895349,2/5/2023,Activo,311977
5961,CRM,Sevilla,lucia97@gmail.com,710328,3/10/2022,Activo,450969
5962,POS,Málaga,carlos37@yahoo.com,850061,14/2/2025,Activo,103477
5963,SGA,Zaragoza,ana53@gmail.com,990233,11/9/2020,Activo,620127
5964,ERP,Barcelona,carlos18@yahoo.com,614962,21/2/2029,Act.,155130
5965,SGA,Madrid,maria90@outlook.com,871280,22/3/2024,Activo,614943
5966,SGA,Barcelona,diego32@gmail.com,489090,6/3/2020,Activo,
5967,ERP,Madrid,pedro34@hotmail.com,328314,24/10/2024,Activo,929575
5968,CRM,Sevilla,maria99@hotmail.com,587293,19/12/2022,Activo,771915
5969,CRM,Barcelona,sofia43@outlook.com,235048,23/11/2024,Activo,733618
4467,CRM,Sevilla,lucia81@outlook.com,735931,7/11/2020,Activo,622985
5971,CRM,Málaga,maria50@hotmail.com,658923,3/1/2024,Actvo,444783
5972,ERP,Sevilla,juan87@yahoo.com,334048,20/9/2020,Activo,783427
5973,CRM,Madrid,,774468,16/3/2025,Activo,717524
5974,CRM,Málaga,elena86@hotmail.com,268544,26/3/2025,Activo,976402
5975,CRM,Zaragoza,marta53@gmail.com,,27/8/2025,Actvo,507689
5976,ERP,Barcelona,diego99@outlook.com,335745,15/9/2020,Act.,214123
5977,POS,Málaga,sofia78@hotmail.com,98177777,3/10/2022,Activo,415140
5978,ERP,Madrid,carlos14@yahoo.com,715439,9/2/2028,Act.,380710
5979,CRM,Zaragoza,elena71@yahoo.com,458175,10/5/2022,Activo,
5980,ERP,Madrid,maria63@hotmail.com,529799,8/8/2022,Activo,714705
5981,SGA,Sevilla,maria36@yahoo.com,947760,20/5/2023,Activo,335437
5982,SGA,Sevilla,elena34@hotmail.com,776541,17/6/2023,Activo,479922
5983,POS,Madrid,elena98@yahoo.com,578407,24/8/2028,Activo,853103
5984,CRM,Madrid,javier38@outlook.com,334195,19/3/2025,Act.,261073
5985,POS,Madrid,marta33@outlook.com,664711,7/2/2020,Act.,519189
5986,SGA,Málaga,pedro92@yahoo.com,818894,12/8/2024,Activo,878427
5987,POS,Madrid,carlos22@yahoo.com,,28/2/2028,Activo,205495
5988,SGA,Barcelona,juan62@yahoo.com,706851,24/10/2024,Activo,468996
5989,SGA,Barcelona,lucia65@outlook.com,916693,23/3/2021,Activo,
5990,ERP,Madrid,juan22@gmail.com,810238,10/2/2028,Activo,705331
5991,CRM,Valencia,carlos47@outlook.com,,28/5/2020,Act.,605071
5992,SGA,Barcelona,luis44@yahoo.com,933994,11/10/2021,Activo,568014
5993,CRM,Málaga,javier13@yahoo.com,607993,4/1/2021,Activo,669791
5994,POS,Zaragoza,lucia57@gmail.com,634772,14/9/2020,Activo,618133
5995,POS,Madrid,carlos66@hotmail.com,302066,18/8/2023,Activo,478658
5996,SGA,Madrid,maria25@hotmail.com,211194,26/7/2024,Activo,870257
5997,CRM,Madrid,ana63@outlook.com,665531,20/7/2023,Actvo,314726
5998,SGA,Zaragoza,,350007,14/11/2025,Act.,
5999,SGA,Málaga,carlos23@outlook.com,855281,6/10/2021,Activo,702021
6000,ERP,Valencia,lucia89@gmail.com,479266,24/1/2024,Activo,338781
